2024,11,to_in_001,9335444
2024,11,to_in_007,4491757
2024,11,to_in_008,4843687
2024,11010,to_in_001,144486
2024,11010,to_in_007,68604
2024,11010,to_in_008,75882
2024,11010530,to_in_001,8411
2024,11010530,to_in_007,3707
2024,11010530,to_in_008,4704
2024,11010540,to_in_001,2060
2024,11010540,to_in_007,981
2024,11010540,to_in_008,1079
2024,11010550,to_in_001,9057
2024,11010550,to_in_007,4287
2024,11010550,to_in_008,4770
2024,11010560,to_in_001,16392
2024,11010560,to_in_007,7587
2024,11010560,to_in_008,8805
2024,11010570,to_in_001,7446
2024,11010570,to_in_007,3421
2024,11010570,to_in_008,4025
2024,11010580,to_in_001,9194
2024,11010580,to_in_007,4237
2024,11010580,to_in_008,4957
2024,11010600,to_in_001,3659
2024,11010600,to_in_007,1755
2024,11010600,to_in_008,1904
2024,11010610,to_in_001,6892
2024,11010610,to_in_007,3793
2024,11010610,to_in_008,3099
2024,11010630,to_in_001,5820
2024,11010630,to_in_007,3094
2024,11010630,to_in_008,2726
2024,11010640,to_in_001,7892
2024,11010640,to_in_007,3633
2024,11010640,to_in_008,4259
2024,11010670,to_in_001,5356
2024,11010670,to_in_007,2767
2024,11010670,to_in_008,2589
2024,11010680,to_in_001,8687
2024,11010680,to_in_007,4394
2024,11010680,to_in_008,4293
2024,11010690,to_in_001,6230
2024,11010690,to_in_007,3073
2024,11010690,to_in_008,3157
2024,11010700,to_in_001,5903
2024,11010700,to_in_007,2793
2024,11010700,to_in_008,3110
2024,11010710,to_in_001,10564
2024,11010710,to_in_007,4922
2024,11010710,to_in_008,5642
2024,11010720,to_in_001,10521
2024,11010720,to_in_007,4807
2024,11010720,to_in_008,5714
2024,11010730,to_in_001,20402
2024,11010730,to_in_007,9353
2024,11010730,to_in_008,11049
2024,11020,to_in_001,126899
2024,11020,to_in_007,60550
2024,11020,to_in_008,66349
2024,11020520,to_in_001,2521
2024,11020520,to_in_007,1126
2024,11020520,to_in_008,1395
2024,11020540,to_in_001,4233
2024,11020540,to_in_007,2170
2024,11020540,to_in_008,2063
2024,11020550,to_in_001,2500
2024,11020550,to_in_007,1048
2024,11020550,to_in_008,1452
2024,11020570,to_in_001,5761
2024,11020570,to_in_007,2815
2024,11020570,to_in_008,2946
2024,11020580,to_in_001,6218
2024,11020580,to_in_007,3144
2024,11020580,to_in_008,3074
2024,11020590,to_in_001,6934
2024,11020590,to_in_007,3316
2024,11020590,to_in_008,3618
2024,11020600,to_in_001,3365
2024,11020600,to_in_007,1764
2024,11020600,to_in_008,1601
2024,11020650,to_in_001,10193
2024,11020650,to_in_007,4907
2024,11020650,to_in_008,5286
2024,11020670,to_in_001,13827
2024,11020670,to_in_007,6471
2024,11020670,to_in_008,7356
2024,11020680,to_in_001,11771
2024,11020680,to_in_007,5686
2024,11020680,to_in_008,6085
2024,11020690,to_in_001,9168
2024,11020690,to_in_007,4305
2024,11020690,to_in_008,4863
2024,11020700,to_in_001,13042
2024,11020700,to_in_007,6281
2024,11020700,to_in_008,6761
2024,11020710,to_in_001,15322
2024,11020710,to_in_007,7090
2024,11020710,to_in_008,8232
2024,11020720,to_in_001,12416
2024,11020720,to_in_007,5782
2024,11020720,to_in_008,6634
2024,11020730,to_in_001,9628
2024,11020730,to_in_007,4645
2024,11020730,to_in_008,4983
2024,11030,to_in_001,203401
2024,11030,to_in_007,97246
2024,11030,to_in_008,106155
2024,11030510,to_in_001,15617
2024,11030510,to_in_007,7484
2024,11030510,to_in_008,8133
2024,11030520,to_in_001,9524
2024,11030520,to_in_007,4593
2024,11030520,to_in_008,4931
2024,11030530,to_in_001,6628
2024,11030530,to_in_007,3892
2024,11030530,to_in_008,2736
2024,11030570,to_in_001,12991
2024,11030570,to_in_007,6103
2024,11030570,to_in_008,6888
2024,11030580,to_in_001,10144
2024,11030580,to_in_007,4744
2024,11030580,to_in_008,5400
2024,11030590,to_in_001,10803
2024,11030590,to_in_007,5043
2024,11030590,to_in_008,5760
2024,11030630,to_in_001,23165
2024,11030630,to_in_007,10975
2024,11030630,to_in_008,12190
2024,11030640,to_in_001,7268
2024,11030640,to_in_007,3414
2024,11030640,to_in_008,3854
2024,11030650,to_in_001,7142
2024,11030650,to_in_007,3887
2024,11030650,to_in_008,3255
2024,11030660,to_in_001,9065
2024,11030660,to_in_007,4346
2024,11030660,to_in_008,4719
2024,11030690,to_in_001,11813
2024,11030690,to_in_007,5678
2024,11030690,to_in_008,6135
2024,11030700,to_in_001,8168
2024,11030700,to_in_007,4388
2024,11030700,to_in_008,3780
2024,11030710,to_in_001,19454
2024,11030710,to_in_007,8368
2024,11030710,to_in_008,11086
2024,11030720,to_in_001,16667
2024,11030720,to_in_007,7695
2024,11030720,to_in_008,8972
2024,11030730,to_in_001,20810
2024,11030730,to_in_007,9849
2024,11030730,to_in_008,10961
2024,11030740,to_in_001,14142
2024,11030740,to_in_007,6787
2024,11030740,to_in_008,7355
2024,11040,to_in_001,274688
2024,11040,to_in_007,132827
2024,11040,to_in_008,141861
2024,11040520,to_in_001,15908
2024,11040520,to_in_007,7576
2024,11040520,to_in_008,8332
2024,11040540,to_in_001,21413
2024,11040540,to_in_007,10465
2024,11040540,to_in_008,10948
2024,11040550,to_in_001,15889
2024,11040550,to_in_007,8121
2024,11040550,to_in_008,7768
2024,11040560,to_in_001,13546
2024,11040560,to_in_007,6407
2024,11040560,to_in_008,7139
2024,11040570,to_in_001,21678
2024,11040570,to_in_007,10115
2024,11040570,to_in_008,11563
2024,11040580,to_in_001,14124
2024,11040580,to_in_007,6726
2024,11040580,to_in_008,7398
2024,11040590,to_in_001,14010
2024,11040590,to_in_007,6674
2024,11040590,to_in_008,7336
2024,11040620,to_in_001,13540
2024,11040620,to_in_007,6395
2024,11040620,to_in_008,7145
2024,11040650,to_in_001,14879
2024,11040650,to_in_007,7382
2024,11040650,to_in_008,7497
2024,11040660,to_in_001,11689
2024,11040660,to_in_007,5721
2024,11040660,to_in_008,5968
2024,11040670,to_in_001,14428
2024,11040670,to_in_007,7421
2024,11040670,to_in_008,7007
2024,11040680,to_in_001,9822
2024,11040680,to_in_007,4889
2024,11040680,to_in_008,4933
2024,11040690,to_in_001,9836
2024,11040690,to_in_007,5131
2024,11040690,to_in_008,4705
2024,11040700,to_in_001,13186
2024,11040700,to_in_007,6618
2024,11040700,to_in_008,6568
2024,11040710,to_in_001,25872
2024,11040710,to_in_007,12063
2024,11040710,to_in_008,13809
2024,11040720,to_in_001,20849
2024,11040720,to_in_007,9926
2024,11040720,to_in_008,10923
2024,11040730,to_in_001,24019
2024,11040730,to_in_007,11197
2024,11040730,to_in_008,12822
2024,11050,to_in_001,345130
2024,11050,to_in_007,164812
2024,11050,to_in_008,180318
2024,11050530,to_in_001,30729
2024,11050530,to_in_007,14038
2024,11050530,to_in_008,16691
2024,11050540,to_in_001,22599
2024,11050540,to_in_007,11033
2024,11050540,to_in_008,11566
2024,11050550,to_in_001,15233
2024,11050550,to_in_007,7204
2024,11050550,to_in_008,8029
2024,11050560,to_in_001,19891
2024,11050560,to_in_007,9322
2024,11050560,to_in_008,10569
2024,11050570,to_in_001,15239
2024,11050570,to_in_007,7472
2024,11050570,to_in_008,7767
2024,11050580,to_in_001,26662
2024,11050580,to_in_007,12955
2024,11050580,to_in_008,13707
2024,11050590,to_in_001,11157
2024,11050590,to_in_007,5175
2024,11050590,to_in_008,5982
2024,11050600,to_in_001,23261
2024,11050600,to_in_007,10973
2024,11050600,to_in_008,12288
2024,11050610,to_in_001,25148
2024,11050610,to_in_007,11871
2024,11050610,to_in_008,13277
2024,11050620,to_in_001,26596
2024,11050620,to_in_007,12515
2024,11050620,to_in_008,14081
2024,11050630,to_in_001,32953
2024,11050630,to_in_007,16037
2024,11050630,to_in_008,16916
2024,11050640,to_in_001,22258
2024,11050640,to_in_007,10783
2024,11050640,to_in_008,11475
2024,11050650,to_in_001,23116
2024,11050650,to_in_007,11144
2024,11050650,to_in_008,11972
2024,11050660,to_in_001,25997
2024,11050660,to_in_007,12438
2024,11050660,to_in_008,13559
2024,11050670,to_in_001,24291
2024,11050670,to_in_007,11852
2024,11050670,to_in_008,12439
2024,11060,to_in_001,355789
2024,11060,to_in_007,171604
2024,11060,to_in_008,184185
2024,11060710,to_in_001,15301
2024,11060710,to_in_007,6905
2024,11060710,to_in_008,8396
2024,11060720,to_in_001,15975
2024,11060720,to_in_007,7168
2024,11060720,to_in_008,8807
2024,11060730,to_in_001,24906
2024,11060730,to_in_007,12188
2024,11060730,to_in_008,12718
2024,11060800,to_in_001,18449
2024,11060800,to_in_007,8988
2024,11060800,to_in_008,9461
2024,11060810,to_in_001,39593
2024,11060810,to_in_007,19291
2024,11060810,to_in_008,20302
2024,11060820,to_in_001,24670
2024,11060820,to_in_007,12217
2024,11060820,to_in_008,12453
2024,11060830,to_in_001,33395
2024,11060830,to_in_007,16567
2024,11060830,to_in_008,16828
2024,11060840,to_in_001,18348
2024,11060840,to_in_007,8691
2024,11060840,to_in_008,9657
2024,11060860,to_in_001,26616
2024,11060860,to_in_007,12741
2024,11060860,to_in_008,13875
2024,11060870,to_in_001,36673
2024,11060870,to_in_007,17921
2024,11060870,to_in_008,18752
2024,11060880,to_in_001,32421
2024,11060880,to_in_007,15866
2024,11060880,to_in_008,16555
2024,11060890,to_in_001,22471
2024,11060890,to_in_007,10601
2024,11060890,to_in_008,11870
2024,11060900,to_in_001,19471
2024,11060900,to_in_007,9354
2024,11060900,to_in_008,10117
2024,11060910,to_in_001,27500
2024,11060910,to_in_007,13106
2024,11060910,to_in_008,14394
2024,11070,to_in_001,375066
2024,11070,to_in_007,182365
2024,11070,to_in_008,192701
2024,11070520,to_in_001,23014
2024,11070520,to_in_007,11364
2024,11070520,to_in_008,11650
2024,11070540,to_in_001,17740
2024,11070540,to_in_007,8749
2024,11070540,to_in_008,8991
2024,11070550,to_in_001,14121
2024,11070550,to_in_007,6935
2024,11070550,to_in_008,7186
2024,11070570,to_in_001,20716
2024,11070570,to_in_007,10220
2024,11070570,to_in_008,10496
2024,11070590,to_in_001,22292
2024,11070590,to_in_007,10789
2024,11070590,to_in_008,11503
2024,11070600,to_in_001,20800
2024,11070600,to_in_007,9704
2024,11070600,to_in_008,11096
2024,11070610,to_in_001,18033
2024,11070610,to_in_007,8875
2024,11070610,to_in_008,9158
2024,11070620,to_in_001,23604
2024,11070620,to_in_007,11919
2024,11070620,to_in_008,11685
2024,11070640,to_in_001,32385
2024,11070640,to_in_007,15462
2024,11070640,to_in_008,16923
2024,11070650,to_in_001,17857
2024,11070650,to_in_007,8672
2024,11070650,to_in_008,9185
2024,11070680,to_in_001,15558
2024,11070680,to_in_007,7656
2024,11070680,to_in_008,7902
2024,11070690,to_in_001,36290
2024,11070690,to_in_007,17452
2024,11070690,to_in_008,18838
2024,11070700,to_in_001,18831
2024,11070700,to_in_007,8859
2024,11070700,to_in_008,9972
2024,11070710,to_in_001,32567
2024,11070710,to_in_007,15841
2024,11070710,to_in_008,16726
2024,11070720,to_in_001,23798
2024,11070720,to_in_007,11602
2024,11070720,to_in_008,12196
2024,11070730,to_in_001,37460
2024,11070730,to_in_007,18266
2024,11070730,to_in_008,19194
2024,11080,to_in_001,429210
2024,11080,to_in_007,203170
2024,11080,to_in_008,226040
2024,11080580,to_in_001,13613
2024,11080580,to_in_007,6325
2024,11080580,to_in_008,7288
2024,11080590,to_in_001,22229
2024,11080590,to_in_007,10545
2024,11080590,to_in_008,11684
2024,11080600,to_in_001,20084
2024,11080600,to_in_007,9834
2024,11080600,to_in_008,10250
2024,11080610,to_in_001,16394
2024,11080610,to_in_007,7717
2024,11080610,to_in_008,8677
2024,11080620,to_in_001,17563
2024,11080620,to_in_007,8455
2024,11080620,to_in_008,9108
2024,11080630,to_in_001,21793
2024,11080630,to_in_007,10357
2024,11080630,to_in_008,11436
2024,11080640,to_in_001,17527
2024,11080640,to_in_007,8528
2024,11080640,to_in_008,8999
2024,11080650,to_in_001,23845
2024,11080650,to_in_007,11149
2024,11080650,to_in_008,12696
2024,11080660,to_in_001,34165
2024,11080660,to_in_007,16111
2024,11080660,to_in_008,18054
2024,11080680,to_in_001,21093
2024,11080680,to_in_007,10084
2024,11080680,to_in_008,11009
2024,11080710,to_in_001,24650
2024,11080710,to_in_007,11821
2024,11080710,to_in_008,12829
2024,11080720,to_in_001,19388
2024,11080720,to_in_007,8884
2024,11080720,to_in_008,10504
2024,11080760,to_in_001,22559
2024,11080760,to_in_007,10900
2024,11080760,to_in_008,11659
2024,11080770,to_in_001,12859
2024,11080770,to_in_007,6278
2024,11080770,to_in_008,6581
2024,11080780,to_in_001,14941
2024,11080780,to_in_007,7285
2024,11080780,to_in_008,7656
2024,11080810,to_in_001,15490
2024,11080810,to_in_007,7207
2024,11080810,to_in_008,8283
2024,11080820,to_in_001,22259
2024,11080820,to_in_007,10385
2024,11080820,to_in_008,11874
2024,11080830,to_in_001,16076
2024,11080830,to_in_007,6164
2024,11080830,to_in_008,9912
2024,11080840,to_in_001,39031
2024,11080840,to_in_007,18727
2024,11080840,to_in_008,20304
2024,11080850,to_in_001,33651
2024,11080850,to_in_007,16414
2024,11080850,to_in_008,17237
2024,11090,to_in_001,280470
2024,11090,to_in_007,133834
2024,11090,to_in_008,146636
2024,11090600,to_in_001,16738
2024,11090600,to_in_007,8086
2024,11090600,to_in_008,8652
2024,11090610,to_in_001,14236
2024,11090610,to_in_007,6806
2024,11090610,to_in_008,7430
2024,11090620,to_in_001,15603
2024,11090620,to_in_007,7201
2024,11090620,to_in_008,8402
2024,11090630,to_in_001,19469
2024,11090630,to_in_007,9328
2024,11090630,to_in_008,10141
2024,11090640,to_in_001,19588
2024,11090640,to_in_007,9246
2024,11090640,to_in_008,10342
2024,11090650,to_in_001,23123
2024,11090650,to_in_007,11051
2024,11090650,to_in_008,12072
2024,11090690,to_in_001,22914
2024,11090690,to_in_007,11250
2024,11090690,to_in_008,11664
2024,11090700,to_in_001,20856
2024,11090700,to_in_007,9735
2024,11090700,to_in_008,11121
2024,11090710,to_in_001,27809
2024,11090710,to_in_007,13174
2024,11090710,to_in_008,14635
2024,11090720,to_in_001,23664
2024,11090720,to_in_007,11584
2024,11090720,to_in_008,12080
2024,11090730,to_in_001,29193
2024,11090730,to_in_007,13977
2024,11090730,to_in_008,15216
2024,11090740,to_in_001,19342
2024,11090740,to_in_007,9079
2024,11090740,to_in_008,10263
2024,11090750,to_in_001,27935
2024,11090750,to_in_007,13317
2024,11090750,to_in_008,14618
2024,11100,to_in_001,296997
2024,11100,to_in_007,142662
2024,11100,to_in_008,154335
2024,11100510,to_in_001,21320
2024,11100510,to_in_007,9666
2024,11100510,to_in_008,11654
2024,11100520,to_in_001,17334
2024,11100520,to_in_007,8210
2024,11100520,to_in_008,9124
2024,11100530,to_in_001,15975
2024,11100530,to_in_007,7511
2024,11100530,to_in_008,8464
2024,11100540,to_in_001,17293
2024,11100540,to_in_007,8103
2024,11100540,to_in_008,9190
2024,11100550,to_in_001,26645
2024,11100550,to_in_007,13101
2024,11100550,to_in_008,13544
2024,11100560,to_in_001,17676
2024,11100560,to_in_007,8847
2024,11100560,to_in_008,8829
2024,11100570,to_in_001,25060
2024,11100570,to_in_007,12113
2024,11100570,to_in_008,12947
2024,11100590,to_in_001,22874
2024,11100590,to_in_007,10879
2024,11100590,to_in_008,11995
2024,11100600,to_in_001,27370
2024,11100600,to_in_007,13137
2024,11100600,to_in_008,14233
2024,11100610,to_in_001,12671
2024,11100610,to_in_007,6238
2024,11100610,to_in_008,6433
2024,11100620,to_in_001,25336
2024,11100620,to_in_007,12110
2024,11100620,to_in_008,13226
2024,11100630,to_in_001,22946
2024,11100630,to_in_007,10880
2024,11100630,to_in_008,12066
2024,11100640,to_in_001,19190
2024,11100640,to_in_007,9521
2024,11100640,to_in_008,9669
2024,11100650,to_in_001,25307
2024,11100650,to_in_007,12346
2024,11100650,to_in_008,12961
2024,11110,to_in_001,486446
2024,11110,to_in_007,233042
2024,11110,to_in_008,253404
2024,11110510,to_in_001,21927
2024,11110510,to_in_007,11356
2024,11110510,to_in_008,10571
2024,11110520,to_in_001,24780
2024,11110520,to_in_007,11860
2024,11110520,to_in_008,12920
2024,11110530,to_in_001,27457
2024,11110530,to_in_007,13095
2024,11110530,to_in_008,14362
2024,11110560,to_in_001,43502
2024,11110560,to_in_007,20980
2024,11110560,to_in_008,22522
2024,11110580,to_in_001,26463
2024,11110580,to_in_007,12713
2024,11110580,to_in_008,13750
2024,11110590,to_in_001,20194
2024,11110590,to_in_007,9589
2024,11110590,to_in_008,10605
2024,11110600,to_in_001,21782
2024,11110600,to_in_007,10580
2024,11110600,to_in_008,11202
2024,11110610,to_in_001,25356
2024,11110610,to_in_007,12372
2024,11110610,to_in_008,12984
2024,11110640,to_in_001,18529
2024,11110640,to_in_007,8979
2024,11110640,to_in_008,9550
2024,11110650,to_in_001,35496
2024,11110650,to_in_007,17033
2024,11110650,to_in_008,18463
2024,11110660,to_in_001,18745
2024,11110660,to_in_007,9171
2024,11110660,to_in_008,9574
2024,11110690,to_in_001,22176
2024,11110690,to_in_007,10702
2024,11110690,to_in_008,11474
2024,11110720,to_in_001,21003
2024,11110720,to_in_007,9960
2024,11110720,to_in_008,11043
2024,11110730,to_in_001,18676
2024,11110730,to_in_007,8753
2024,11110730,to_in_008,9923
2024,11110740,to_in_001,17260
2024,11110740,to_in_007,7933
2024,11110740,to_in_008,9327
2024,11110760,to_in_001,26330
2024,11110760,to_in_007,13022
2024,11110760,to_in_008,13308
2024,11110770,to_in_001,30071
2024,11110770,to_in_007,13830
2024,11110770,to_in_008,16241
2024,11110780,to_in_001,30916
2024,11110780,to_in_007,14005
2024,11110780,to_in_008,16911
2024,11110790,to_in_001,35783
2024,11110790,to_in_007,17109
2024,11110790,to_in_008,18674
2024,11120,to_in_001,448142
2024,11120,to_in_007,211821
2024,11120,to_in_008,236321
2024,11120510,to_in_001,34843
2024,11120510,to_in_007,16186
2024,11120510,to_in_008,18657
2024,11120520,to_in_001,35839
2024,11120520,to_in_007,16808
2024,11120520,to_in_008,19031
2024,11120550,to_in_001,13887
2024,11120550,to_in_007,6646
2024,11120550,to_in_008,7241
2024,11120560,to_in_001,26433
2024,11120560,to_in_007,12396
2024,11120560,to_in_008,14037
2024,11120570,to_in_001,30351
2024,11120570,to_in_007,14678
2024,11120570,to_in_008,15673
2024,11120580,to_in_001,26741
2024,11120580,to_in_007,12267
2024,11120580,to_in_008,14474
2024,11120590,to_in_001,31628
2024,11120590,to_in_007,14679
2024,11120590,to_in_008,16949
2024,11120600,to_in_001,26291
2024,11120600,to_in_007,12704
2024,11120600,to_in_008,13587
2024,11120650,to_in_001,25320
2024,11120650,to_in_007,12074
2024,11120650,to_in_008,13246
2024,11120660,to_in_001,18150
2024,11120660,to_in_007,8939
2024,11120660,to_in_008,9211
2024,11120670,to_in_001,15823
2024,11120670,to_in_007,7735
2024,11120670,to_in_008,8088
2024,11120680,to_in_001,20561
2024,11120680,to_in_007,9906
2024,11120680,to_in_008,10655
2024,11120710,to_in_001,51809
2024,11120710,to_in_007,24002
2024,11120710,to_in_008,27807
2024,11120720,to_in_001,25652
2024,11120720,to_in_007,12244
2024,11120720,to_in_008,13408
2024,11120730,to_in_001,22827
2024,11120730,to_in_007,10919
2024,11120730,to_in_008,11908
2024,11120740,to_in_001,41987
2024,11120740,to_in_007,19638
2024,11120740,to_in_008,22349
2024,11130,to_in_001,316345
2024,11130,to_in_007,145122
2024,11130,to_in_008,171223
2024,11130520,to_in_001,16479
2024,11130520,to_in_007,7805
2024,11130520,to_in_008,8674
2024,11130620,to_in_001,23819
2024,11130620,to_in_007,11121
2024,11130620,to_in_008,12698
2024,11130640,to_in_001,17311
2024,11130640,to_in_007,8255
2024,11130640,to_in_008,9056
2024,11130650,to_in_001,12274
2024,11130650,to_in_007,5701
2024,11130650,to_in_008,6573
2024,11130660,to_in_001,21115
2024,11130660,to_in_007,10064
2024,11130660,to_in_008,11051
2024,11130680,to_in_001,28218
2024,11130680,to_in_007,13312
2024,11130680,to_in_008,14906
2024,11130690,to_in_001,16217
2024,11130690,to_in_007,7773
2024,11130690,to_in_008,8444
2024,11130700,to_in_001,30554
2024,11130700,to_in_007,14233
2024,11130700,to_in_008,16321
2024,11130710,to_in_001,16913
2024,11130710,to_in_007,8090
2024,11130710,to_in_008,8823
2024,11130720,to_in_001,29681
2024,11130720,to_in_007,14210
2024,11130720,to_in_008,15471
2024,11130730,to_in_001,19538
2024,11130730,to_in_007,9243
2024,11130730,to_in_008,10295
2024,11130740,to_in_001,15224
2024,11130740,to_in_007,7241
2024,11130740,to_in_008,7983
2024,11130750,to_in_001,33046
2024,11130750,to_in_007,11190
2024,11130750,to_in_008,21856
2024,11130760,to_in_001,35956
2024,11130760,to_in_007,16884
2024,11130760,to_in_008,19072
2024,11140,to_in_001,358927
2024,11140,to_in_007,166191
2024,11140,to_in_008,192736
2024,11140590,to_in_001,20445
2024,11140590,to_in_007,9625
2024,11140590,to_in_008,10820
2024,11140600,to_in_001,16282
2024,11140600,to_in_007,7582
2024,11140600,to_in_008,8700
2024,11140610,to_in_001,16575
2024,11140610,to_in_007,7758
2024,11140610,to_in_008,8817
2024,11140630,to_in_001,21980
2024,11140630,to_in_007,10776
2024,11140630,to_in_008,11204
2024,11140660,to_in_001,25219
2024,11140660,to_in_007,11116
2024,11140660,to_in_008,14103
2024,11140680,to_in_001,15625
2024,11140680,to_in_007,7148
2024,11140680,to_in_008,8477
2024,11140690,to_in_001,18398
2024,11140690,to_in_007,8519
2024,11140690,to_in_008,9879
2024,11140700,to_in_001,17227
2024,11140700,to_in_007,7968
2024,11140700,to_in_008,9259
2024,11140710,to_in_001,14451
2024,11140710,to_in_007,6653
2024,11140710,to_in_008,7798
2024,11140720,to_in_001,18410
2024,11140720,to_in_007,8449
2024,11140720,to_in_008,9961
2024,11140730,to_in_001,37450
2024,11140730,to_in_007,16422
2024,11140730,to_in_008,21028
2024,11140740,to_in_001,28979
2024,11140740,to_in_007,13616
2024,11140740,to_in_008,15363
2024,11140750,to_in_001,19662
2024,11140750,to_in_007,9258
2024,11140750,to_in_008,10404
2024,11140760,to_in_001,25265
2024,11140760,to_in_007,12126
2024,11140760,to_in_008,13139
2024,11140770,to_in_001,34948
2024,11140770,to_in_007,16212
2024,11140770,to_in_008,18736
2024,11140780,to_in_001,28011
2024,11140780,to_in_007,12963
2024,11140780,to_in_008,15048
2024,11150,to_in_001,417397
2024,11150,to_in_007,203140
2024,11150,to_in_008,214257
2024,11150510,to_in_001,28723
2024,11150510,to_in_007,13843
2024,11150510,to_in_008,14880
2024,11150520,to_in_001,27383
2024,11150520,to_in_007,13187
2024,11150520,to_in_008,14196
2024,11150530,to_in_001,20234
2024,11150530,to_in_007,9609
2024,11150530,to_in_008,10625
2024,11150540,to_in_001,23354
2024,11150540,to_in_007,11337
2024,11150540,to_in_008,12017
2024,11150570,to_in_001,18712
2024,11150570,to_in_007,9501
2024,11150570,to_in_008,9211
2024,11150580,to_in_001,20052
2024,11150580,to_in_007,9747
2024,11150580,to_in_008,10305
2024,11150590,to_in_001,13904
2024,11150590,to_in_007,7235
2024,11150590,to_in_008,6669
2024,11150600,to_in_001,16619
2024,11150600,to_in_007,8041
2024,11150600,to_in_008,8578
2024,11150610,to_in_001,13447
2024,11150610,to_in_007,6603
2024,11150610,to_in_008,6844
2024,11150620,to_in_001,13304
2024,11150620,to_in_007,6501
2024,11150620,to_in_008,6803
2024,11150630,to_in_001,17923
2024,11150630,to_in_007,8650
2024,11150630,to_in_008,9273
2024,11150640,to_in_001,18732
2024,11150640,to_in_007,9089
2024,11150640,to_in_008,9643
2024,11150650,to_in_001,17903
2024,11150650,to_in_007,8779
2024,11150650,to_in_008,9124
2024,11150660,to_in_001,47603
2024,11150660,to_in_007,22943
2024,11150660,to_in_008,24660
2024,11150690,to_in_001,22662
2024,11150690,to_in_007,10991
2024,11150690,to_in_008,11671
2024,11150700,to_in_001,27037
2024,11150700,to_in_007,12951
2024,11150700,to_in_008,14086
2024,11150710,to_in_001,38481
2024,11150710,to_in_007,19057
2024,11150710,to_in_008,19424
2024,11150720,to_in_001,31324
2024,11150720,to_in_007,15076
2024,11150720,to_in_008,16248
2024,11160,to_in_001,543974
2024,11160,to_in_007,259852
2024,11160,to_in_008,284122
2024,11160510,to_in_001,39882
2024,11160510,to_in_007,19079
2024,11160510,to_in_008,20803
2024,11160520,to_in_001,24398
2024,11160520,to_in_007,11222
2024,11160520,to_in_008,13176
2024,11160530,to_in_001,18447
2024,11160530,to_in_007,8975
2024,11160530,to_in_008,9472
2024,11160540,to_in_001,28207
2024,11160540,to_in_007,13156
2024,11160540,to_in_008,15051
2024,11160550,to_in_001,31710
2024,11160550,to_in_007,15305
2024,11160550,to_in_008,16405
2024,11160570,to_in_001,16621
2024,11160570,to_in_007,7973
2024,11160570,to_in_008,8648
2024,11160580,to_in_001,20111
2024,11160580,to_in_007,9556
2024,11160580,to_in_008,10555
2024,11160590,to_in_001,19023
2024,11160590,to_in_007,9258
2024,11160590,to_in_008,9765
2024,11160610,to_in_001,25130
2024,11160610,to_in_007,11968
2024,11160610,to_in_008,13162
2024,11160630,to_in_001,22536
2024,11160630,to_in_007,10798
2024,11160630,to_in_008,11738
2024,11160650,to_in_001,12976
2024,11160650,to_in_007,6084
2024,11160650,to_in_008,6892
2024,11160660,to_in_001,13443
2024,11160660,to_in_007,6195
2024,11160660,to_in_008,7248
2024,11160670,to_in_001,34297
2024,11160670,to_in_007,16092
2024,11160670,to_in_008,18205
2024,11160690,to_in_001,29283
2024,11160690,to_in_007,14848
2024,11160690,to_in_008,14435
2024,11160700,to_in_001,40389
2024,11160700,to_in_007,19696
2024,11160700,to_in_008,20693
2024,11160710,to_in_001,22267
2024,11160710,to_in_007,11000
2024,11160710,to_in_008,11267
2024,11160730,to_in_001,49602
2024,11160730,to_in_007,23918
2024,11160730,to_in_008,25684
2024,11160740,to_in_001,41951
2024,11160740,to_in_007,20041
2024,11160740,to_in_008,21910
2024,11160751,to_in_001,32744
2024,11160751,to_in_007,14669
2024,11160751,to_in_008,18075
2024,11160761,to_in_001,20957
2024,11160761,to_in_007,10019
2024,11160761,to_in_008,10938
2024,11170,to_in_001,418832
2024,11170,to_in_007,207187
2024,11170,to_in_008,211645
2024,11170510,to_in_001,34880
2024,11170510,to_in_007,16757
2024,11170510,to_in_008,18123
2024,11170520,to_in_001,19966
2024,11170520,to_in_007,9745
2024,11170520,to_in_008,10221
2024,11170540,to_in_001,25336
2024,11170540,to_in_007,13030
2024,11170540,to_in_008,12306
2024,11170550,to_in_001,24859
2024,11170550,to_in_007,12428
2024,11170550,to_in_008,12431
2024,11170560,to_in_001,32825
2024,11170560,to_in_007,16145
2024,11170560,to_in_008,16680
2024,11170610,to_in_001,26636
2024,11170610,to_in_007,13211
2024,11170610,to_in_008,13425
2024,11170620,to_in_001,25594
2024,11170620,to_in_007,12624
2024,11170620,to_in_008,12970
2024,11170640,to_in_001,28853
2024,11170640,to_in_007,13939
2024,11170640,to_in_008,14914
2024,11170650,to_in_001,19452
2024,11170650,to_in_007,9399
2024,11170650,to_in_008,10053
2024,11170670,to_in_001,23124
2024,11170670,to_in_007,10959
2024,11170670,to_in_008,12165
2024,11170690,to_in_001,22299
2024,11170690,to_in_007,10948
2024,11170690,to_in_008,11351
2024,11170700,to_in_001,15452
2024,11170700,to_in_007,8758
2024,11170700,to_in_008,6694
2024,11170710,to_in_001,33739
2024,11170710,to_in_007,17694
2024,11170710,to_in_008,16045
2024,11170720,to_in_001,33620
2024,11170720,to_in_007,16567
2024,11170720,to_in_008,17053
2024,11170730,to_in_001,35926
2024,11170730,to_in_007,17110
2024,11170730,to_in_008,18816
2024,11170740,to_in_001,16271
2024,11170740,to_in_007,7873
2024,11170740,to_in_008,8398
2024,11180,to_in_001,243662
2024,11180,to_in_007,122912
2024,11180,to_in_008,120750
2024,11180510,to_in_001,28504
2024,11180510,to_in_007,15370
2024,11180510,to_in_008,13134
2024,11180520,to_in_001,48929
2024,11180520,to_in_007,24759
2024,11180520,to_in_008,24170
2024,11180530,to_in_001,19450
2024,11180530,to_in_007,9811
2024,11180530,to_in_008,9639
2024,11180540,to_in_001,28653
2024,11180540,to_in_007,14697
2024,11180540,to_in_008,13956
2024,11180550,to_in_001,16824
2024,11180550,to_in_007,8474
2024,11180550,to_in_008,8350
2024,11180570,to_in_001,33944
2024,11180570,to_in_007,16822
2024,11180570,to_in_008,17122
2024,11180580,to_in_001,19702
2024,11180580,to_in_007,9462
2024,11180580,to_in_008,10240
2024,11180590,to_in_001,10115
2024,11180590,to_in_007,4981
2024,11180590,to_in_008,5134
2024,11180600,to_in_001,19409
2024,11180600,to_in_007,9580
2024,11180600,to_in_008,9829
2024,11180610,to_in_001,18132
2024,11180610,to_in_007,8956
2024,11180610,to_in_008,9176
2024,11190,to_in_001,400799
2024,11190,to_in_007,197205
2024,11190,to_in_008,203594
2024,11190540,to_in_001,31351
2024,11190540,to_in_007,14819
2024,11190540,to_in_008,16532
2024,11190550,to_in_001,20797
2024,11190550,to_in_007,9937
2024,11190550,to_in_008,10860
2024,11190560,to_in_001,35761
2024,11190560,to_in_007,16669
2024,11190560,to_in_008,19092
2024,11190610,to_in_001,17872
2024,11190610,to_in_007,8534
2024,11190610,to_in_008,9338
2024,11190620,to_in_001,22418
2024,11190620,to_in_007,10778
2024,11190620,to_in_008,11640
2024,11190630,to_in_001,21045
2024,11190630,to_in_007,10671
2024,11190630,to_in_008,10374
2024,11190650,to_in_001,17174
2024,11190650,to_in_007,8515
2024,11190650,to_in_008,8659
2024,11190660,to_in_001,12706
2024,11190660,to_in_007,6282
2024,11190660,to_in_008,6424
2024,11190670,to_in_001,11163
2024,11190670,to_in_007,5515
2024,11190670,to_in_008,5648
2024,11190680,to_in_001,17901
2024,11190680,to_in_007,8761
2024,11190680,to_in_008,9140
2024,11190690,to_in_001,19540
2024,11190690,to_in_007,9636
2024,11190690,to_in_008,9904
2024,11190700,to_in_001,17637
2024,11190700,to_in_007,8935
2024,11190700,to_in_008,8702
2024,11190710,to_in_001,22492
2024,11190710,to_in_007,11690
2024,11190710,to_in_008,10802
2024,11190720,to_in_001,27125
2024,11190720,to_in_007,13774
2024,11190720,to_in_008,13351
2024,11190730,to_in_001,23031
2024,11190730,to_in_007,11778
2024,11190730,to_in_008,11253
2024,11190740,to_in_001,30996
2024,11190740,to_in_007,15506
2024,11190740,to_in_008,15490
2024,11190750,to_in_001,20595
2024,11190750,to_in_007,10328
2024,11190750,to_in_008,10267
2024,11190760,to_in_001,31195
2024,11190760,to_in_007,15077
2024,11190760,to_in_008,16118
2024,11200,to_in_001,381172
2024,11200,to_in_007,183544
2024,11200,to_in_008,197628
2024,11200520,to_in_001,8958
2024,11200520,to_in_007,4694
2024,11200520,to_in_008,4264
2024,11200530,to_in_001,45862
2024,11200530,to_in_007,22054
2024,11200530,to_in_008,23808
2024,11200540,to_in_001,26696
2024,11200540,to_in_007,12629
2024,11200540,to_in_008,14067
2024,11200550,to_in_001,23625
2024,11200550,to_in_007,11168
2024,11200550,to_in_008,12457
2024,11200560,to_in_001,28495
2024,11200560,to_in_007,13743
2024,11200560,to_in_008,14752
2024,11200630,to_in_001,22325
2024,11200630,to_in_007,10655
2024,11200630,to_in_008,11670
2024,11200650,to_in_001,22732
2024,11200650,to_in_007,11013
2024,11200650,to_in_008,11719
2024,11200660,to_in_001,13445
2024,11200660,to_in_007,6411
2024,11200660,to_in_008,7034
2024,11200670,to_in_001,13606
2024,11200670,to_in_007,6523
2024,11200670,to_in_008,7083
2024,11200680,to_in_001,35205
2024,11200680,to_in_007,16564
2024,11200680,to_in_008,18641
2024,11200690,to_in_001,25799
2024,11200690,to_in_007,12526
2024,11200690,to_in_008,13273
2024,11200700,to_in_001,21602
2024,11200700,to_in_007,10264
2024,11200700,to_in_008,11338
2024,11200710,to_in_001,33271
2024,11200710,to_in_007,15927
2024,11200710,to_in_008,17344
2024,11200720,to_in_001,32584
2024,11200720,to_in_007,16447
2024,11200720,to_in_008,16137
2024,11200730,to_in_001,26967
2024,11200730,to_in_007,12926
2024,11200730,to_in_008,14041
2024,11210,to_in_001,490493
2024,11210,to_in_007,244885
2024,11210,to_in_008,245608
2024,11210520,to_in_001,23374
2024,11210520,to_in_007,11442
2024,11210520,to_in_008,11932
2024,11210540,to_in_001,14083
2024,11210540,to_in_007,6719
2024,11210540,to_in_008,7364
2024,11210570,to_in_001,28795
2024,11210570,to_in_007,13826
2024,11210570,to_in_008,14969
2024,11210580,to_in_001,22717
2024,11210580,to_in_007,11416
2024,11210580,to_in_008,11301
2024,11210610,to_in_001,15291
2024,11210610,to_in_007,7214
2024,11210610,to_in_008,8077
2024,11210620,to_in_001,24760
2024,11210620,to_in_007,11945
2024,11210620,to_in_008,12815
2024,11210630,to_in_001,17100
2024,11210630,to_in_007,8259
2024,11210630,to_in_008,8841
2024,11210640,to_in_001,23469
2024,11210640,to_in_007,12152
2024,11210640,to_in_008,11317
2024,11210650,to_in_001,18322
2024,11210650,to_in_007,9251
2024,11210650,to_in_008,9071
2024,11210660,to_in_001,24000
2024,11210660,to_in_007,13168
2024,11210660,to_in_008,10832
2024,11210680,to_in_001,25434
2024,11210680,to_in_007,12567
2024,11210680,to_in_008,12867
2024,11210690,to_in_001,23665
2024,11210690,to_in_007,12415
2024,11210690,to_in_008,11250
2024,11210710,to_in_001,14164
2024,11210710,to_in_007,6884
2024,11210710,to_in_008,7280
2024,11210720,to_in_001,21371
2024,11210720,to_in_007,10570
2024,11210720,to_in_008,10801
2024,11210730,to_in_001,26360
2024,11210730,to_in_007,15490
2024,11210730,to_in_008,10870
2024,11210780,to_in_001,31527
2024,11210780,to_in_007,15358
2024,11210780,to_in_008,16169
2024,11210790,to_in_001,27135
2024,11210790,to_in_007,13091
2024,11210790,to_in_008,14044
2024,11210800,to_in_001,36545
2024,11210800,to_in_007,17484
2024,11210800,to_in_008,19061
2024,11210810,to_in_001,24814
2024,11210810,to_in_007,12300
2024,11210810,to_in_008,12514
2024,11210820,to_in_001,18822
2024,11210820,to_in_007,9294
2024,11210820,to_in_008,9528
2024,11210830,to_in_001,28745
2024,11210830,to_in_007,14040
2024,11210830,to_in_008,14705
2024,11220,to_in_001,386254
2024,11220,to_in_007,183900
2024,11220,to_in_008,202354
2024,11220510,to_in_001,19841
2024,11220510,to_in_007,9296
2024,11220510,to_in_008,10545
2024,11220520,to_in_001,23515
2024,11220520,to_in_007,11110
2024,11220520,to_in_008,12405
2024,11220530,to_in_001,30322
2024,11220530,to_in_007,14284
2024,11220530,to_in_008,16038
2024,11220540,to_in_001,28225
2024,11220540,to_in_007,13851
2024,11220540,to_in_008,14374
2024,11220550,to_in_001,25069
2024,11220550,to_in_007,12131
2024,11220550,to_in_008,12938
2024,11220560,to_in_001,139
2024,11220560,to_in_007,61
2024,11220560,to_in_008,78
2024,11220570,to_in_001,32277
2024,11220570,to_in_007,15757
2024,11220570,to_in_008,16520
2024,11220580,to_in_001,24421
2024,11220580,to_in_007,11656
2024,11220580,to_in_008,12765
2024,11220590,to_in_001,22279
2024,11220590,to_in_007,10645
2024,11220590,to_in_008,11634
2024,11220600,to_in_001,17525
2024,11220600,to_in_007,8245
2024,11220600,to_in_008,9280
2024,11220610,to_in_001,18685
2024,11220610,to_in_007,8635
2024,11220610,to_in_008,10050
2024,11220620,to_in_001,15453
2024,11220620,to_in_007,7168
2024,11220620,to_in_008,8285
2024,11220630,to_in_001,16956
2024,11220630,to_in_007,7908
2024,11220630,to_in_008,9048
2024,11220640,to_in_001,14535
2024,11220640,to_in_007,6963
2024,11220640,to_in_008,7572
2024,11220650,to_in_001,21468
2024,11220650,to_in_007,9761
2024,11220650,to_in_008,11707
2024,11220660,to_in_001,39415
2024,11220660,to_in_007,18697
2024,11220660,to_in_008,20718
2024,11220670,to_in_001,20308
2024,11220670,to_in_007,10086
2024,11220670,to_in_008,10222
2024,11220680,to_in_001,15821
2024,11220680,to_in_007,7646
2024,11220680,to_in_008,8175
2024,11230,to_in_001,528194
2024,11230,to_in_007,252802
2024,11230,to_in_008,275392
2024,11230510,to_in_001,14051
2024,11230510,to_in_007,6605
2024,11230510,to_in_008,7446
2024,11230511,to_in_001,15814
2024,11230511,to_in_007,7650
2024,11230511,to_in_008,8164
2024,11230520,to_in_001,20292
2024,11230520,to_in_007,9566
2024,11230520,to_in_008,10726
2024,11230530,to_in_001,19305
2024,11230530,to_in_007,8917
2024,11230530,to_in_008,10388
2024,11230580,to_in_001,11139
2024,11230580,to_in_007,5521
2024,11230580,to_in_008,5618
2024,11230590,to_in_001,28635
2024,11230590,to_in_007,13673
2024,11230590,to_in_008,14962
2024,11230600,to_in_001,22546
2024,11230600,to_in_007,11359
2024,11230600,to_in_008,11187
2024,11230630,to_in_001,17878
2024,11230630,to_in_007,8553
2024,11230630,to_in_008,9325
2024,11230640,to_in_001,33819
2024,11230640,to_in_007,16343
2024,11230640,to_in_008,17476
2024,11230650,to_in_001,34585
2024,11230650,to_in_007,16116
2024,11230650,to_in_008,18469
2024,11230660,to_in_001,19272
2024,11230660,to_in_007,9159
2024,11230660,to_in_008,10113
2024,11230670,to_in_001,29662
2024,11230670,to_in_007,13784
2024,11230670,to_in_008,15878
2024,11230680,to_in_001,24414
2024,11230680,to_in_007,11794
2024,11230680,to_in_008,12620
2024,11230710,to_in_001,21909
2024,11230710,to_in_007,10539
2024,11230710,to_in_008,11370
2024,11230720,to_in_001,21296
2024,11230720,to_in_007,10548
2024,11230720,to_in_008,10748
2024,11230730,to_in_001,13810
2024,11230730,to_in_007,6642
2024,11230730,to_in_008,7168
2024,11230750,to_in_001,13110
2024,11230750,to_in_007,5910
2024,11230750,to_in_008,7200
2024,11230760,to_in_001,44779
2024,11230760,to_in_007,20846
2024,11230760,to_in_008,23933
2024,11230770,to_in_001,23188
2024,11230770,to_in_007,10821
2024,11230770,to_in_008,12367
2024,11230780,to_in_001,22333
2024,11230780,to_in_007,10405
2024,11230780,to_in_008,11928
2024,11230790,to_in_001,36013
2024,11230790,to_in_007,18448
2024,11230790,to_in_008,17565
2024,11230800,to_in_001,40344
2024,11230800,to_in_007,19603
2024,11230800,to_in_008,20741
2024,11240,to_in_001,628648
2024,11240,to_in_007,301344
2024,11240,to_in_008,327304
2024,11240510,to_in_001,11903
2024,11240510,to_in_007,5846
2024,11240510,to_in_008,6057
2024,11240520,to_in_001,22505
2024,11240520,to_in_007,10636
2024,11240520,to_in_008,11869
2024,11240530,to_in_001,11422
2024,11240530,to_in_007,5636
2024,11240530,to_in_008,5786
2024,11240540,to_in_001,22361
2024,11240540,to_in_007,10833
2024,11240540,to_in_008,11528
2024,11240550,to_in_001,16402
2024,11240550,to_in_007,8327
2024,11240550,to_in_008,8075
2024,11240560,to_in_001,16920
2024,11240560,to_in_007,8567
2024,11240560,to_in_008,8353
2024,11240570,to_in_001,14514
2024,11240570,to_in_007,6966
2024,11240570,to_in_008,7548
2024,11240580,to_in_001,26167
2024,11240580,to_in_007,11863
2024,11240580,to_in_008,14304
2024,11240590,to_in_001,17127
2024,11240590,to_in_007,8582
2024,11240590,to_in_008,8545
2024,11240600,to_in_001,36246
2024,11240600,to_in_007,17508
2024,11240600,to_in_008,18738
2024,11240610,to_in_001,22372
2024,11240610,to_in_007,10316
2024,11240610,to_in_008,12056
2024,11240620,to_in_001,17826
2024,11240620,to_in_007,8561
2024,11240620,to_in_008,9265
2024,11240630,to_in_001,29986
2024,11240630,to_in_007,14103
2024,11240630,to_in_008,15883
2024,11240640,to_in_001,27934
2024,11240640,to_in_007,13063
2024,11240640,to_in_008,14871
2024,11240650,to_in_001,24177
2024,11240650,to_in_007,11817
2024,11240650,to_in_008,12360
2024,11240660,to_in_001,26222
2024,11240660,to_in_007,12694
2024,11240660,to_in_008,13528
2024,11240670,to_in_001,29592
2024,11240670,to_in_007,14419
2024,11240670,to_in_008,15173
2024,11240680,to_in_001,18967
2024,11240680,to_in_007,9309
2024,11240680,to_in_008,9658
2024,11240690,to_in_001,27231
2024,11240690,to_in_007,12460
2024,11240690,to_in_008,14771
2024,11240710,to_in_001,27096
2024,11240710,to_in_007,12806
2024,11240710,to_in_008,14290
2024,11240750,to_in_001,19850
2024,11240750,to_in_007,9593
2024,11240750,to_in_008,10257
2024,11240770,to_in_001,15408
2024,11240770,to_in_007,7280
2024,11240770,to_in_008,8128
2024,11240780,to_in_001,8541
2024,11240780,to_in_007,3984
2024,11240780,to_in_008,4557
2024,11240790,to_in_001,33007
2024,11240790,to_in_007,15866
2024,11240790,to_in_008,17141
2024,11240800,to_in_001,31831
2024,11240800,to_in_007,14996
2024,11240800,to_in_008,16835
2024,11240810,to_in_001,29156
2024,11240810,to_in_007,13989
2024,11240810,to_in_008,15167
2024,11240820,to_in_001,43885
2024,11240820,to_in_007,21324
2024,11240820,to_in_008,22561
2024,11250,to_in_001,454023
2024,11250,to_in_007,221136
2024,11250,to_in_008,232887
2024,11250530,to_in_001,23903
2024,11250530,to_in_007,11638
2024,11250530,to_in_008,12265
2024,11250540,to_in_001,16081
2024,11250540,to_in_007,7788
2024,11250540,to_in_008,8293
2024,11250550,to_in_001,23191
2024,11250550,to_in_007,11863
2024,11250550,to_in_008,11328
2024,11250560,to_in_001,25022
2024,11250560,to_in_007,12543
2024,11250560,to_in_008,12479
2024,11250580,to_in_001,14249
2024,11250580,to_in_007,6844
2024,11250580,to_in_008,7405
2024,11250590,to_in_001,16256
2024,11250590,to_in_007,7965
2024,11250590,to_in_008,8291
2024,11250610,to_in_001,24925
2024,11250610,to_in_007,12102
2024,11250610,to_in_008,12823
2024,11250630,to_in_001,25906
2024,11250630,to_in_007,12393
2024,11250630,to_in_008,13513
2024,11250650,to_in_001,18416
2024,11250650,to_in_007,8830
2024,11250650,to_in_008,9586
2024,11250660,to_in_001,23895
2024,11250660,to_in_007,11545
2024,11250660,to_in_008,12350
2024,11250670,to_in_001,21408
2024,11250670,to_in_007,10400
2024,11250670,to_in_008,11008
2024,11250700,to_in_001,19
2024,11250700,to_in_007,8
2024,11250700,to_in_008,11
2024,11250710,to_in_001,23433
2024,11250710,to_in_007,11475
2024,11250710,to_in_008,11958
2024,11250720,to_in_001,32393
2024,11250720,to_in_007,15908
2024,11250720,to_in_008,16485
2024,11250730,to_in_001,33509
2024,11250730,to_in_007,16282
2024,11250730,to_in_008,17227
2024,11250740,to_in_001,46104
2024,11250740,to_in_007,22310
2024,11250740,to_in_008,23794
2024,11250750,to_in_001,33992
2024,11250750,to_in_007,16273
2024,11250750,to_in_008,17719
2024,11250760,to_in_001,38018
2024,11250760,to_in_007,18775
2024,11250760,to_in_008,19243
2024,11250770,to_in_001,13303
2024,11250770,to_in_007,6194
2024,11250770,to_in_008,7109
