연번,시설명,중분류,소분류,지역구,위치,주요시설, 부지면적(제곱미터) ,준공연도(년),주요이용연령층,이용인원(명)_연간,이용인원(명)_월간,이용인원(명)_1일평균,
1,창원국제사격장,체육시설,사격장,의창구,경상남도 창원시 의창구 사림로 99번길 63  (퇴촌동 산 28번지),"사격장, 족구장",145251 ,2018,20~50대,109409 ,9117 ,300 ,
2,의창스포츠센터,체육시설,스포츠센터,의창구,경상남도 창원시 의창구 원이대로56번길 11호,"수영장, 빙상장, 체육관",9916 ,2009,20~50대,762491 ,63541 ,2089 ,
3,창원스포츠파크,체육시설,운동장,성산구,경상남도 창원시 성산구 원이대로 450(중앙동1번지),"주경기장, 육상보조경기장, 창원체육관, 창원롤러스케이트장",369756 ,1993,20~50대,366776 ,30565 ,1005 ,
4,창원실내수영장,체육시설,수영장,성산구,경상남도 창원시 성산구 원이대로 450(중앙동1번지),수영장,39626 ,1997,20~50대,811286 ,67607 ,2223 ,
5,강무정,체육시설,궁도장,성산구,경상남도 창원시 성산구 원이대로 450(중앙동1번지),궁도장,661 ,1990,40~50대,18250 ,1500 ,50 ,
6,시민생활체육관,체육시설,체육관,성산구,경상남도 창원시 성산구 원이대로 692  (상남동),"수영장, 볼링장, 헬스장, 체육관",7616 ,1992,20~50대,972611 ,81051 ,2665 ,
7,창원축구센터,체육시설,축구장,성산구,경상남도 창원시 성산구 비음로 97  (사파정동),"주경기장, 하프돔, 풋살경기장, 보조경기장, 체육관",212087 ,2009,20~50대,414159 ,34513 ,1135 ,
8,성산스포츠센터,체육시설,스포츠센터,성산구,경상남도 창원시 성산구 창이대로 888,"수영장, 빙상장, 체육관",9919 ,2016,20~50대,860106 ,71676 ,2356 ,
9,마산합포스포츠센터,체육시설,스포츠센터,마산합포구,경상남도 창원시 마산합포구 드림베이대로 56 (월영동),"수영장, 헬스장, 체육관",6155 ,2017,20~50대,590265 ,49189 ,1617 ,
10,마산야구센터,체육시설,체육관,마산회원구,경상남도 창원시 마산회원구 삼호로 63 (양덕동),"마산야구장, 마산체육관, 테니스장, 인조잔디구장, 올림픽기념국민생활관, X게임장",186487 ,1988,20~50대,2990200 ,249183 ,8192 ,
11,창원NC파크,체육시설,야구장,마산회원구,경상남도 창원시 마산회원구 삼호로63(양덕동),야구장,48249 ,2019,20~50대,547774 ,45648 ,1501 ,
12,용마정,체육시설,궁도장,마산회원구,경상남도 창원시 마산회원구 양덕서9길 11-5,궁도장,6258 ,1966,40~50대,14600 ,1200 ,40 ,
13,창원시립테니스장,체육시설,테니스장,성산구,경상남도 창원시 성산구 토월동 713,테니스장,66871 ,2006,20~50대,56812 ,4734 ,156 ,
14,덕동시립테니스장,체육시설,테니스장,마산회원구,경상남도 창원시 마산합포구 가포로 789  (덕동동),테니스장,24396 ,2010,20~50대,393 ,33 ,1 ,
15,내서 스포츠센터,체육시설,스포츠센터,마산회원구,경상남도 창원시 마산회원구 내서읍 호원로 177,"체육관, 수영장, 풋살장",6429 ,2020,20~50대,423404 ,35284 ,1160 ,
16,내서 어린이체육관,체육시설,스포츠센터,마산회원구,경상남도 창원시 마산회원구 내서읍 호원로 185,스포츠센터,3534 ,2021,영유아,13979 ,1165 ,38 ,
17,진해국민체육센터,체육시설,스포츠센터,진해구,경상남도 창원시 진해구 석동로 66  (석동),"수영장, 헬스장, 다목적체육관",10060 ,2002,20~50대,187331 ,15611 ,513 ,
18,진해공설운동장,체육시설,운동장,진해구,경상남도 창원시 진해구 도만동 15-1,"축구장, 육상경기장, 야구장",61883 ,2008,20~50대,24153 ,2013 ,66 ,
19,용원국민체육센터,체육시설,스포츠센터,진해구,경상남도 창원시 진해구 안청로 95,"수영장, 헬스장",18143 ,2017,20~50대,235177 ,19598 ,644 ,
20,동읍주민운동장,체육시설,운동장,의창구,경상남도 창원시 의창구 동읍 용잠리 662,"축구, 테니스, 농구, 족구, 다목적구장",30092 ,2012,전연령대,18250 ,1521 ,50 ,
21,동읍실내체육관,체육시설,운동장,의창구,경상남도 창원시 의창구 동읍 의창대로 920-7,"축구, 실내체육관",10836 ,1997,성인,1000 ,83 ,30 ,
22,북면공설운동장,체육시설,운동장,의창구,경상남도 창원시 의창구 북면 마산리 1285,"축구, 테니스, 농구, 족구, 게이트볼",31800 ,1995,전연령대,18250 ,1521 ,50 ,
23,대산갈전운동장,체육시설,운동장,의창구,경상남도 창원시 의창구 대산면 갈전로 81-7,"축구, 족구, 게이트볼, 배드민턴, 풋살",17153 ,1997,전연령대,7300 ,608 ,20 ,
24,천주운동장,체육시설,운동장,의창구,경상남도 창원시 의창구 소계동 422-1,"족구, 배드민턴, 배구",4555 ,1994,전연령대,10950 ,913 ,30 ,
25,소계체육공원,체육시설,운동장,의창구,경상남도 창원시 의창구 소계동 791-3,"축구, 테니스, 농구, 족구",36747 ,2003,전연령대,36500 ,3042 ,100 ,
26,의창스포츠파크,체육시설,운동장,의창구,경상남도 창원시 의창구 천주로56번길 14 ,"체육관, 테니스장, 농구, 족구, 게이트볼, 다목적체육관",19360 ,2006,전연령대,18250 ,1521 ,50 ,
27,팔룡어울림운동장,체육시설,운동장,의창구,경상남도 창원시 의창구 사화로 126,"축구, 테니스, 농구, 족구, 게이트볼",16550 ,1988,전연령대,18250 ,1521 ,50 ,
28,명서2주민운동장,체육시설,운동장,의창구,경상남도 창원시 의창구 명서동 300,"축구, 테니스, 농구, 족구, 게이트볼, 실내체육관",29004 ,2004,전연령대,29200 ,2433 ,80 ,
29,도계체육공원,체육시설,운동장,의창구,경상남도 창원시 의창구 도계동 378-1,"축구, 테니스, 게이트볼",37703 ,2004,전연령대,36500 ,3042 ,100 ,
30,사림주민운동장,체육시설,운동장,의창구,경상남도 창원시 의창구 사림로85번길 31 ,"축구, 테니스, 농구, 족구, 게이트볼",12886 ,2010,전연령대,18250 ,1521 ,50 ,
31,봉곡주민운동장,체육시설,운동장,의창구,경상남도 창원시 의창구 봉곡동 57,"축구, 테니스, 농구, 게이트볼, 배드민턴",12305 ,2001,전연령대,18250 ,1521 ,50 ,
32,소답주민운동장,체육시설,운동장,의창구,경상남도 창원시 의창구 소답동 550-1 일원,"축구, 농구, 족구",17357 ,2017,전연령대,18250 ,1521 ,50 ,
33,명곡동 족구장,체육시설,족구장,의창구,경상남도 창원시 의창구 명곡동 16-7,족구,560 ,,전연령대,7300 ,608 ,20 ,
34,봉강게이트볼장,체육시설,게이트볼장,의창구,경상남도 창원시 의창구 봉곡리 227-3,게이트볼,600 ,,70대 이상,3650 ,304 ,10 ,
35,가술게이트볼장,체육시설,게이트볼장,의창구,경상남도 창원시 의창구 갈전로 81-7,게이트볼,377 ,,70대 이상,3650 ,304 ,10 ,
36,소답게이트볼장,체육시설,게이트볼장,의창구,경상남도 창원시 의창구 소답동 155-3,게이트볼,738 ,,70대 이상,7300 ,608 ,20 ,
37,대산테니스장,체육시설,테니스장,의창구,경상남도 창원시 의창구 대산면 갈전리 387-20,테니스,629 ,2007,전연령대,3650 ,304 ,10 ,
38,신월주민운동장,체육시설,운동장,성산구,경상남도 창원시 성산구 신월동 34,"축구, 테니스, 농구, 족구, 게이트볼, 배드민턴",15060 ,1991,전연령대,36000 ,3000 ,100 ,
39,용호주민운동장,체육시설,운동장,성산구,경상남도 창원시 성산구 용호동 61,"축구, 농구, 족구, 게이트볼",12440 ,1994,전연령대,54000 ,4500 ,150 ,
40,반지어울림운동장,체육시설,운동장,성산구,경상남도 창원시 성산구 반지동 99,"축구, 테니스, 농구, 게이트볼, 족구,배드민턴",18355 ,1984,전연령대,36000 ,3000 ,100 ,
41,상남푸르미운동장,체육시설,운동장,성산구,경상남도 창원시 성산구 상남동 42-2,"테니스, 농구, 족구,배드민턴",6049 ,1996,전연령대,28800 ,2400 ,80 ,
42,중앙체육공원,체육시설,운동장,성산구,경상남도 창원시 성산구 상남동 45-2,"테니스, 농구, 배드민턴",6028 ,1996,전연령대,32400 ,2700 ,90 ,
43,사파정병(주민)운동장,체육시설,운동장,성산구,경상남도 창원시 성산구 사파동 110,"축구, 농구, 족구, 배구, 게이트볼",7573 ,1989,전연령대,36000 ,3000 ,100 ,
44,대방체육공원,체육시설,운동장,성산구,경상남도 창원시 성산구 대방동 250-1,"축구, 테니스, 농구, 족구, 배드민턴",12204 ,2000,전연령대,72000 ,6000 ,200 ,
45,남양열린운동장,체육시설,운동장,성산구,경상남도 창원시 성산구 남양동 37,"축구, 농구, 족구, 게이트볼, 배드민턴",12000 ,2004,전연령대,172800 ,14400 ,480 ,
46,성주주민운동장,체육시설,운동장,성산구,경상남도 창원시 성산구 천선동 1216-1,"축구, 테니스, 농구, 족구",19600 ,2009,전연령대,36000 ,3000 ,100 ,
47,웅남주민운동장,체육시설,운동장,성산구,경상남도 창원시 성산구 양곡동 451-1,"축구, 테니스, 농구, 다목적구장(게이트몰/족구/풋살)",23338 ,2010,전연령대,54000 ,4500 ,150 ,
48,귀산IC체육시설,체육시설,운동장,성산구,경상남도 창원시 성산구 귀산동 258,"족구, 풋살",4000 ,2009,전연령대,5400 ,450 ,15 ,
49,안민중학교옆체육시설,체육시설,운동장,성산구,경상남도 창원시 성산구 천선동 1242-2,"족구, 배드민턴,게이트볼장",3759 ,2012,이용인원없음,,,,
50,대방게이트볼장,체육시설,게이트볼장,성산구,경상남도 창원시 성산구 대방동 336-6,게이트볼,360 ,,전연령대,10800 ,900 ,30 ,
51,삼진체육관,체육시설,체육관,마산합포구,경상남도 창원시 마산합포구 진북면 삼진의거대로 440,"축구, 족구, 배드민턴, 실내체육관",27716 ,2003,20~30대,7300 ,600 ,20 ,
52,가포동 체육시설,체육시설,테니스장 배드민턴장,마산합포구,"경상남도 창원시 마산합포구 가포동 508-55,56","테니스, 배드민턴",2735 ,2009,전연령층,36500 ,3000 ,100 ,
53,진동요장마을체육시설,체육시설,테니스장,마산합포구,경상남도 창원시 마산합포구 진동면 요장리 383-2,테니스,1900 ,2016,전연령층,11000 ,900 ,30 ,
54,진북게이트볼장,체육시설,게이트볼장,마산합포구,경상남도 창원시 마산합포구 진북면 지산리 226-3 일원,게이트볼,364 ,1997,70대 이상,3650 ,300 ,10 ,
55,광암마을게이트볼장,체육시설,게이트볼장,마산합포구,경상남도 창원시 마산합포구 진동면 요장리 267-24,게이트볼,370 ,2012,70대 이상,1800 ,150 ,5 ,
56,진전게이트볼장,체육시설,게이트볼장,마산합포구,경상남도 창원시 마산합포구 진전면 금암리 686-1,게이트볼,380 ,2012,70대 이상,3650 ,300 ,10 ,
57,마산게이트볼연합회서원구장,체육시설,게이트볼장,마산합포구,경상남도 창원시 마산합포구 교방동 산40-4,게이트볼,400 ,1982,70대 이상,3650 ,300 ,10 ,
58,서성게이트볼장,체육시설,게이트볼장,마산합포구,경상남도 창원시 마산합포구 서성동 84-339,게이트볼,359 ,2000,70대 이상,7300 ,600 ,20 ,
59,신포게이트볼장,체육시설,게이트볼장,마산합포구,경상남도 창원시 마산합포구 신포동1가 65-1,게이트볼,340 ,1998,70대 이상,7300 ,600 ,20 ,
60,예곡게이트볼장,체육시설,게이트볼장,마산합포구,경상남도 창원시 마산합포구 예곡동 934-1 일원,게이트볼,374 ,2014,70대 이상,3650 ,300 ,10 ,
61,추산공원 배드민턴장,체육시설,배드민턴,마산합포구,경상남도 창원시 마산합포구 자산동 100-1,배드민턴,1387 ,1997,50대 이상,11000 ,900 ,30 ,
62,추산정구장,체육시설,정구장,마산합포구,경상남도 창원시 마산합포구 추산동 산16-15,정구장,1472 ,1980,전연령층,11000 ,900 ,30 ,
63,내서문화체육센터,체육시설,체육관,마산합포구,경상남도 창원시 마산회원구 내서읍 상곡로 16,"체육관, 탁구장",3329 ,2003,전연령,54000 ,4500 ,150 ,
64,내서운동장,체육시설,운동장,마산회원구,경상남도 창원시 마산회원구 내서읍 광려로 8,"축구, 어린이축구, 농구, 족구, 다목적구장, 조깅+인라인트랙, X-게임장",53166 ,2009,전연령,252000 ,21000 ,700 ,
65,호계주민운동장,체육시설,운동장,마산회원구,경상남도 창원시 마산회원구 내서읍 호계리 198-1번지 일원,"축구, 족구, 야외공연장, 어린이놀이터",17357 ,2018,전연령,54000 ,4500 ,150 ,
66,중리초복합시설체육관,체육시설,체육관,마산회원구,경상남도 창원시 마산회원구 내서읍 호계안길 22,"체육관, 다목적실, 에어로빅실, 탁구장",11946 ,2009,전연령,54000 ,4500 ,150 ,
67,합성1동 주민운동장,체육시설,운동장,마산회원구,경상남도 창원시 마산회원구 합성동 551-1,"축구, 농구, 족구, 어린이놀이시설",11850 ,2021,전연령층,36000 ,3000 ,100 ,
68,석전동 주민운동장,체육시설,운동장,마산회원구,경상남도 창원시 마산회원구 합성동 783,"축구, 족구, 풋살, 야외운동기구",19593 ,2022,30~40대,8815 ,734 ,24 ,
69,회원2동 그라운드골프장,체육시설,그라운드골프장,마산회원구,경상남도 창원시 마산회원구 회원동 1173-1외 1,그라운드골프장,1033 ,2004,60대,1008 ,84 ,3 ,
70,죽암 게이트볼장,체육시설,게이트볼,마산회원구,경상남도 창원시 마산회원구 내서읍 중리 817-1,게이트볼,580 ,2008,60대,1440 ,120 ,4 ,
71,감천 게이트볼장,체육시설,게이트볼,마산회원구,경상남도 창원시 마산회원구 내서읍 감천리1351,게이트볼,374 ,2011,60대,1440 ,120 ,4 ,
72,호계 휘타구장,체육시설,휘타구장,마산회원구,경상남도 창원시 마산회원구 내서읍 호계본동1길 129,휘타구장,335 ,2005,60대,2880 ,240 ,8 ,
73,호계 게이트볼장,체육시설,게이트볼,마산회원구,경상남도 창원시 마산회원구 내서읍 광려천북로 218,게이트볼,995 ,2005,60대,2880 ,240 ,8 ,
74,삼계게이트볼장,체육시설,게이트볼,마산회원구,경상남도 창원시 마산회원구 내서읍 삼계리 197-1,게이트볼,370 ,2013,60대,2160 ,180 ,6 ,
75,석전동 게이트볼장,체육시설,게이트볼,마산회원구,경상남도 창원시 마산회원구 석전1동 283-5,게이트볼,577 ,1993,60대,1440 ,120 ,4 ,
76,회성동 게이트볼장,체육시설,게이트볼,마산회원구,경상남도 창원시 마산회원구 회성동 88-5번지 외 1,게이트볼,149 ,2000,60대,2160 ,180 ,6 ,
77,용마게이트볼장,체육시설,게이트볼,마산회원구,경상남도 창원시 마산회원구 양덕동 477 일원,게이트볼,560 ,1998,60대,2160 ,180 ,6 ,
78,구암1동 게이트볼장,체육시설,게이트볼,마산회원구,경상남도 창원시 마산회원구 구암1동 709-3외 2,게이트볼,910 ,2003,60대,1440 ,120 ,4 ,
79,창원육교 밑 체육공원(게이트볼장),체육시설,게이트볼,마산회원구,경상남도 창원시 마산회원구 구암2동 1150,게이트볼,1316 ,2002,60대,2160 ,180 ,6 ,
80,두척동 그라운드골프장,체육시설,게이트볼,마산회원구,경상남도 창원시 마산회원구 송평로 203-171  (두척동),게이트볼,4800 ,2009,60대,2880 ,240 ,8 ,
81,합성1동 게이트볼장,체육시설,게이트볼,마산회원구,경상남도 창원시 마산회원구 합성동 952-10,게이트볼,795 ,2006,60대,2160 ,180 ,6 ,
82,합성2동 게이트볼장,체육시설,게이트볼,마산회원구,경상남도 창원시 마산회원구 합성동 11-7,게이트볼,1023 ,2006,60대,2880 ,240 ,8 ,
83,영길운동장,체육시설,운동장,진해구,경상남도 창원시 진해구 남영로 500  (남양동),"축구, 테니스, 족구",15255 ,2002,전연령,30000 ,2500 ,100 ,
84,영길운동장(영길야구연습장),체육시설,운동장,진해구,경상남도 창원시 진해구 남영로 500  (남양동),야구장,1320 ,2002,유소년,,,,
85,이동 운동장,체육시설,운동장,진해구,경상남도 창원시 진해구 이동로2번길 8  (이동),"축구, 족구, 게이트볼, 배드민턴, 풋살",14617 ,2009,전연령,60000 ,5000 ,200 ,
86,용원주민운동장,체육시설,운동장,진해구,경상남도 창원시 진해구 청안동 319-5 일원,축구,18143 ,2016,전연령,75000 ,6250 ,250 ,
87,태백동스포츠파크,체육시설,운동장,진해구,경상남도 창원시 진해구 태백동 4-418,풋살,11630 ,2007,전연령,1500 ,125 ,50 ,
88,경화다목적구장,체육시설,운동장,진해구,경상남도 창원시 진해구 경화동 1213-6,"족구, 농구",2965 ,2003,전연령,1500 ,125 ,50 ,
89,풍호체육공원,체육시설,운동장,진해구,경상남도 창원시 진해구 천자로 484,"축구, 육상경기",7140 ,2001,30~40대,2150 ,180 ,6 ,
90,용원족구장,체육시설,족구장,진해구,경상남도 창원시 진해구 용원동 1122-1,족구,2073 ,2013,40~50대,7300 ,600 ,20 ,
91,석동상지족구장,체육시설,족구장,진해구,경상남도 창원시 진해구 석동 480-7,족구,,1998,40~50대,3000 ,300 ,10 ,
92,웅천족구장,체육시설,족구장,진해구,경상남도 창원시 진해구 서중동 327,족구,,2015,40~50대,3000 ,300 ,10 ,
93,장복테니스장,체육시설,테니스장,진해구,경상남도 창원시 진해구 도만동 1,테니스,,,40~50대,7300 ,600 ,20 ,
94,백구테니스장,체육시설,테니스장,진해구,경상남도 창원시 진해구 도만동 1,테니스,,,40~50대,7300 ,600 ,20 ,
95,돌산게이트볼장,체육시설,게이트볼장,진해구,경상남도 창원시 진해구 여좌동 34-19,게이트볼,336 ,1997,60~70대,5400 ,450 ,15 ,
96,충무게이트볼장,체육시설,게이트볼장,진해구,경상남도 창원시 진해구 도만동 1,게이트볼,651 ,1990,60~70대,5400 ,450 ,15 ,
97,성내 게이트볼장,체육시설,게이트볼장,진해구,경상남도 창원시 진해구 성내동 465,게이트볼,620 ,2004,60대이상,600 ,50 ,20 ,
98,마천 게이트볼장,체육시설,게이트볼장,진해구,경상남도 창원시 진해구 마천동 22-5,게이트볼,656 ,1997,60대이상,600 ,50 ,20 ,
99,벽해정,체육시설,궁도장,진해구,경상남도 창원시 진해구 진해대로 307  (태백동),궁도장,,2015,60대이상,900 ,75 ,30 ,
