2019,다아4600,cp2_bnu_11,0
2019,다아4600,cp2_bnu_56,0
2019,다아4601,cp2_bnu_47,3
2019,다아4704,cp2_bnu_22,3
2019,다아4800,cp2_bnu_10,3
2019,다아4800,cp2_bnu_23,0
2019,다아4800,cp2_bnu_41,0
2019,다아4800,cp2_bnu_42,3
2019,다아4800,cp2_bnu_46,0
2019,다아4800,cp2_bnu_56,0
2019,다아4800,cp2_bnu_68,0
2019,다아4800,cp2_bnu_85,3
2019,다아4800,cp2_bnu_95,0
2019,다아4801,cp2_bnu_10,0
2019,다아4801,cp2_bnu_25,3
2019,다아4801,cp2_bnu_34,3
2019,다아4801,cp2_bnu_46,3
2019,다아4801,cp2_bnu_56,0
2019,다아4802,cp2_bnu_13,0
2019,다아4802,cp2_bnu_20,3
2019,다아4802,cp2_bnu_26,3
2019,다아4802,cp2_bnu_29,3
2019,다아4802,cp2_bnu_37,0
2019,다아4802,cp2_bnu_47,0
2019,다아4803,cp2_bnu_10,5
2019,다아4803,cp2_bnu_23,3
2019,다아4803,cp2_bnu_29,3
2019,다아4803,cp2_bnu_33,0
2019,다아4803,cp2_bnu_34,0
2019,다아4803,cp2_bnu_42,3
2019,다아4803,cp2_bnu_46,3
2019,다아4803,cp2_bnu_47,8
2019,다아4803,cp2_bnu_56,16
2019,다아4803,cp2_bnu_61,3
2019,다아4803,cp2_bnu_64,3
2019,다아4803,cp2_bnu_68,5
2019,다아4803,cp2_bnu_75,0
2019,다아4803,cp2_bnu_84,5
2019,다아4803,cp2_bnu_85,3
2019,다아4803,cp2_bnu_86,0
2019,다아4803,cp2_bnu_87,3
2019,다아4803,cp2_bnu_91,3
2019,다아4803,cp2_bnu_94,5
2019,다아4803,cp2_bnu_95,5
2019,다아4803,cp2_bnu_96,5
2019,다아4804,cp2_bnu_11,0
2019,다아4804,cp2_bnu_94,0
2019,다아4806,cp2_bnu_90,3
2019,다아4900,cp2_bnu_41,0
2019,다아4900,cp2_bnu_42,3
2019,다아4900,cp2_bnu_47,3
2019,다아4900,cp2_bnu_56,3
2019,다아4901,cp2_bnu_20,3
2019,다아4901,cp2_bnu_22,0
2019,다아4901,cp2_bnu_23,0
2019,다아4901,cp2_bnu_25,5
2019,다아4901,cp2_bnu_27,0
2019,다아4901,cp2_bnu_42,3
2019,다아4901,cp2_bnu_46,0
2019,다아4902,cp2_bnu_20,5
2019,다아4902,cp2_bnu_22,3
2019,다아4902,cp2_bnu_24,5
2019,다아4902,cp2_bnu_25,5
2019,다아4902,cp2_bnu_26,0
2019,다아4902,cp2_bnu_29,3
2019,다아4902,cp2_bnu_46,0
2019,다아4903,cp2_bnu_10,3
2019,다아4903,cp2_bnu_34,3
2019,다아4903,cp2_bnu_42,0
2019,다아4903,cp2_bnu_47,5
2019,다아4903,cp2_bnu_56,3
2019,다아4903,cp2_bnu_68,0
2019,다아4903,cp2_bnu_85,3
2019,다아4903,cp2_bnu_91,0
2019,다아4903,cp2_bnu_94,3
2019,다아4904,cp2_bnu_47,0
2019,다아4906,cp2_bnu_47,0
2019,다아5004,cp2_bnu_11,3
2019,다아5004,cp2_bnu_29,0
2019,다아5004,cp2_bnu_30,3
2019,다아5004,cp2_bnu_47,0
2019,다아5004,cp2_bnu_52,3
2019,다아5004,cp2_bnu_55,3
2019,다아5004,cp2_bnu_56,0
2019,다아5004,cp2_bnu_68,3
2019,다아5004,cp2_bnu_91,0
2019,다아5004,cp2_bnu_94,0
2019,다아5005,cp2_bnu_94,0
2019,다아5006,cp2_bnu_42,0
2019,다아5102,cp2_bnu_94,0
2019,다아5107,cp2_bnu_16,0
2019,다아5107,cp2_bnu_87,0
2019,다아5108,cp2_bnu_47,3
2019,다아5108,cp2_bnu_86,3
2019,다아5108,cp2_bnu_91,3
2019,다아5108,cp2_bnu_94,0
2019,다아5200,cp2_bnu_42,0
2019,다아5200,cp2_bnu_47,0
2019,다아5200,cp2_bnu_56,0
2019,다아5202,cp2_bnu_10,0
2019,다아5202,cp2_bnu_47,3
2019,다아5202,cp2_bnu_55,5
2019,다아5202,cp2_bnu_90,3
2019,다아5202,cp2_bnu_94,0
2019,다아5203,cp2_bnu_46,3
2019,다아5204,cp2_bnu_41,0
2019,다아5206,cp2_bnu_10,0
2019,다아5207,cp2_bnu_94,0
2019,다아5300,cp2_bnu_55,0
2019,다아5300,cp2_bnu_94,0
2019,다아5301,cp2_bnu_41,3
2019,다아5301,cp2_bnu_45,3
2019,다아5301,cp2_bnu_47,0
2019,다아5301,cp2_bnu_55,3
2019,다아5301,cp2_bnu_68,0
2019,다아5301,cp2_bnu_76,0
2019,다아5302,cp2_bnu_38,3
2019,다아5302,cp2_bnu_41,0
2019,다아5302,cp2_bnu_46,3
2019,다아5302,cp2_bnu_47,0
2019,다아5302,cp2_bnu_55,3
2019,다아5302,cp2_bnu_56,3
2019,다아5302,cp2_bnu_68,0
2019,다아5302,cp2_bnu_95,0
2019,다아5303,cp2_bnu_49,3
2019,다아5303,cp2_bnu_96,0
2019,다아5304,cp2_bnu_55,3
2019,다아5304,cp2_bnu_56,0
2019,다아5304,cp2_bnu_94,0
2019,다아5305,cp2_bnu_10,0
2019,다아5306,cp2_bnu_20,0
2019,다아5306,cp2_bnu_38,3
2019,다아5306,cp2_bnu_46,0
2019,다아5306,cp2_bnu_47,0
2019,다아5306,cp2_bnu_94,0
2019,다아5307,cp2_bnu_01,0
2019,다아5308,cp2_bnu_01,0
2019,다아5400,cp2_bnu_10,3
2019,다아5400,cp2_bnu_13,3
2019,다아5400,cp2_bnu_46,3
2019,다아5400,cp2_bnu_47,0
2019,다아5400,cp2_bnu_56,3
2019,다아5401,cp2_bnu_47,0
2019,다아5402,cp2_bnu_49,0
2019,다아5402,cp2_bnu_55,3
2019,다아5402,cp2_bnu_56,0
2019,다아5403,cp2_bnu_42,0
2019,다아5403,cp2_bnu_47,3
2019,다아5403,cp2_bnu_56,3
2019,다아5403,cp2_bnu_68,0
2019,다아5403,cp2_bnu_86,0
2019,다아5403,cp2_bnu_94,0
2019,다아5405,cp2_bnu_90,0
2019,다아5405,cp2_bnu_94,3
2019,다아5407,cp2_bnu_20,3
2019,다아5408,cp2_bnu_32,0
2019,다아5408,cp2_bnu_94,0
2019,다아5413,cp2_bnu_86,0
2019,다아5413,cp2_bnu_94,0
2019,다아5500,cp2_bnu_01,0
2019,다아5502,cp2_bnu_49,3
2019,다아5502,cp2_bnu_55,3
2019,다아5503,cp2_bnu_47,0
2019,다아5504,cp2_bnu_56,0
2019,다아5504,cp2_bnu_94,0
2019,다아5505,cp2_bnu_10,3
2019,다아5505,cp2_bnu_42,0
2019,다아5505,cp2_bnu_47,3
2019,다아5505,cp2_bnu_56,3
2019,다아5505,cp2_bnu_84,3
2019,다아5505,cp2_bnu_94,3
2019,다아5506,cp2_bnu_01,3
2019,다아5506,cp2_bnu_46,0
2019,다아5507,cp2_bnu_52,0
2019,다아5507,cp2_bnu_76,0
2019,다아5508,cp2_bnu_20,3
2019,다아5508,cp2_bnu_23,0
2019,다아5513,cp2_bnu_01,0
2019,다아5513,cp2_bnu_10,0
2019,다아5513,cp2_bnu_90,0
2019,다아5513,cp2_bnu_94,3
2019,다아5600,cp2_bnu_84,3
2019,다아5602,cp2_bnu_42,3
2019,다아5602,cp2_bnu_94,0
2019,다아5605,cp2_bnu_33,3
2019,다아5605,cp2_bnu_34,0
2019,다아5605,cp2_bnu_47,3
2019,다아5605,cp2_bnu_56,0
2019,다아5605,cp2_bnu_94,0
2019,다아5606,cp2_bnu_56,0
2019,다아5608,cp2_bnu_28,0
2019,다아5609,cp2_bnu_55,3
2019,다아5609,cp2_bnu_90,0
2019,다아5610,cp2_bnu_10,3
2019,다아5610,cp2_bnu_47,3
2019,다아5610,cp2_bnu_55,5
2019,다아5610,cp2_bnu_56,0
2019,다아5610,cp2_bnu_75,0
2019,다아5610,cp2_bnu_85,3
2019,다아5610,cp2_bnu_91,0
2019,다아5610,cp2_bnu_94,3
2019,다아5700,cp2_bnu_47,0
2019,다아5704,cp2_bnu_49,3
2019,다아5705,cp2_bnu_01,0
2019,다아5705,cp2_bnu_46,3
2019,다아5705,cp2_bnu_47,3
2019,다아5705,cp2_bnu_56,0
2019,다아5705,cp2_bnu_68,0
2019,다아5705,cp2_bnu_91,0
2019,다아5705,cp2_bnu_94,0
2019,다아5706,cp2_bnu_10,5
2019,다아5706,cp2_bnu_23,0
2019,다아5706,cp2_bnu_34,0
2019,다아5706,cp2_bnu_41,0
2019,다아5706,cp2_bnu_42,3
2019,다아5706,cp2_bnu_46,0
2019,다아5706,cp2_bnu_47,15
2019,다아5706,cp2_bnu_55,0
2019,다아5706,cp2_bnu_56,23
2019,다아5706,cp2_bnu_61,0
2019,다아5706,cp2_bnu_64,3
2019,다아5706,cp2_bnu_68,8
2019,다아5706,cp2_bnu_84,3
2019,다아5706,cp2_bnu_85,3
2019,다아5706,cp2_bnu_86,3
2019,다아5706,cp2_bnu_87,3
2019,다아5706,cp2_bnu_91,0
2019,다아5706,cp2_bnu_94,5
2019,다아5706,cp2_bnu_95,5
2019,다아5706,cp2_bnu_96,3
2019,다아5707,cp2_bnu_01,0
2019,다아5707,cp2_bnu_55,0
2019,다아5707,cp2_bnu_56,3
2019,다아5707,cp2_bnu_85,3
2019,다아5707,cp2_bnu_87,3
2019,다아5708,cp2_bnu_41,0
2019,다아5708,cp2_bnu_68,0
2019,다아5709,cp2_bnu_10,3
2019,다아5709,cp2_bnu_34,0
2019,다아5709,cp2_bnu_41,3
2019,다아5709,cp2_bnu_46,0
2019,다아5709,cp2_bnu_47,3
2019,다아5709,cp2_bnu_56,7
2019,다아5709,cp2_bnu_61,3
2019,다아5709,cp2_bnu_64,0
2019,다아5709,cp2_bnu_68,3
2019,다아5709,cp2_bnu_71,3
2019,다아5709,cp2_bnu_75,0
2019,다아5709,cp2_bnu_84,3
2019,다아5709,cp2_bnu_85,3
2019,다아5709,cp2_bnu_86,3
2019,다아5709,cp2_bnu_94,3
2019,다아5709,cp2_bnu_95,0
2019,다아5709,cp2_bnu_96,5
2019,다아5710,cp2_bnu_01,3
2019,다아5711,cp2_bnu_10,3
2019,다아5711,cp2_bnu_56,3
2019,다아5715,cp2_bnu_10,0
2019,다아5715,cp2_bnu_55,0
2019,다아5715,cp2_bnu_84,0
2019,다아5800,cp2_bnu_20,0
2019,다아5800,cp2_bnu_46,0
2019,다아5802,cp2_bnu_10,3
2019,다아5803,cp2_bnu_10,0
2019,다아5803,cp2_bnu_47,0
2019,다아5803,cp2_bnu_68,0
2019,다아5803,cp2_bnu_95,3
2019,다아5804,cp2_bnu_42,0
2019,다아5804,cp2_bnu_55,0
2019,다아5804,cp2_bnu_91,0
2019,다아5805,cp2_bnu_47,0
2019,다아5806,cp2_bnu_42,0
2019,다아5806,cp2_bnu_46,3
2019,다아5806,cp2_bnu_47,5
2019,다아5806,cp2_bnu_56,5
2019,다아5806,cp2_bnu_87,3
2019,다아5806,cp2_bnu_91,0
2019,다아5806,cp2_bnu_94,0
2019,다아5809,cp2_bnu_01,0
2019,다아5809,cp2_bnu_10,0
2019,다아5810,cp2_bnu_56,3
2019,다아5811,cp2_bnu_36,3
2019,다아5811,cp2_bnu_47,0
2019,다아5811,cp2_bnu_56,5
2019,다아5811,cp2_bnu_94,3
2019,다아5814,cp2_bnu_55,0
2019,다아5814,cp2_bnu_91,0
2019,다아5814,cp2_bnu_94,0
2019,다아5815,cp2_bnu_01,0
2019,다아5815,cp2_bnu_47,0
2019,다아5815,cp2_bnu_55,0
2019,다아5902,cp2_bnu_13,0
2019,다아5902,cp2_bnu_15,3
2019,다아5902,cp2_bnu_38,3
2019,다아5903,cp2_bnu_10,3
2019,다아5903,cp2_bnu_42,3
2019,다아5903,cp2_bnu_46,0
2019,다아5903,cp2_bnu_47,0
2019,다아5903,cp2_bnu_56,3
2019,다아5903,cp2_bnu_73,0
2019,다아5903,cp2_bnu_85,0
2019,다아5903,cp2_bnu_87,0
2019,다아5903,cp2_bnu_91,0
2019,다아5903,cp2_bnu_94,0
2019,다아5904,cp2_bnu_38,0
2019,다아5904,cp2_bnu_47,0
2019,다아5904,cp2_bnu_91,3
2019,다아5905,cp2_bnu_47,3
2019,다아5908,cp2_bnu_68,3
2019,다아5908,cp2_bnu_73,3
2019,다아5912,cp2_bnu_56,0
2019,다아6000,cp2_bnu_23,0
2019,다아6000,cp2_bnu_38,3
2019,다아6000,cp2_bnu_46,3
2019,다아6000,cp2_bnu_47,3
2019,다아6000,cp2_bnu_56,5
2019,다아6000,cp2_bnu_68,0
2019,다아6000,cp2_bnu_94,3
2019,다아6001,cp2_bnu_91,0
2019,다아6002,cp2_bnu_10,0
2019,다아6002,cp2_bnu_37,0
2019,다아6002,cp2_bnu_38,0
2019,다아6002,cp2_bnu_94,0
2019,다아6003,cp2_bnu_10,3
2019,다아6003,cp2_bnu_25,0
2019,다아6003,cp2_bnu_42,3
2019,다아6003,cp2_bnu_46,0
2019,다아6003,cp2_bnu_47,5
2019,다아6003,cp2_bnu_49,3
2019,다아6003,cp2_bnu_68,0
2019,다아6003,cp2_bnu_74,0
2019,다아6003,cp2_bnu_95,0
2019,다아6005,cp2_bnu_01,0
2019,다아6005,cp2_bnu_20,0
2019,다아6005,cp2_bnu_49,0
2019,다아6006,cp2_bnu_10,0
2019,다아6006,cp2_bnu_94,0
2019,다아6007,cp2_bnu_10,3
2019,다아6007,cp2_bnu_28,0
2019,다아6007,cp2_bnu_41,0
2019,다아6008,cp2_bnu_46,3
2019,다아6009,cp2_bnu_10,3
2019,다아6012,cp2_bnu_47,0
2019,다아6013,cp2_bnu_10,3
2019,다아6013,cp2_bnu_47,3
2019,다아6013,cp2_bnu_55,3
2019,다아6013,cp2_bnu_56,0
2019,다아6013,cp2_bnu_90,0
2019,다아6013,cp2_bnu_94,3
2019,다아6014,cp2_bnu_55,3
2019,다아6014,cp2_bnu_56,0
2019,다아6100,cp2_bnu_47,0
2019,다아6100,cp2_bnu_55,0
2019,다아6100,cp2_bnu_56,5
2019,다아6100,cp2_bnu_91,3
2019,다아6100,cp2_bnu_94,0
2019,다아6101,cp2_bnu_42,3
2019,다아6101,cp2_bnu_45,3
2019,다아6101,cp2_bnu_46,0
2019,다아6101,cp2_bnu_47,3
2019,다아6101,cp2_bnu_55,3
2019,다아6101,cp2_bnu_56,8
2019,다아6101,cp2_bnu_74,0
2019,다아6101,cp2_bnu_85,3
2019,다아6101,cp2_bnu_87,0
2019,다아6101,cp2_bnu_90,3
2019,다아6101,cp2_bnu_91,3
2019,다아6101,cp2_bnu_94,3
2019,다아6101,cp2_bnu_95,3
2019,다아6102,cp2_bnu_10,0
2019,다아6102,cp2_bnu_20,3
2019,다아6102,cp2_bnu_33,3
2019,다아6102,cp2_bnu_41,3
2019,다아6102,cp2_bnu_42,5
2019,다아6102,cp2_bnu_46,8
2019,다아6102,cp2_bnu_47,14
2019,다아6102,cp2_bnu_49,0
2019,다아6102,cp2_bnu_52,0
2019,다아6102,cp2_bnu_56,14
2019,다아6102,cp2_bnu_58,3
2019,다아6102,cp2_bnu_65,3
2019,다아6102,cp2_bnu_66,3
2019,다아6102,cp2_bnu_68,5
2019,다아6102,cp2_bnu_71,3
2019,다아6102,cp2_bnu_73,3
2019,다아6102,cp2_bnu_74,3
2019,다아6102,cp2_bnu_75,3
2019,다아6102,cp2_bnu_76,3
2019,다아6102,cp2_bnu_86,0
2019,다아6102,cp2_bnu_87,5
2019,다아6102,cp2_bnu_91,3
2019,다아6102,cp2_bnu_94,8
2019,다아6102,cp2_bnu_95,8
2019,다아6102,cp2_bnu_96,0
2019,다아6103,cp2_bnu_10,3
2019,다아6103,cp2_bnu_13,0
2019,다아6103,cp2_bnu_18,3
2019,다아6103,cp2_bnu_23,3
2019,다아6103,cp2_bnu_25,5
2019,다아6103,cp2_bnu_33,3
2019,다아6103,cp2_bnu_37,5
2019,다아6103,cp2_bnu_38,3
2019,다아6103,cp2_bnu_41,3
2019,다아6103,cp2_bnu_42,11
2019,다아6103,cp2_bnu_45,5
2019,다아6103,cp2_bnu_46,11
2019,다아6103,cp2_bnu_47,41
2019,다아6103,cp2_bnu_49,3
2019,다아6103,cp2_bnu_56,23
2019,다아6103,cp2_bnu_64,0
2019,다아6103,cp2_bnu_68,12
2019,다아6103,cp2_bnu_71,3
2019,다아6103,cp2_bnu_75,3
2019,다아6103,cp2_bnu_76,3
2019,다아6103,cp2_bnu_84,0
2019,다아6103,cp2_bnu_85,0
2019,다아6103,cp2_bnu_87,8
2019,다아6103,cp2_bnu_91,5
2019,다아6103,cp2_bnu_94,5
2019,다아6103,cp2_bnu_95,8
2019,다아6103,cp2_bnu_96,8
2019,다아6104,cp2_bnu_34,3
2019,다아6104,cp2_bnu_41,0
2019,다아6104,cp2_bnu_42,5
2019,다아6104,cp2_bnu_47,3
2019,다아6104,cp2_bnu_49,3
2019,다아6104,cp2_bnu_55,3
2019,다아6104,cp2_bnu_87,3
2019,다아6104,cp2_bnu_94,3
2019,다아6105,cp2_bnu_10,0
2019,다아6105,cp2_bnu_41,3
2019,다아6105,cp2_bnu_42,3
2019,다아6105,cp2_bnu_46,3
2019,다아6105,cp2_bnu_47,0
2019,다아6105,cp2_bnu_56,0
2019,다아6106,cp2_bnu_46,3
2019,다아6107,cp2_bnu_47,0
2019,다아6107,cp2_bnu_94,0
2019,다아6111,cp2_bnu_10,3
2019,다아6111,cp2_bnu_20,0
2019,다아6111,cp2_bnu_49,0
2019,다아6113,cp2_bnu_10,0
2019,다아6114,cp2_bnu_91,0
2019,다아6114,cp2_bnu_94,0
2019,다아6115,cp2_bnu_55,3
2019,다아6118,cp2_bnu_47,3
2019,다아6200,cp2_bnu_13,3
2019,다아6200,cp2_bnu_20,3
2019,다아6200,cp2_bnu_23,0
2019,다아6200,cp2_bnu_34,0
2019,다아6200,cp2_bnu_38,3
2019,다아6200,cp2_bnu_41,0
2019,다아6200,cp2_bnu_42,3
2019,다아6200,cp2_bnu_46,5
2019,다아6200,cp2_bnu_47,5
2019,다아6200,cp2_bnu_56,3
2019,다아6200,cp2_bnu_68,0
2019,다아6200,cp2_bnu_87,0
2019,다아6200,cp2_bnu_94,0
2019,다아6200,cp2_bnu_96,0
2019,다아6201,cp2_bnu_10,0
2019,다아6201,cp2_bnu_26,0
2019,다아6201,cp2_bnu_35,0
2019,다아6201,cp2_bnu_41,7
2019,다아6201,cp2_bnu_42,11
2019,다아6201,cp2_bnu_45,0
2019,다아6201,cp2_bnu_46,5
2019,다아6201,cp2_bnu_47,14
2019,다아6201,cp2_bnu_49,3
2019,다아6201,cp2_bnu_52,0
2019,다아6201,cp2_bnu_55,8
2019,다아6201,cp2_bnu_56,18
2019,다아6201,cp2_bnu_68,5
2019,다아6201,cp2_bnu_70,0
2019,다아6201,cp2_bnu_74,0
2019,다아6201,cp2_bnu_76,3
2019,다아6201,cp2_bnu_84,3
2019,다아6201,cp2_bnu_86,0
2019,다아6201,cp2_bnu_87,5
2019,다아6201,cp2_bnu_94,5
2019,다아6201,cp2_bnu_95,8
2019,다아6201,cp2_bnu_96,3
2019,다아6202,cp2_bnu_01,3
2019,다아6202,cp2_bnu_10,11
2019,다아6202,cp2_bnu_13,0
2019,다아6202,cp2_bnu_16,0
2019,다아6202,cp2_bnu_18,3
2019,다아6202,cp2_bnu_25,3
2019,다아6202,cp2_bnu_27,3
2019,다아6202,cp2_bnu_29,3
2019,다아6202,cp2_bnu_32,3
2019,다아6202,cp2_bnu_33,3
2019,다아6202,cp2_bnu_34,3
2019,다아6202,cp2_bnu_41,5
2019,다아6202,cp2_bnu_42,30
2019,다아6202,cp2_bnu_45,5
2019,다아6202,cp2_bnu_46,18
2019,다아6202,cp2_bnu_47,135
2019,다아6202,cp2_bnu_49,5
2019,다아6202,cp2_bnu_52,3
2019,다아6202,cp2_bnu_55,11
2019,다아6202,cp2_bnu_56,200
2019,다아6202,cp2_bnu_58,0
2019,다아6202,cp2_bnu_61,3
2019,다아6202,cp2_bnu_64,5
2019,다아6202,cp2_bnu_65,5
2019,다아6202,cp2_bnu_66,3
2019,다아6202,cp2_bnu_68,28
2019,다아6202,cp2_bnu_71,5
2019,다아6202,cp2_bnu_72,3
2019,다아6202,cp2_bnu_73,5
2019,다아6202,cp2_bnu_75,5
2019,다아6202,cp2_bnu_76,0
2019,다아6202,cp2_bnu_84,3
2019,다아6202,cp2_bnu_85,24
2019,다아6202,cp2_bnu_86,16
2019,다아6202,cp2_bnu_87,17
2019,다아6202,cp2_bnu_90,3
2019,다아6202,cp2_bnu_91,38
2019,다아6202,cp2_bnu_94,23
2019,다아6202,cp2_bnu_95,17
2019,다아6202,cp2_bnu_96,58
2019,다아6203,cp2_bnu_10,17
2019,다아6203,cp2_bnu_11,0
2019,다아6203,cp2_bnu_17,3
2019,다아6203,cp2_bnu_18,3
2019,다아6203,cp2_bnu_23,0
2019,다아6203,cp2_bnu_25,3
2019,다아6203,cp2_bnu_33,5
2019,다아6203,cp2_bnu_41,3
2019,다아6203,cp2_bnu_42,14
2019,다아6203,cp2_bnu_46,8
2019,다아6203,cp2_bnu_47,136
2019,다아6203,cp2_bnu_49,5
2019,다아6203,cp2_bnu_55,8
2019,다아6203,cp2_bnu_56,148
2019,다아6203,cp2_bnu_63,3
2019,다아6203,cp2_bnu_64,3
2019,다아6203,cp2_bnu_65,0
2019,다아6203,cp2_bnu_66,5
2019,다아6203,cp2_bnu_68,11
2019,다아6203,cp2_bnu_71,0
2019,다아6203,cp2_bnu_73,3
2019,다아6203,cp2_bnu_74,3
2019,다아6203,cp2_bnu_75,3
2019,다아6203,cp2_bnu_76,3
2019,다아6203,cp2_bnu_85,44
2019,다아6203,cp2_bnu_86,14
2019,다아6203,cp2_bnu_87,20
2019,다아6203,cp2_bnu_90,3
2019,다아6203,cp2_bnu_91,26
2019,다아6203,cp2_bnu_94,21
2019,다아6203,cp2_bnu_95,11
2019,다아6203,cp2_bnu_96,44
2019,다아6204,cp2_bnu_10,3
2019,다아6204,cp2_bnu_41,0
2019,다아6204,cp2_bnu_42,0
2019,다아6204,cp2_bnu_46,0
2019,다아6204,cp2_bnu_47,3
2019,다아6204,cp2_bnu_55,5
2019,다아6204,cp2_bnu_56,3
2019,다아6204,cp2_bnu_94,0
2019,다아6205,cp2_bnu_10,0
2019,다아6205,cp2_bnu_20,0
2019,다아6205,cp2_bnu_25,0
2019,다아6205,cp2_bnu_28,0
2019,다아6205,cp2_bnu_41,3
2019,다아6205,cp2_bnu_42,5
2019,다아6205,cp2_bnu_46,3
2019,다아6205,cp2_bnu_47,5
2019,다아6205,cp2_bnu_56,5
2019,다아6205,cp2_bnu_68,3
2019,다아6205,cp2_bnu_84,0
2019,다아6205,cp2_bnu_94,3
2019,다아6205,cp2_bnu_95,3
2019,다아6206,cp2_bnu_10,3
2019,다아6206,cp2_bnu_32,3
2019,다아6206,cp2_bnu_38,0
2019,다아6207,cp2_bnu_46,0
2019,다아6208,cp2_bnu_46,0
2019,다아6208,cp2_bnu_47,3
2019,다아6208,cp2_bnu_56,5
2019,다아6208,cp2_bnu_68,0
2019,다아6208,cp2_bnu_74,0
2019,다아6208,cp2_bnu_87,0
2019,다아6208,cp2_bnu_90,0
2019,다아6208,cp2_bnu_91,0
2019,다아6208,cp2_bnu_96,0
2019,다아6209,cp2_bnu_01,0
2019,다아6209,cp2_bnu_25,3
2019,다아6209,cp2_bnu_42,0
2019,다아6209,cp2_bnu_46,3
2019,다아6209,cp2_bnu_47,0
2019,다아6209,cp2_bnu_56,5
2019,다아6209,cp2_bnu_64,3
2019,다아6209,cp2_bnu_70,0
2019,다아6210,cp2_bnu_01,0
2019,다아6210,cp2_bnu_10,5
2019,다아6210,cp2_bnu_15,3
2019,다아6210,cp2_bnu_18,0
2019,다아6210,cp2_bnu_23,0
2019,다아6210,cp2_bnu_25,0
2019,다아6210,cp2_bnu_28,0
2019,다아6210,cp2_bnu_33,0
2019,다아6210,cp2_bnu_37,3
2019,다아6210,cp2_bnu_41,9
2019,다아6210,cp2_bnu_42,11
2019,다아6210,cp2_bnu_46,5
2019,다아6210,cp2_bnu_47,8
2019,다아6210,cp2_bnu_49,19
2019,다아6210,cp2_bnu_52,3
2019,다아6210,cp2_bnu_56,8
2019,다아6210,cp2_bnu_64,0
2019,다아6210,cp2_bnu_68,5
2019,다아6210,cp2_bnu_71,3
2019,다아6210,cp2_bnu_72,20
2019,다아6210,cp2_bnu_84,5
2019,다아6210,cp2_bnu_85,5
2019,다아6210,cp2_bnu_87,5
2019,다아6210,cp2_bnu_90,0
2019,다아6210,cp2_bnu_94,11
2019,다아6210,cp2_bnu_95,5
2019,다아6210,cp2_bnu_96,0
2019,다아6211,cp2_bnu_10,8
2019,다아6211,cp2_bnu_13,0
2019,다아6211,cp2_bnu_41,3
2019,다아6211,cp2_bnu_42,8
2019,다아6211,cp2_bnu_46,8
2019,다아6211,cp2_bnu_47,43
2019,다아6211,cp2_bnu_49,3
2019,다아6211,cp2_bnu_55,4
2019,다아6211,cp2_bnu_56,71
2019,다아6211,cp2_bnu_61,0
2019,다아6211,cp2_bnu_64,0
2019,다아6211,cp2_bnu_66,3
2019,다아6211,cp2_bnu_68,10
2019,다아6211,cp2_bnu_71,3
2019,다아6211,cp2_bnu_73,3
2019,다아6211,cp2_bnu_75,3
2019,다아6211,cp2_bnu_84,5
2019,다아6211,cp2_bnu_85,8
2019,다아6211,cp2_bnu_86,5
2019,다아6211,cp2_bnu_87,5
2019,다아6211,cp2_bnu_90,0
2019,다아6211,cp2_bnu_91,9
2019,다아6211,cp2_bnu_94,5
2019,다아6211,cp2_bnu_95,8
2019,다아6211,cp2_bnu_96,14
2019,다아6212,cp2_bnu_10,5
2019,다아6212,cp2_bnu_16,0
2019,다아6212,cp2_bnu_34,3
2019,다아6212,cp2_bnu_41,3
2019,다아6212,cp2_bnu_42,0
2019,다아6212,cp2_bnu_46,0
2019,다아6212,cp2_bnu_47,5
2019,다아6212,cp2_bnu_56,3
2019,다아6212,cp2_bnu_84,3
2019,다아6212,cp2_bnu_85,3
2019,다아6212,cp2_bnu_87,5
2019,다아6212,cp2_bnu_95,3
2019,다아6213,cp2_bnu_56,0
2019,다아6213,cp2_bnu_87,3
2019,다아6214,cp2_bnu_34,0
2019,다아6214,cp2_bnu_46,0
2019,다아6214,cp2_bnu_47,0
2019,다아6215,cp2_bnu_47,3
2019,다아6215,cp2_bnu_56,0
2019,다아6215,cp2_bnu_64,0
2019,다아6215,cp2_bnu_85,3
2019,다아6215,cp2_bnu_86,3
2019,다아6215,cp2_bnu_94,0
2019,다아6300,cp2_bnu_13,30
2019,다아6300,cp2_bnu_15,0
2019,다아6300,cp2_bnu_34,0
2019,다아6300,cp2_bnu_35,3
2019,다아6300,cp2_bnu_37,0
2019,다아6300,cp2_bnu_42,0
2019,다아6300,cp2_bnu_46,3
2019,다아6300,cp2_bnu_47,0
2019,다아6300,cp2_bnu_55,0
2019,다아6300,cp2_bnu_56,3
2019,다아6300,cp2_bnu_94,3
2019,다아6301,cp2_bnu_13,3
2019,다아6301,cp2_bnu_47,3
2019,다아6301,cp2_bnu_56,5
2019,다아6301,cp2_bnu_94,3
2019,다아6303,cp2_bnu_87,0
2019,다아6304,cp2_bnu_22,3
2019,다아6304,cp2_bnu_24,0
2019,다아6304,cp2_bnu_56,0
2019,다아6304,cp2_bnu_87,3
2019,다아6304,cp2_bnu_94,3
2019,다아6305,cp2_bnu_55,0
2019,다아6306,cp2_bnu_85,0
2019,다아6307,cp2_bnu_94,3
2019,다아6308,cp2_bnu_10,3
2019,다아6308,cp2_bnu_13,3
2019,다아6308,cp2_bnu_42,0
2019,다아6308,cp2_bnu_47,3
2019,다아6308,cp2_bnu_56,3
2019,다아6308,cp2_bnu_68,3
2019,다아6308,cp2_bnu_94,3
2019,다아6309,cp2_bnu_02,0
2019,다아6309,cp2_bnu_42,3
2019,다아6309,cp2_bnu_46,3
2019,다아6309,cp2_bnu_47,3
2019,다아6309,cp2_bnu_56,0
2019,다아6309,cp2_bnu_64,0
2019,다아6309,cp2_bnu_84,0
2019,다아6309,cp2_bnu_96,3
2019,다아6310,cp2_bnu_72,0
2019,다아6311,cp2_bnu_24,0
2019,다아6311,cp2_bnu_41,3
2019,다아6311,cp2_bnu_42,5
2019,다아6311,cp2_bnu_47,5
2019,다아6311,cp2_bnu_56,5
2019,다아6311,cp2_bnu_68,5
2019,다아6311,cp2_bnu_70,0
2019,다아6311,cp2_bnu_71,0
2019,다아6311,cp2_bnu_74,0
2019,다아6311,cp2_bnu_85,3
2019,다아6311,cp2_bnu_87,5
2019,다아6311,cp2_bnu_90,0
2019,다아6311,cp2_bnu_91,3
2019,다아6311,cp2_bnu_94,8
2019,다아6311,cp2_bnu_96,0
2019,다아6312,cp2_bnu_42,0
2019,다아6312,cp2_bnu_56,5
2019,다아6312,cp2_bnu_87,3
2019,다아6312,cp2_bnu_90,0
2019,다아6312,cp2_bnu_94,3
2019,다아6313,cp2_bnu_46,0
2019,다아6313,cp2_bnu_94,0
2019,다아6314,cp2_bnu_10,3
2019,다아6314,cp2_bnu_42,0
2019,다아6314,cp2_bnu_47,3
2019,다아6314,cp2_bnu_56,10
2019,다아6314,cp2_bnu_68,0
2019,다아6314,cp2_bnu_90,3
2019,다아6314,cp2_bnu_94,3
2019,다아6315,cp2_bnu_01,0
2019,다아6315,cp2_bnu_33,0
2019,다아6315,cp2_bnu_41,0
2019,다아6315,cp2_bnu_42,5
2019,다아6315,cp2_bnu_47,3
2019,다아6315,cp2_bnu_94,5
2019,다아6400,cp2_bnu_07,3
2019,다아6400,cp2_bnu_20,3
2019,다아6400,cp2_bnu_23,0
2019,다아6400,cp2_bnu_38,0
2019,다아6400,cp2_bnu_42,0
2019,다아6400,cp2_bnu_45,0
2019,다아6400,cp2_bnu_46,0
2019,다아6400,cp2_bnu_49,3
2019,다아6400,cp2_bnu_95,3
2019,다아6401,cp2_bnu_38,0
2019,다아6401,cp2_bnu_42,0
2019,다아6401,cp2_bnu_47,0
2019,다아6401,cp2_bnu_56,0
2019,다아6401,cp2_bnu_95,0
2019,다아6403,cp2_bnu_32,0
2019,다아6403,cp2_bnu_55,3
2019,다아6403,cp2_bnu_68,0
2019,다아6404,cp2_bnu_10,0
2019,다아6404,cp2_bnu_37,0
2019,다아6404,cp2_bnu_47,3
2019,다아6404,cp2_bnu_55,0
2019,다아6404,cp2_bnu_56,0
2019,다아6404,cp2_bnu_91,0
2019,다아6406,cp2_bnu_41,0
2019,다아6406,cp2_bnu_87,3
2019,다아6407,cp2_bnu_47,0
2019,다아6408,cp2_bnu_10,0
2019,다아6408,cp2_bnu_87,0
2019,다아6409,cp2_bnu_91,3
2019,다아6410,cp2_bnu_20,0
2019,다아6410,cp2_bnu_46,0
2019,다아6410,cp2_bnu_94,0
2019,다아6410,cp2_bnu_96,3
2019,다아6413,cp2_bnu_49,5
2019,다아6415,cp2_bnu_25,3
2019,다아6415,cp2_bnu_47,3
2019,다아6415,cp2_bnu_91,0
2019,다아6415,cp2_bnu_94,3
2019,다아6416,cp2_bnu_47,0
2019,다아6416,cp2_bnu_56,0
2019,다아6416,cp2_bnu_94,3
2019,다아6418,cp2_bnu_37,0
2019,다아6420,cp2_bnu_46,0
2019,다아6501,cp2_bnu_15,0
2019,다아6501,cp2_bnu_47,3
2019,다아6502,cp2_bnu_22,3
2019,다아6502,cp2_bnu_47,0
2019,다아6502,cp2_bnu_56,3
2019,다아6502,cp2_bnu_94,0
2019,다아6503,cp2_bnu_10,0
2019,다아6503,cp2_bnu_23,3
2019,다아6503,cp2_bnu_42,3
2019,다아6503,cp2_bnu_46,3
2019,다아6503,cp2_bnu_47,11
2019,다아6503,cp2_bnu_56,14
2019,다아6503,cp2_bnu_61,0
2019,다아6503,cp2_bnu_64,0
2019,다아6503,cp2_bnu_68,3
2019,다아6503,cp2_bnu_85,3
2019,다아6503,cp2_bnu_86,3
2019,다아6503,cp2_bnu_87,0
2019,다아6503,cp2_bnu_90,0
2019,다아6503,cp2_bnu_91,0
2019,다아6503,cp2_bnu_94,3
2019,다아6503,cp2_bnu_95,5
2019,다아6503,cp2_bnu_96,3
2019,다아6504,cp2_bnu_23,0
2019,다아6504,cp2_bnu_55,3
2019,다아6505,cp2_bnu_10,0
2019,다아6505,cp2_bnu_13,0
2019,다아6505,cp2_bnu_47,0
2019,다아6505,cp2_bnu_55,3
2019,다아6505,cp2_bnu_56,0
2019,다아6505,cp2_bnu_91,0
2019,다아6506,cp2_bnu_94,0
2019,다아6507,cp2_bnu_20,3
2019,다아6507,cp2_bnu_55,0
2019,다아6507,cp2_bnu_56,0
2019,다아6507,cp2_bnu_86,0
2019,다아6507,cp2_bnu_90,3
2019,다아6507,cp2_bnu_94,0
2019,다아6509,cp2_bnu_10,0
2019,다아6509,cp2_bnu_55,3
2019,다아6509,cp2_bnu_56,0
2019,다아6510,cp2_bnu_76,5
2019,다아6510,cp2_bnu_87,0
2019,다아6517,cp2_bnu_55,0
2019,다아6517,cp2_bnu_56,3
2019,다아6518,cp2_bnu_42,3
2019,다아6518,cp2_bnu_94,5
2019,다아6519,cp2_bnu_25,3
2019,다아6519,cp2_bnu_34,0
2019,다아6519,cp2_bnu_42,3
2019,다아6519,cp2_bnu_46,0
2019,다아6519,cp2_bnu_47,3
2019,다아6519,cp2_bnu_56,0
2019,다아6519,cp2_bnu_70,3
2019,다아6520,cp2_bnu_10,8
2019,다아6520,cp2_bnu_18,0
2019,다아6520,cp2_bnu_34,3
2019,다아6520,cp2_bnu_42,5
2019,다아6520,cp2_bnu_46,5
2019,다아6520,cp2_bnu_47,18
2019,다아6520,cp2_bnu_55,5
2019,다아6520,cp2_bnu_56,35
2019,다아6520,cp2_bnu_61,3
2019,다아6520,cp2_bnu_64,3
2019,다아6520,cp2_bnu_66,0
2019,다아6520,cp2_bnu_68,3
2019,다아6520,cp2_bnu_75,3
2019,다아6520,cp2_bnu_84,3
2019,다아6520,cp2_bnu_85,3
2019,다아6520,cp2_bnu_86,0
2019,다아6520,cp2_bnu_87,3
2019,다아6520,cp2_bnu_91,5
2019,다아6520,cp2_bnu_94,8
2019,다아6520,cp2_bnu_95,3
2019,다아6520,cp2_bnu_96,8
2019,다아6521,cp2_bnu_47,3
2019,다아6521,cp2_bnu_94,3
2019,다아6602,cp2_bnu_01,3
2019,다아6602,cp2_bnu_10,3
2019,다아6602,cp2_bnu_55,3
2019,다아6603,cp2_bnu_13,0
2019,다아6603,cp2_bnu_87,0
2019,다아6603,cp2_bnu_94,0
2019,다아6604,cp2_bnu_46,3
2019,다아6604,cp2_bnu_55,0
2019,다아6604,cp2_bnu_56,0
2019,다아6604,cp2_bnu_90,0
2019,다아6606,cp2_bnu_56,0
2019,다아6607,cp2_bnu_47,5
2019,다아6607,cp2_bnu_55,3
2019,다아6607,cp2_bnu_56,3
2019,다아6608,cp2_bnu_94,3
2019,다아6611,cp2_bnu_47,3
2019,다아6611,cp2_bnu_55,0
2019,다아6611,cp2_bnu_76,3
2019,다아6612,cp2_bnu_76,5
2019,다아6620,cp2_bnu_49,4
2019,다아6621,cp2_bnu_10,0
2019,다아6621,cp2_bnu_72,3
2019,다아6622,cp2_bnu_47,0
2019,다아6702,cp2_bnu_10,0
2019,다아6702,cp2_bnu_47,3
2019,다아6702,cp2_bnu_56,3
2019,다아6702,cp2_bnu_63,0
2019,다아6702,cp2_bnu_85,0
2019,다아6706,cp2_bnu_41,3
2019,다아6706,cp2_bnu_56,0
2019,다아6707,cp2_bnu_55,3
2019,다아6707,cp2_bnu_56,3
2019,다아6707,cp2_bnu_87,3
2019,다아6707,cp2_bnu_94,3
2019,다아6712,cp2_bnu_76,0
2019,다아6714,cp2_bnu_11,0
2019,다아6714,cp2_bnu_55,3
2019,다아6714,cp2_bnu_56,3
2019,다아6715,cp2_bnu_47,3
2019,다아6715,cp2_bnu_55,0
2019,다아6717,cp2_bnu_42,0
2019,다아6717,cp2_bnu_94,0
2019,다아6721,cp2_bnu_20,0
2019,다아6721,cp2_bnu_52,0
2019,다아6722,cp2_bnu_10,3
2019,다아6802,cp2_bnu_31,0
2019,다아6802,cp2_bnu_47,5
2019,다아6802,cp2_bnu_55,5
2019,다아6802,cp2_bnu_56,9
2019,다아6802,cp2_bnu_61,3
2019,다아6802,cp2_bnu_68,0
2019,다아6802,cp2_bnu_84,0
2019,다아6802,cp2_bnu_91,0
2019,다아6802,cp2_bnu_94,0
2019,다아6802,cp2_bnu_96,0
2019,다아6814,cp2_bnu_47,3
2019,다아6814,cp2_bnu_55,0
2019,다아6814,cp2_bnu_56,3
2019,다아6815,cp2_bnu_55,3
2019,다아6816,cp2_bnu_47,0
2019,다아6816,cp2_bnu_55,3
2019,다아6816,cp2_bnu_56,3
2019,다아6817,cp2_bnu_55,3
2019,다아6817,cp2_bnu_56,0
2019,다아6817,cp2_bnu_85,3
2019,다아6823,cp2_bnu_10,3
2019,다아6823,cp2_bnu_42,3
2019,다아6823,cp2_bnu_47,5
2019,다아6823,cp2_bnu_49,3
2019,다아6823,cp2_bnu_55,3
2019,다아6823,cp2_bnu_56,26
2019,다아6823,cp2_bnu_68,0
2019,다아6823,cp2_bnu_94,3
2019,다아6901,cp2_bnu_23,3
2019,다아6901,cp2_bnu_46,0
2019,다아6901,cp2_bnu_55,0
2019,다아6914,cp2_bnu_94,3
2019,다아6917,cp2_bnu_55,0
2019,다아6917,cp2_bnu_56,0
2019,다아6923,cp2_bnu_47,3
2019,다아6923,cp2_bnu_56,3
2019,다아6923,cp2_bnu_75,3
2019,다아6923,cp2_bnu_91,0
2019,다아6928,cp2_bnu_10,0
2019,다아7000,cp2_bnu_13,0
2019,다아7000,cp2_bnu_22,0
2019,다아7000,cp2_bnu_33,5
2019,다아7000,cp2_bnu_34,0
2019,다아7000,cp2_bnu_45,0
2019,다아7000,cp2_bnu_76,0
2019,다아7001,cp2_bnu_22,0
2019,다아7001,cp2_bnu_23,3
2019,다아7001,cp2_bnu_47,3
2019,다아7002,cp2_bnu_55,0
2019,다아7002,cp2_bnu_85,3
2019,다아7027,cp2_bnu_56,0
2019,다아7028,cp2_bnu_47,0
2019,다아7029,cp2_bnu_01,3
2019,다아7029,cp2_bnu_10,0
2019,다아7029,cp2_bnu_41,3
2019,다아7029,cp2_bnu_47,8
2019,다아7029,cp2_bnu_56,5
2019,다아7029,cp2_bnu_85,3
2019,다아7029,cp2_bnu_86,0
2019,다아7029,cp2_bnu_94,3
2019,다아7100,cp2_bnu_47,3
2019,다아7101,cp2_bnu_01,0
2019,다아7102,cp2_bnu_20,0
2019,다아7102,cp2_bnu_46,0
2019,다아7102,cp2_bnu_47,0
2019,다아7102,cp2_bnu_56,3
2019,다아7124,cp2_bnu_38,3
2019,다아7129,cp2_bnu_10,0
2019,다아7129,cp2_bnu_47,3
2019,다아7200,cp2_bnu_01,0
2019,다아7200,cp2_bnu_10,0
2019,다아7201,cp2_bnu_01,3
2019,다아7201,cp2_bnu_20,3
2019,다아7201,cp2_bnu_33,3
2019,다아7202,cp2_bnu_10,5
2019,다아7202,cp2_bnu_46,3
2019,다아7202,cp2_bnu_47,3
2019,다아7202,cp2_bnu_56,5
2019,다아7202,cp2_bnu_64,3
2019,다아7202,cp2_bnu_68,3
2019,다아7202,cp2_bnu_76,0
2019,다아7202,cp2_bnu_86,3
2019,다아7202,cp2_bnu_87,3
2019,다아7202,cp2_bnu_94,3
2019,다아7202,cp2_bnu_95,0
2019,다아7203,cp2_bnu_10,3
2019,다아7203,cp2_bnu_47,3
2019,다아7203,cp2_bnu_85,0
2019,다아7218,cp2_bnu_55,0
2019,다아7224,cp2_bnu_55,0
2019,다아7300,cp2_bnu_16,0
2019,다아7300,cp2_bnu_41,3
2019,다아7300,cp2_bnu_94,0
2019,다아7301,cp2_bnu_23,4
2019,다아7301,cp2_bnu_37,3
2019,다아7301,cp2_bnu_46,3
2019,다아7301,cp2_bnu_47,0
2019,다아7301,cp2_bnu_56,3
2019,다아7302,cp2_bnu_10,0
2019,다아7303,cp2_bnu_13,3
2019,다아7303,cp2_bnu_16,0
2019,다아7303,cp2_bnu_22,0
2019,다아7303,cp2_bnu_23,3
2019,다아7303,cp2_bnu_25,3
2019,다아7303,cp2_bnu_94,0
2019,다아7304,cp2_bnu_13,3
2019,다아7304,cp2_bnu_16,0
2019,다아7304,cp2_bnu_20,3
2019,다아7304,cp2_bnu_22,3
2019,다아7304,cp2_bnu_87,3
2019,다아7305,cp2_bnu_56,3
2019,다아7311,cp2_bnu_55,3
2019,다아7311,cp2_bnu_56,3
2019,다아7311,cp2_bnu_91,0
2019,다아7317,cp2_bnu_55,3
2019,다아7327,cp2_bnu_47,3
2019,다아7327,cp2_bnu_56,0
2019,다아7327,cp2_bnu_94,0
2019,다아7328,cp2_bnu_47,5
2019,다아7328,cp2_bnu_56,3
2019,다아7400,cp2_bnu_01,3
2019,다아7400,cp2_bnu_20,3
2019,다아7400,cp2_bnu_33,0
2019,다아7400,cp2_bnu_46,0
2019,다아7401,cp2_bnu_10,0
2019,다아7401,cp2_bnu_20,0
2019,다아7401,cp2_bnu_46,0
2019,다아7401,cp2_bnu_47,3
2019,다아7401,cp2_bnu_56,0
2019,다아7401,cp2_bnu_94,0
2019,다아7401,cp2_bnu_95,3
2019,다아7401,cp2_bnu_96,0
2019,다아7402,cp2_bnu_47,0
2019,다아7404,cp2_bnu_10,3
2019,다아7404,cp2_bnu_13,0
2019,다아7409,cp2_bnu_46,0
2019,다아7409,cp2_bnu_47,0
2019,다아7409,cp2_bnu_56,3
2019,다아7409,cp2_bnu_86,0
2019,다아7409,cp2_bnu_94,3
2019,다아7410,cp2_bnu_96,3
2019,다아7411,cp2_bnu_85,0
2019,다아7411,cp2_bnu_94,0
2019,다아7412,cp2_bnu_42,3
2019,다아7412,cp2_bnu_46,3
2019,다아7413,cp2_bnu_01,3
2019,다아7416,cp2_bnu_47,0
2019,다아7416,cp2_bnu_55,5
2019,다아7422,cp2_bnu_10,0
2019,다아7422,cp2_bnu_41,5
2019,다아7422,cp2_bnu_42,3
2019,다아7422,cp2_bnu_46,0
2019,다아7422,cp2_bnu_47,5
2019,다아7422,cp2_bnu_56,5
2019,다아7422,cp2_bnu_85,5
2019,다아7422,cp2_bnu_87,0
2019,다아7422,cp2_bnu_94,3
2019,다아7422,cp2_bnu_96,0
2019,다아7423,cp2_bnu_37,3
2019,다아7423,cp2_bnu_42,5
2019,다아7423,cp2_bnu_47,5
2019,다아7423,cp2_bnu_56,11
2019,다아7423,cp2_bnu_61,3
2019,다아7423,cp2_bnu_63,3
2019,다아7423,cp2_bnu_68,5
2019,다아7423,cp2_bnu_74,0
2019,다아7423,cp2_bnu_75,0
2019,다아7423,cp2_bnu_84,3
2019,다아7423,cp2_bnu_85,11
2019,다아7423,cp2_bnu_86,3
2019,다아7423,cp2_bnu_87,3
2019,다아7423,cp2_bnu_90,0
2019,다아7423,cp2_bnu_91,3
2019,다아7423,cp2_bnu_94,5
2019,다아7423,cp2_bnu_95,0
2019,다아7423,cp2_bnu_96,3
2019,다아7424,cp2_bnu_10,3
2019,다아7424,cp2_bnu_11,0
2019,다아7424,cp2_bnu_34,5
2019,다아7424,cp2_bnu_42,3
2019,다아7424,cp2_bnu_46,5
2019,다아7424,cp2_bnu_47,8
2019,다아7424,cp2_bnu_52,3
2019,다아7424,cp2_bnu_56,8
2019,다아7424,cp2_bnu_68,3
2019,다아7424,cp2_bnu_71,3
2019,다아7424,cp2_bnu_75,3
2019,다아7424,cp2_bnu_87,3
2019,다아7424,cp2_bnu_91,0
2019,다아7424,cp2_bnu_94,0
2019,다아7424,cp2_bnu_96,3
2019,다아7425,cp2_bnu_10,3
2019,다아7425,cp2_bnu_34,0
2019,다아7425,cp2_bnu_47,3
2019,다아7425,cp2_bnu_49,3
2019,다아7425,cp2_bnu_55,0
2019,다아7425,cp2_bnu_68,3
2019,다아7425,cp2_bnu_87,0
2019,다아7425,cp2_bnu_94,3
2019,다아7425,cp2_bnu_96,0
2019,다아7427,cp2_bnu_10,0
2019,다아7427,cp2_bnu_46,3
2019,다아7427,cp2_bnu_47,0
2019,다아7427,cp2_bnu_56,0
2019,다아7427,cp2_bnu_68,5
2019,다아7427,cp2_bnu_94,3
2019,다아7431,cp2_bnu_47,0
2019,다아7500,cp2_bnu_01,0
2019,다아7500,cp2_bnu_10,0
2019,다아7500,cp2_bnu_22,0
2019,다아7500,cp2_bnu_23,0
2019,다아7500,cp2_bnu_32,3
2019,다아7501,cp2_bnu_10,0
2019,다아7501,cp2_bnu_13,3
2019,다아7501,cp2_bnu_20,0
2019,다아7501,cp2_bnu_24,3
2019,다아7501,cp2_bnu_34,0
2019,다아7501,cp2_bnu_46,3
2019,다아7501,cp2_bnu_47,5
2019,다아7501,cp2_bnu_56,5
2019,다아7501,cp2_bnu_85,0
2019,다아7501,cp2_bnu_94,3
2019,다아7505,cp2_bnu_22,0
2019,다아7505,cp2_bnu_38,3
2019,다아7506,cp2_bnu_47,3
2019,다아7508,cp2_bnu_10,3
2019,다아7508,cp2_bnu_47,3
2019,다아7508,cp2_bnu_56,3
2019,다아7508,cp2_bnu_74,0
2019,다아7508,cp2_bnu_84,0
2019,다아7509,cp2_bnu_56,7
2019,다아7509,cp2_bnu_94,0
2019,다아7511,cp2_bnu_42,0
2019,다아7511,cp2_bnu_91,0
2019,다아7511,cp2_bnu_96,0
2019,다아7512,cp2_bnu_06,0
2019,다아7514,cp2_bnu_25,3
2019,다아7514,cp2_bnu_55,0
2019,다아7516,cp2_bnu_01,0
2019,다아7516,cp2_bnu_10,0
2019,다아7516,cp2_bnu_38,0
2019,다아7516,cp2_bnu_46,0
2019,다아7516,cp2_bnu_55,3
2019,다아7516,cp2_bnu_94,3
2019,다아7517,cp2_bnu_10,3
2019,다아7517,cp2_bnu_22,0
2019,다아7517,cp2_bnu_56,0
2019,다아7518,cp2_bnu_10,3
2019,다아7518,cp2_bnu_46,0
2019,다아7519,cp2_bnu_01,0
2019,다아7520,cp2_bnu_01,3
2019,다아7520,cp2_bnu_10,3
2019,다아7520,cp2_bnu_46,3
2019,다아7521,cp2_bnu_10,3
2019,다아7521,cp2_bnu_22,0
2019,다아7521,cp2_bnu_28,0
2019,다아7521,cp2_bnu_41,0
2019,다아7521,cp2_bnu_42,5
2019,다아7521,cp2_bnu_45,5
2019,다아7521,cp2_bnu_46,3
2019,다아7521,cp2_bnu_47,0
2019,다아7521,cp2_bnu_49,3
2019,다아7521,cp2_bnu_56,3
2019,다아7521,cp2_bnu_68,3
2019,다아7521,cp2_bnu_73,0
2019,다아7521,cp2_bnu_76,0
2019,다아7521,cp2_bnu_85,3
2019,다아7521,cp2_bnu_87,3
2019,다아7521,cp2_bnu_91,3
2019,다아7521,cp2_bnu_94,0
2019,다아7521,cp2_bnu_95,5
2019,다아7521,cp2_bnu_96,3
2019,다아7522,cp2_bnu_10,3
2019,다아7522,cp2_bnu_16,0
2019,다아7522,cp2_bnu_25,3
2019,다아7522,cp2_bnu_33,0
2019,다아7522,cp2_bnu_34,3
2019,다아7522,cp2_bnu_38,0
2019,다아7522,cp2_bnu_39,0
2019,다아7522,cp2_bnu_41,11
2019,다아7522,cp2_bnu_42,22
2019,다아7522,cp2_bnu_45,5
2019,다아7522,cp2_bnu_46,5
2019,다아7522,cp2_bnu_47,68
2019,다아7522,cp2_bnu_49,3
2019,다아7522,cp2_bnu_55,3
2019,다아7522,cp2_bnu_56,76
2019,다아7522,cp2_bnu_58,0
2019,다아7522,cp2_bnu_64,0
2019,다아7522,cp2_bnu_65,3
2019,다아7522,cp2_bnu_68,5
2019,다아7522,cp2_bnu_71,3
2019,다아7522,cp2_bnu_73,3
2019,다아7522,cp2_bnu_75,0
2019,다아7522,cp2_bnu_76,5
2019,다아7522,cp2_bnu_84,0
2019,다아7522,cp2_bnu_85,24
2019,다아7522,cp2_bnu_86,5
2019,다아7522,cp2_bnu_87,5
2019,다아7522,cp2_bnu_90,0
2019,다아7522,cp2_bnu_91,5
2019,다아7522,cp2_bnu_94,5
2019,다아7522,cp2_bnu_95,14
2019,다아7522,cp2_bnu_96,16
2019,다아7523,cp2_bnu_10,22
2019,다아7523,cp2_bnu_13,3
2019,다아7523,cp2_bnu_14,0
2019,다아7523,cp2_bnu_18,0
2019,다아7523,cp2_bnu_25,3
2019,다아7523,cp2_bnu_27,0
2019,다아7523,cp2_bnu_33,5
2019,다아7523,cp2_bnu_34,5
2019,다아7523,cp2_bnu_35,0
2019,다아7523,cp2_bnu_37,0
2019,다아7523,cp2_bnu_41,8
2019,다아7523,cp2_bnu_42,14
2019,다아7523,cp2_bnu_45,3
2019,다아7523,cp2_bnu_46,14
2019,다아7523,cp2_bnu_47,190
2019,다아7523,cp2_bnu_49,3
2019,다아7523,cp2_bnu_52,3
2019,다아7523,cp2_bnu_55,21
2019,다아7523,cp2_bnu_56,235
2019,다아7523,cp2_bnu_59,0
2019,다아7523,cp2_bnu_61,0
2019,다아7523,cp2_bnu_63,0
2019,다아7523,cp2_bnu_64,5
2019,다아7523,cp2_bnu_65,3
2019,다아7523,cp2_bnu_66,3
2019,다아7523,cp2_bnu_68,8
2019,다아7523,cp2_bnu_71,5
2019,다아7523,cp2_bnu_73,3
2019,다아7523,cp2_bnu_74,3
2019,다아7523,cp2_bnu_75,5
2019,다아7523,cp2_bnu_76,5
2019,다아7523,cp2_bnu_84,3
2019,다아7523,cp2_bnu_85,23
2019,다아7523,cp2_bnu_86,18
2019,다아7523,cp2_bnu_87,5
2019,다아7523,cp2_bnu_90,3
2019,다아7523,cp2_bnu_91,42
2019,다아7523,cp2_bnu_94,17
2019,다아7523,cp2_bnu_95,14
2019,다아7523,cp2_bnu_96,66
2019,다아7525,cp2_bnu_10,3
2019,다아7525,cp2_bnu_34,3
2019,다아7525,cp2_bnu_47,0
2019,다아7525,cp2_bnu_55,5
2019,다아7525,cp2_bnu_85,0
2019,다아7525,cp2_bnu_94,3
2019,다아7526,cp2_bnu_47,0
2019,다아7530,cp2_bnu_46,0
2019,다아7600,cp2_bnu_10,0
2019,다아7600,cp2_bnu_13,4
2019,다아7600,cp2_bnu_24,0
2019,다아7600,cp2_bnu_46,3
2019,다아7600,cp2_bnu_47,0
2019,다아7600,cp2_bnu_56,3
2019,다아7600,cp2_bnu_91,0
2019,다아7601,cp2_bnu_29,3
2019,다아7601,cp2_bnu_46,6
2019,다아7607,cp2_bnu_47,0
2019,다아7607,cp2_bnu_55,0
2019,다아7607,cp2_bnu_94,0
2019,다아7610,cp2_bnu_55,3
2019,다아7615,cp2_bnu_07,3
2019,다아7616,cp2_bnu_38,0
2019,다아7616,cp2_bnu_56,0
2019,다아7617,cp2_bnu_42,3
2019,다아7617,cp2_bnu_85,0
2019,다아7619,cp2_bnu_33,3
2019,다아7619,cp2_bnu_56,0
2019,다아7619,cp2_bnu_68,3
2019,다아7619,cp2_bnu_85,3
2019,다아7620,cp2_bnu_24,0
2019,다아7620,cp2_bnu_41,0
2019,다아7620,cp2_bnu_42,5
2019,다아7620,cp2_bnu_45,3
2019,다아7620,cp2_bnu_49,3
2019,다아7620,cp2_bnu_56,5
2019,다아7620,cp2_bnu_76,3
2019,다아7620,cp2_bnu_94,3
2019,다아7620,cp2_bnu_95,3
2019,다아7621,cp2_bnu_01,0
2019,다아7621,cp2_bnu_10,3
2019,다아7621,cp2_bnu_14,3
2019,다아7621,cp2_bnu_23,0
2019,다아7621,cp2_bnu_41,3
2019,다아7621,cp2_bnu_42,3
2019,다아7621,cp2_bnu_45,0
2019,다아7621,cp2_bnu_46,3
2019,다아7621,cp2_bnu_47,5
2019,다아7621,cp2_bnu_49,0
2019,다아7621,cp2_bnu_56,8
2019,다아7621,cp2_bnu_68,3
2019,다아7621,cp2_bnu_74,0
2019,다아7621,cp2_bnu_85,0
2019,다아7621,cp2_bnu_95,5
2019,다아7622,cp2_bnu_42,3
2019,다아7622,cp2_bnu_46,3
2019,다아7622,cp2_bnu_47,3
2019,다아7622,cp2_bnu_56,5
2019,다아7623,cp2_bnu_25,0
2019,다아7623,cp2_bnu_32,0
2019,다아7623,cp2_bnu_41,3
2019,다아7623,cp2_bnu_42,5
2019,다아7623,cp2_bnu_46,8
2019,다아7623,cp2_bnu_47,5
2019,다아7623,cp2_bnu_56,0
2019,다아7623,cp2_bnu_87,3
2019,다아7623,cp2_bnu_90,0
2019,다아7623,cp2_bnu_94,3
2019,다아7623,cp2_bnu_95,3
2019,다아7623,cp2_bnu_96,0
2019,다아7624,cp2_bnu_10,3
2019,다아7624,cp2_bnu_33,3
2019,다아7624,cp2_bnu_34,5
2019,다아7624,cp2_bnu_42,0
2019,다아7624,cp2_bnu_46,3
2019,다아7624,cp2_bnu_47,5
2019,다아7624,cp2_bnu_68,3
2019,다아7624,cp2_bnu_85,3
2019,다아7624,cp2_bnu_87,0
2019,다아7624,cp2_bnu_94,3
2019,다아7624,cp2_bnu_96,0
2019,다아7625,cp2_bnu_10,0
2019,다아7625,cp2_bnu_41,0
2019,다아7625,cp2_bnu_42,3
2019,다아7625,cp2_bnu_55,0
2019,다아7625,cp2_bnu_56,0
2019,다아7700,cp2_bnu_10,5
2019,다아7700,cp2_bnu_32,0
2019,다아7700,cp2_bnu_34,0
2019,다아7700,cp2_bnu_41,0
2019,다아7700,cp2_bnu_42,11
2019,다아7700,cp2_bnu_45,0
2019,다아7700,cp2_bnu_46,11
2019,다아7700,cp2_bnu_47,30
2019,다아7700,cp2_bnu_52,3
2019,다아7700,cp2_bnu_55,0
2019,다아7700,cp2_bnu_56,53
2019,다아7700,cp2_bnu_61,0
2019,다아7700,cp2_bnu_64,3
2019,다아7700,cp2_bnu_68,5
2019,다아7700,cp2_bnu_73,5
2019,다아7700,cp2_bnu_75,3
2019,다아7700,cp2_bnu_84,5
2019,다아7700,cp2_bnu_85,5
2019,다아7700,cp2_bnu_86,5
2019,다아7700,cp2_bnu_87,3
2019,다아7700,cp2_bnu_90,0
2019,다아7700,cp2_bnu_91,9
2019,다아7700,cp2_bnu_94,3
2019,다아7700,cp2_bnu_95,5
2019,다아7700,cp2_bnu_96,15
2019,다아7701,cp2_bnu_10,0
2019,다아7701,cp2_bnu_29,3
2019,다아7701,cp2_bnu_45,3
2019,다아7701,cp2_bnu_46,3
2019,다아7701,cp2_bnu_47,8
2019,다아7701,cp2_bnu_52,0
2019,다아7701,cp2_bnu_56,5
2019,다아7701,cp2_bnu_85,3
2019,다아7702,cp2_bnu_94,3
2019,다아7707,cp2_bnu_55,0
2019,다아7708,cp2_bnu_94,3
2019,다아7714,cp2_bnu_46,3
2019,다아7715,cp2_bnu_87,3
2019,다아7716,cp2_bnu_01,3
2019,다아7716,cp2_bnu_23,0
2019,다아7716,cp2_bnu_25,3
2019,다아7716,cp2_bnu_42,0
2019,다아7716,cp2_bnu_46,3
2019,다아7716,cp2_bnu_56,3
2019,다아7716,cp2_bnu_68,0
2019,다아7716,cp2_bnu_95,3
2019,다아7717,cp2_bnu_10,0
2019,다아7717,cp2_bnu_42,3
2019,다아7717,cp2_bnu_46,3
2019,다아7717,cp2_bnu_47,5
2019,다아7717,cp2_bnu_55,0
2019,다아7717,cp2_bnu_56,5
2019,다아7717,cp2_bnu_66,0
2019,다아7717,cp2_bnu_68,0
2019,다아7717,cp2_bnu_91,3
2019,다아7717,cp2_bnu_94,3
2019,다아7717,cp2_bnu_95,3
2019,다아7717,cp2_bnu_96,3
2019,다아7718,cp2_bnu_13,3
2019,다아7718,cp2_bnu_46,0
2019,다아7718,cp2_bnu_47,3
2019,다아7718,cp2_bnu_56,3
2019,다아7718,cp2_bnu_85,0
2019,다아7718,cp2_bnu_87,3
2019,다아7718,cp2_bnu_94,3
2019,다아7719,cp2_bnu_46,0
2019,다아7719,cp2_bnu_47,3
2019,다아7719,cp2_bnu_56,0
2019,다아7719,cp2_bnu_68,0
2019,다아7719,cp2_bnu_94,0
2019,다아7720,cp2_bnu_33,0
2019,다아7720,cp2_bnu_75,3
2019,다아7721,cp2_bnu_10,0
2019,다아7721,cp2_bnu_46,0
2019,다아7722,cp2_bnu_10,5
2019,다아7722,cp2_bnu_16,3
2019,다아7722,cp2_bnu_42,3
2019,다아7722,cp2_bnu_56,5
2019,다아7722,cp2_bnu_85,0
2019,다아7722,cp2_bnu_94,0
2019,다아7722,cp2_bnu_96,3
2019,다아7723,cp2_bnu_70,0
2019,다아7723,cp2_bnu_87,0
2019,다아7723,cp2_bnu_94,0
2019,다아7723,cp2_bnu_95,3
2019,다아7724,cp2_bnu_10,3
2019,다아7724,cp2_bnu_34,0
2019,다아7725,cp2_bnu_23,0
2019,다아7725,cp2_bnu_41,0
2019,다아7725,cp2_bnu_47,3
2019,다아7725,cp2_bnu_94,3
2019,다아7726,cp2_bnu_42,3
2019,다아7726,cp2_bnu_47,0
2019,다아7726,cp2_bnu_56,3
2019,다아7727,cp2_bnu_47,0
2019,다아7800,cp2_bnu_10,3
2019,다아7800,cp2_bnu_13,31
2019,다아7800,cp2_bnu_16,0
2019,다아7800,cp2_bnu_20,0
2019,다아7800,cp2_bnu_23,0
2019,다아7800,cp2_bnu_35,0
2019,다아7800,cp2_bnu_46,5
2019,다아7800,cp2_bnu_47,3
2019,다아7800,cp2_bnu_91,3
2019,다아7801,cp2_bnu_10,3
2019,다아7801,cp2_bnu_14,0
2019,다아7801,cp2_bnu_21,0
2019,다아7801,cp2_bnu_22,0
2019,다아7801,cp2_bnu_37,0
2019,다아7801,cp2_bnu_42,3
2019,다아7801,cp2_bnu_46,3
2019,다아7801,cp2_bnu_47,3
2019,다아7801,cp2_bnu_95,0
2019,다아7802,cp2_bnu_25,0
2019,다아7802,cp2_bnu_42,3
2019,다아7802,cp2_bnu_45,0
2019,다아7802,cp2_bnu_47,3
2019,다아7802,cp2_bnu_52,0
2019,다아7802,cp2_bnu_56,5
2019,다아7802,cp2_bnu_75,3
2019,다아7802,cp2_bnu_76,0
2019,다아7802,cp2_bnu_95,3
2019,다아7803,cp2_bnu_16,3
2019,다아7803,cp2_bnu_29,0
2019,다아7803,cp2_bnu_42,0
2019,다아7803,cp2_bnu_45,0
2019,다아7803,cp2_bnu_46,3
2019,다아7803,cp2_bnu_47,3
2019,다아7803,cp2_bnu_52,3
2019,다아7803,cp2_bnu_55,0
2019,다아7805,cp2_bnu_94,3
2019,다아7812,cp2_bnu_01,0
2019,다아7812,cp2_bnu_55,0
2019,다아7812,cp2_bnu_56,0
2019,다아7813,cp2_bnu_47,3
2019,다아7813,cp2_bnu_55,0
2019,다아7814,cp2_bnu_55,3
2019,다아7814,cp2_bnu_56,3
2019,다아7815,cp2_bnu_01,0
2019,다아7815,cp2_bnu_91,0
2019,다아7815,cp2_bnu_94,3
2019,다아7816,cp2_bnu_91,3
2019,다아7817,cp2_bnu_10,8
2019,다아7817,cp2_bnu_42,0
2019,다아7817,cp2_bnu_46,3
2019,다아7817,cp2_bnu_47,18
2019,다아7817,cp2_bnu_55,0
2019,다아7817,cp2_bnu_56,20
2019,다아7817,cp2_bnu_61,0
2019,다아7817,cp2_bnu_64,0
2019,다아7817,cp2_bnu_66,0
2019,다아7817,cp2_bnu_68,3
2019,다아7817,cp2_bnu_84,3
2019,다아7817,cp2_bnu_85,5
2019,다아7817,cp2_bnu_86,0
2019,다아7817,cp2_bnu_87,5
2019,다아7817,cp2_bnu_90,0
2019,다아7817,cp2_bnu_91,3
2019,다아7817,cp2_bnu_94,3
2019,다아7817,cp2_bnu_95,5
2019,다아7817,cp2_bnu_96,5
2019,다아7818,cp2_bnu_94,3
2019,다아7819,cp2_bnu_01,0
2019,다아7819,cp2_bnu_46,0
2019,다아7820,cp2_bnu_01,0
2019,다아7820,cp2_bnu_29,0
2019,다아7821,cp2_bnu_47,3
2019,다아7821,cp2_bnu_94,0
2019,다아7822,cp2_bnu_23,3
2019,다아7822,cp2_bnu_47,0
2019,다아7822,cp2_bnu_56,0
2019,다아7822,cp2_bnu_84,3
2019,다아7823,cp2_bnu_42,0
2019,다아7823,cp2_bnu_47,3
2019,다아7823,cp2_bnu_56,0
2019,다아7823,cp2_bnu_66,3
2019,다아7823,cp2_bnu_95,3
2019,다아7823,cp2_bnu_96,0
2019,다아7824,cp2_bnu_55,3
2019,다아7825,cp2_bnu_55,0
2019,다아7825,cp2_bnu_94,3
2019,다아7826,cp2_bnu_47,0
2019,다아7827,cp2_bnu_01,0
2019,다아7834,cp2_bnu_47,0
2019,다아7834,cp2_bnu_49,0
2019,다아7900,cp2_bnu_10,0
2019,다아7900,cp2_bnu_13,20
2019,다아7900,cp2_bnu_33,0
2019,다아7901,cp2_bnu_10,3
2019,다아7901,cp2_bnu_13,3
2019,다아7901,cp2_bnu_28,0
2019,다아7902,cp2_bnu_13,0
2019,다아7902,cp2_bnu_47,3
2019,다아7902,cp2_bnu_55,3
2019,다아7902,cp2_bnu_56,3
2019,다아7902,cp2_bnu_91,0
2019,다아7903,cp2_bnu_14,0
2019,다아7903,cp2_bnu_42,3
2019,다아7903,cp2_bnu_47,3
2019,다아7903,cp2_bnu_56,0
2019,다아7903,cp2_bnu_87,3
2019,다아7903,cp2_bnu_94,0
2019,다아7904,cp2_bnu_01,0
2019,다아7904,cp2_bnu_20,3
2019,다아7904,cp2_bnu_25,3
2019,다아7904,cp2_bnu_41,0
2019,다아7904,cp2_bnu_46,5
2019,다아7904,cp2_bnu_47,5
2019,다아7904,cp2_bnu_56,5
2019,다아7904,cp2_bnu_91,0
2019,다아7905,cp2_bnu_10,3
2019,다아7905,cp2_bnu_11,0
2019,다아7905,cp2_bnu_13,0
2019,다아7905,cp2_bnu_17,0
2019,다아7905,cp2_bnu_20,0
2019,다아7905,cp2_bnu_23,0
2019,다아7905,cp2_bnu_32,0
2019,다아7905,cp2_bnu_33,0
2019,다아7905,cp2_bnu_46,3
2019,다아7905,cp2_bnu_47,5
2019,다아7905,cp2_bnu_52,3
2019,다아7905,cp2_bnu_56,5
2019,다아7905,cp2_bnu_76,0
2019,다아7905,cp2_bnu_86,3
2019,다아7905,cp2_bnu_95,3
2019,다아7906,cp2_bnu_42,3
2019,다아7906,cp2_bnu_46,3
2019,다아7906,cp2_bnu_47,5
2019,다아7906,cp2_bnu_55,3
2019,다아7906,cp2_bnu_56,5
2019,다아7906,cp2_bnu_87,3
2019,다아7906,cp2_bnu_95,3
2019,다아7907,cp2_bnu_87,0
2019,다아7908,cp2_bnu_01,3
2019,다아7908,cp2_bnu_11,0
2019,다아7908,cp2_bnu_20,0
2019,다아7908,cp2_bnu_24,3
2019,다아7908,cp2_bnu_55,3
2019,다아7909,cp2_bnu_25,0
2019,다아7909,cp2_bnu_37,0
2019,다아7909,cp2_bnu_47,5
2019,다아7909,cp2_bnu_94,3
2019,다아7909,cp2_bnu_95,0
2019,다아7910,cp2_bnu_10,3
2019,다아7910,cp2_bnu_14,0
2019,다아7910,cp2_bnu_41,0
2019,다아7910,cp2_bnu_46,3
2019,다아7910,cp2_bnu_47,22
2019,다아7910,cp2_bnu_55,8
2019,다아7910,cp2_bnu_56,41
2019,다아7910,cp2_bnu_61,0
2019,다아7910,cp2_bnu_85,3
2019,다아7910,cp2_bnu_86,3
2019,다아7910,cp2_bnu_87,3
2019,다아7910,cp2_bnu_91,5
2019,다아7910,cp2_bnu_94,5
2019,다아7910,cp2_bnu_95,3
2019,다아7910,cp2_bnu_96,15
2019,다아7913,cp2_bnu_55,3
2019,다아7913,cp2_bnu_56,0
2019,다아7913,cp2_bnu_91,0
2019,다아7916,cp2_bnu_01,0
2019,다아7916,cp2_bnu_10,3
2019,다아7917,cp2_bnu_01,0
2019,다아7917,cp2_bnu_20,0
2019,다아7919,cp2_bnu_01,0
2019,다아7919,cp2_bnu_96,0
2019,다아7920,cp2_bnu_55,0
2019,다아7920,cp2_bnu_94,0
2019,다아7921,cp2_bnu_23,0
2019,다아7921,cp2_bnu_37,0
2019,다아7921,cp2_bnu_41,3
2019,다아7921,cp2_bnu_47,0
2019,다아7921,cp2_bnu_85,3
2019,다아7921,cp2_bnu_94,0
2019,다아7922,cp2_bnu_46,3
2019,다아7922,cp2_bnu_47,3
2019,다아7922,cp2_bnu_55,11
2019,다아7923,cp2_bnu_55,5
2019,다아7923,cp2_bnu_56,3
2019,다아7923,cp2_bnu_91,3
2019,다아7924,cp2_bnu_23,0
2019,다아7924,cp2_bnu_41,3
2019,다아7928,cp2_bnu_01,3
2019,다아8002,cp2_bnu_10,0
2019,다아8002,cp2_bnu_56,3
2019,다아8002,cp2_bnu_68,0
2019,다아8002,cp2_bnu_94,0
2019,다아8003,cp2_bnu_55,3
2019,다아8003,cp2_bnu_56,5
2019,다아8005,cp2_bnu_22,3
2019,다아8006,cp2_bnu_10,3
2019,다아8006,cp2_bnu_13,0
2019,다아8006,cp2_bnu_22,3
2019,다아8006,cp2_bnu_25,3
2019,다아8006,cp2_bnu_42,0
2019,다아8006,cp2_bnu_46,0
2019,다아8006,cp2_bnu_59,0
2019,다아8006,cp2_bnu_94,0
2019,다아8007,cp2_bnu_25,0
2019,다아8007,cp2_bnu_31,0
2019,다아8007,cp2_bnu_42,3
2019,다아8007,cp2_bnu_45,3
2019,다아8007,cp2_bnu_46,5
2019,다아8007,cp2_bnu_47,3
2019,다아8007,cp2_bnu_56,3
2019,다아8007,cp2_bnu_68,3
2019,다아8007,cp2_bnu_95,3
2019,다아8008,cp2_bnu_16,0
2019,다아8008,cp2_bnu_33,0
2019,다아8008,cp2_bnu_34,3
2019,다아8008,cp2_bnu_42,5
2019,다아8008,cp2_bnu_45,0
2019,다아8008,cp2_bnu_46,5
2019,다아8008,cp2_bnu_47,9
2019,다아8008,cp2_bnu_56,5
2019,다아8008,cp2_bnu_76,0
2019,다아8008,cp2_bnu_85,3
2019,다아8008,cp2_bnu_95,5
2019,다아8008,cp2_bnu_96,0
2019,다아8009,cp2_bnu_10,5
2019,다아8009,cp2_bnu_33,3
2019,다아8009,cp2_bnu_41,3
2019,다아8009,cp2_bnu_42,5
2019,다아8009,cp2_bnu_45,3
2019,다아8009,cp2_bnu_46,3
2019,다아8009,cp2_bnu_47,18
2019,다아8009,cp2_bnu_49,0
2019,다아8009,cp2_bnu_52,3
2019,다아8009,cp2_bnu_55,0
2019,다아8009,cp2_bnu_56,10
2019,다아8009,cp2_bnu_64,3
2019,다아8009,cp2_bnu_65,0
2019,다아8009,cp2_bnu_68,3
2019,다아8009,cp2_bnu_71,3
2019,다아8009,cp2_bnu_75,0
2019,다아8009,cp2_bnu_84,3
2019,다아8009,cp2_bnu_85,5
2019,다아8009,cp2_bnu_86,5
2019,다아8009,cp2_bnu_87,5
2019,다아8009,cp2_bnu_90,0
2019,다아8009,cp2_bnu_91,5
2019,다아8009,cp2_bnu_94,3
2019,다아8009,cp2_bnu_95,7
2019,다아8009,cp2_bnu_96,5
2019,다아8010,cp2_bnu_10,7
2019,다아8010,cp2_bnu_14,3
2019,다아8010,cp2_bnu_33,5
2019,다아8010,cp2_bnu_34,3
2019,다아8010,cp2_bnu_42,8
2019,다아8010,cp2_bnu_46,3
2019,다아8010,cp2_bnu_47,59
2019,다아8010,cp2_bnu_49,0
2019,다아8010,cp2_bnu_55,3
2019,다아8010,cp2_bnu_56,73
2019,다아8010,cp2_bnu_59,3
2019,다아8010,cp2_bnu_64,0
2019,다아8010,cp2_bnu_65,0
2019,다아8010,cp2_bnu_66,0
2019,다아8010,cp2_bnu_71,3
2019,다아8010,cp2_bnu_73,3
2019,다아8010,cp2_bnu_75,5
2019,다아8010,cp2_bnu_84,0
2019,다아8010,cp2_bnu_85,5
2019,다아8010,cp2_bnu_86,5
2019,다아8010,cp2_bnu_87,3
2019,다아8010,cp2_bnu_91,17
2019,다아8010,cp2_bnu_94,5
2019,다아8010,cp2_bnu_95,8
2019,다아8010,cp2_bnu_96,19
2019,다아8011,cp2_bnu_32,0
2019,다아8011,cp2_bnu_41,0
2019,다아8011,cp2_bnu_42,0
2019,다아8011,cp2_bnu_46,3
2019,다아8011,cp2_bnu_47,0
2019,다아8011,cp2_bnu_56,3
2019,다아8011,cp2_bnu_68,3
2019,다아8011,cp2_bnu_94,0
2019,다아8011,cp2_bnu_95,0
2019,다아8012,cp2_bnu_20,3
2019,다아8012,cp2_bnu_47,0
2019,다아8013,cp2_bnu_34,3
2019,다아8013,cp2_bnu_47,3
2019,다아8013,cp2_bnu_91,3
2019,다아8013,cp2_bnu_94,0
2019,다아8014,cp2_bnu_55,0
2019,다아8014,cp2_bnu_87,0
2019,다아8015,cp2_bnu_47,0
2019,다아8015,cp2_bnu_75,0
2019,다아8015,cp2_bnu_91,3
2019,다아8017,cp2_bnu_17,0
2019,다아8017,cp2_bnu_85,0
2019,다아8017,cp2_bnu_94,0
2019,다아8018,cp2_bnu_47,3
2019,다아8018,cp2_bnu_56,0
2019,다아8019,cp2_bnu_10,3
2019,다아8019,cp2_bnu_55,3
2019,다아8019,cp2_bnu_56,0
2019,다아8019,cp2_bnu_91,0
2019,다아8019,cp2_bnu_94,0
2019,다아8020,cp2_bnu_46,3
2019,다아8020,cp2_bnu_55,3
2019,다아8021,cp2_bnu_10,3
2019,다아8021,cp2_bnu_47,5
2019,다아8021,cp2_bnu_55,5
2019,다아8021,cp2_bnu_56,3
2019,다아8021,cp2_bnu_95,0
2019,다아8022,cp2_bnu_47,3
2019,다아8022,cp2_bnu_55,3
2019,다아8022,cp2_bnu_56,0
2019,다아8023,cp2_bnu_55,3
2019,다아8027,cp2_bnu_55,0
2019,다아8027,cp2_bnu_56,0
2019,다아8029,cp2_bnu_91,0
2019,다아8101,cp2_bnu_46,3
2019,다아8101,cp2_bnu_55,3
2019,다아8101,cp2_bnu_56,3
2019,다아8101,cp2_bnu_87,5
2019,다아8102,cp2_bnu_56,3
2019,다아8107,cp2_bnu_56,3
2019,다아8108,cp2_bnu_55,3
2019,다아8108,cp2_bnu_56,3
2019,다아8110,cp2_bnu_20,0
2019,다아8112,cp2_bnu_10,0
2019,다아8112,cp2_bnu_42,3
2019,다아8112,cp2_bnu_46,5
2019,다아8112,cp2_bnu_47,5
2019,다아8112,cp2_bnu_94,3
2019,다아8113,cp2_bnu_10,0
2019,다아8113,cp2_bnu_23,0
2019,다아8113,cp2_bnu_41,3
2019,다아8113,cp2_bnu_42,0
2019,다아8113,cp2_bnu_45,3
2019,다아8113,cp2_bnu_46,3
2019,다아8113,cp2_bnu_47,3
2019,다아8113,cp2_bnu_56,5
2019,다아8113,cp2_bnu_68,0
2019,다아8113,cp2_bnu_95,3
2019,다아8114,cp2_bnu_37,3
2019,다아8115,cp2_bnu_87,0
2019,다아8116,cp2_bnu_10,0
2019,다아8116,cp2_bnu_47,3
2019,다아8116,cp2_bnu_56,3
2019,다아8116,cp2_bnu_94,3
2019,다아8119,cp2_bnu_01,0
2019,다아8119,cp2_bnu_47,0
2019,다아8119,cp2_bnu_91,0
2019,다아8120,cp2_bnu_47,8
2019,다아8120,cp2_bnu_55,14
2019,다아8120,cp2_bnu_56,20
2019,다아8120,cp2_bnu_75,3
2019,다아8120,cp2_bnu_76,3
2019,다아8120,cp2_bnu_90,3
2019,다아8120,cp2_bnu_91,5
2019,다아8120,cp2_bnu_96,0
2019,다아8121,cp2_bnu_10,3
2019,다아8121,cp2_bnu_47,0
2019,다아8121,cp2_bnu_55,0
2019,다아8121,cp2_bnu_56,0
2019,다아8121,cp2_bnu_91,5
2019,다아8121,cp2_bnu_96,0
2019,다아8123,cp2_bnu_56,0
2019,다아8123,cp2_bnu_94,0
2019,다아8126,cp2_bnu_41,0
2019,다아8126,cp2_bnu_47,3
2019,다아8126,cp2_bnu_94,3
2019,다아8127,cp2_bnu_47,0
2019,다아8127,cp2_bnu_94,0
2019,다아8129,cp2_bnu_46,0
2019,다아8129,cp2_bnu_47,0
2019,다아8129,cp2_bnu_55,0
2019,다아8129,cp2_bnu_86,0
2019,다아8129,cp2_bnu_94,0
2019,다아8130,cp2_bnu_55,3
2019,다아8130,cp2_bnu_94,0
2019,다아8200,cp2_bnu_55,3
2019,다아8200,cp2_bnu_56,3
2019,다아8201,cp2_bnu_55,3
2019,다아8201,cp2_bnu_68,0
2019,다아8201,cp2_bnu_75,0
2019,다아8201,cp2_bnu_87,3
2019,다아8205,cp2_bnu_47,0
2019,다아8205,cp2_bnu_55,3
2019,다아8205,cp2_bnu_68,0
2019,다아8205,cp2_bnu_90,3
2019,다아8207,cp2_bnu_11,0
2019,다아8207,cp2_bnu_46,3
2019,다아8207,cp2_bnu_55,5
2019,다아8207,cp2_bnu_56,3
2019,다아8207,cp2_bnu_90,3
2019,다아8208,cp2_bnu_55,0
2019,다아8211,cp2_bnu_07,3
2019,다아8211,cp2_bnu_20,5
2019,다아8211,cp2_bnu_23,0
2019,다아8213,cp2_bnu_23,3
2019,다아8213,cp2_bnu_42,0
2019,다아8213,cp2_bnu_47,0
2019,다아8213,cp2_bnu_72,0
2019,다아8214,cp2_bnu_42,3
2019,다아8214,cp2_bnu_46,3
2019,다아8214,cp2_bnu_47,3
2019,다아8214,cp2_bnu_56,0
2019,다아8215,cp2_bnu_20,3
2019,다아8215,cp2_bnu_25,3
2019,다아8215,cp2_bnu_26,0
2019,다아8215,cp2_bnu_41,0
2019,다아8215,cp2_bnu_42,7
2019,다아8215,cp2_bnu_46,0
2019,다아8215,cp2_bnu_55,3
2019,다아8215,cp2_bnu_56,0
2019,다아8215,cp2_bnu_68,3
2019,다아8215,cp2_bnu_70,3
2019,다아8215,cp2_bnu_72,0
2019,다아8215,cp2_bnu_73,0
2019,다아8215,cp2_bnu_85,0
2019,다아8215,cp2_bnu_87,3
2019,다아8215,cp2_bnu_94,0
2019,다아8216,cp2_bnu_13,0
2019,다아8216,cp2_bnu_25,3
2019,다아8216,cp2_bnu_34,0
2019,다아8216,cp2_bnu_35,0
2019,다아8216,cp2_bnu_47,5
2019,다아8216,cp2_bnu_62,0
2019,다아8216,cp2_bnu_68,3
2019,다아8216,cp2_bnu_70,0
2019,다아8216,cp2_bnu_76,3
2019,다아8216,cp2_bnu_84,3
2019,다아8216,cp2_bnu_85,12
2019,다아8216,cp2_bnu_86,0
2019,다아8216,cp2_bnu_87,3
2019,다아8216,cp2_bnu_90,0
2019,다아8216,cp2_bnu_91,3
2019,다아8216,cp2_bnu_94,5
2019,다아8216,cp2_bnu_95,0
2019,다아8216,cp2_bnu_96,3
2019,다아8217,cp2_bnu_42,3
2019,다아8217,cp2_bnu_47,0
2019,다아8217,cp2_bnu_55,3
2019,다아8217,cp2_bnu_56,5
2019,다아8217,cp2_bnu_74,0
2019,다아8217,cp2_bnu_75,0
2019,다아8217,cp2_bnu_85,0
2019,다아8217,cp2_bnu_91,3
2019,다아8217,cp2_bnu_94,0
2019,다아8218,cp2_bnu_56,3
2019,다아8218,cp2_bnu_91,0
2019,다아8219,cp2_bnu_47,3
2019,다아8219,cp2_bnu_55,0
2019,다아8219,cp2_bnu_56,5
2019,다아8219,cp2_bnu_91,5
2019,다아8219,cp2_bnu_94,3
2019,다아8220,cp2_bnu_55,3
2019,다아8220,cp2_bnu_56,0
2019,다아8220,cp2_bnu_91,3
2019,다아8221,cp2_bnu_41,0
2019,다아8221,cp2_bnu_42,3
2019,다아8222,cp2_bnu_10,5
2019,다아8222,cp2_bnu_47,0
2019,다아8222,cp2_bnu_55,0
2019,다아8222,cp2_bnu_56,8
2019,다아8222,cp2_bnu_85,0
2019,다아8222,cp2_bnu_86,3
2019,다아8222,cp2_bnu_91,3
2019,다아8222,cp2_bnu_94,3
2019,다아8222,cp2_bnu_95,0
2019,다아8222,cp2_bnu_96,3
2019,다아8223,cp2_bnu_10,0
2019,다아8229,cp2_bnu_46,0
2019,다아8232,cp2_bnu_47,0
2019,다아8300,cp2_bnu_20,3
2019,다아8300,cp2_bnu_37,3
2019,다아8300,cp2_bnu_56,3
2019,다아8301,cp2_bnu_55,3
2019,다아8302,cp2_bnu_85,3
2019,다아8305,cp2_bnu_10,0
2019,다아8305,cp2_bnu_47,0
2019,다아8305,cp2_bnu_55,16
2019,다아8305,cp2_bnu_94,3
2019,다아8306,cp2_bnu_55,3
2019,다아8306,cp2_bnu_56,4
2019,다아8306,cp2_bnu_96,0
2019,다아8307,cp2_bnu_47,9
2019,다아8307,cp2_bnu_55,3
2019,다아8307,cp2_bnu_56,26
2019,다아8307,cp2_bnu_87,3
2019,다아8307,cp2_bnu_90,0
2019,다아8307,cp2_bnu_91,3
2019,다아8307,cp2_bnu_94,3
2019,다아8307,cp2_bnu_96,3
2019,다아8308,cp2_bnu_47,3
2019,다아8308,cp2_bnu_56,0
2019,다아8308,cp2_bnu_74,0
2019,다아8308,cp2_bnu_91,0
2019,다아8311,cp2_bnu_55,0
2019,다아8315,cp2_bnu_10,0
2019,다아8315,cp2_bnu_33,3
2019,다아8315,cp2_bnu_34,0
2019,다아8315,cp2_bnu_42,5
2019,다아8315,cp2_bnu_45,3
2019,다아8315,cp2_bnu_46,3
2019,다아8315,cp2_bnu_47,11
2019,다아8315,cp2_bnu_55,5
2019,다아8315,cp2_bnu_56,5
2019,다아8315,cp2_bnu_68,5
2019,다아8315,cp2_bnu_72,5
2019,다아8315,cp2_bnu_73,0
2019,다아8315,cp2_bnu_85,5
2019,다아8315,cp2_bnu_87,0
2019,다아8315,cp2_bnu_90,0
2019,다아8315,cp2_bnu_94,5
2019,다아8315,cp2_bnu_95,3
2019,다아8315,cp2_bnu_96,0
2019,다아8316,cp2_bnu_02,3
2019,다아8316,cp2_bnu_10,8
2019,다아8316,cp2_bnu_33,5
2019,다아8316,cp2_bnu_34,0
2019,다아8316,cp2_bnu_37,3
2019,다아8316,cp2_bnu_41,8
2019,다아8316,cp2_bnu_42,8
2019,다아8316,cp2_bnu_46,8
2019,다아8316,cp2_bnu_47,93
2019,다아8316,cp2_bnu_49,5
2019,다아8316,cp2_bnu_52,3
2019,다아8316,cp2_bnu_55,3
2019,다아8316,cp2_bnu_56,131
2019,다아8316,cp2_bnu_58,3
2019,다아8316,cp2_bnu_60,0
2019,다아8316,cp2_bnu_61,5
2019,다아8316,cp2_bnu_62,0
2019,다아8316,cp2_bnu_64,5
2019,다아8316,cp2_bnu_65,0
2019,다아8316,cp2_bnu_66,5
2019,다아8316,cp2_bnu_68,8
2019,다아8316,cp2_bnu_71,8
2019,다아8316,cp2_bnu_72,12
2019,다아8316,cp2_bnu_73,3
2019,다아8316,cp2_bnu_74,5
2019,다아8316,cp2_bnu_75,3
2019,다아8316,cp2_bnu_76,3
2019,다아8316,cp2_bnu_84,8
2019,다아8316,cp2_bnu_85,18
2019,다아8316,cp2_bnu_86,8
2019,다아8316,cp2_bnu_87,8
2019,다아8316,cp2_bnu_90,3
2019,다아8316,cp2_bnu_91,18
2019,다아8316,cp2_bnu_94,25
2019,다아8316,cp2_bnu_95,5
2019,다아8316,cp2_bnu_96,42
2019,다아8317,cp2_bnu_10,0
2019,다아8317,cp2_bnu_11,3
2019,다아8317,cp2_bnu_20,0
2019,다아8317,cp2_bnu_25,0
2019,다아8317,cp2_bnu_33,0
2019,다아8317,cp2_bnu_35,5
2019,다아8317,cp2_bnu_41,5
2019,다아8317,cp2_bnu_42,16
2019,다아8317,cp2_bnu_46,8
2019,다아8317,cp2_bnu_47,11
2019,다아8317,cp2_bnu_49,0
2019,다아8317,cp2_bnu_55,0
2019,다아8317,cp2_bnu_56,8
2019,다아8317,cp2_bnu_73,3
2019,다아8317,cp2_bnu_74,3
2019,다아8317,cp2_bnu_94,3
2019,다아8317,cp2_bnu_95,5
2019,다아8317,cp2_bnu_96,0
2019,다아8318,cp2_bnu_10,3
2019,다아8318,cp2_bnu_20,3
2019,다아8318,cp2_bnu_23,3
2019,다아8318,cp2_bnu_25,3
2019,다아8318,cp2_bnu_42,5
2019,다아8318,cp2_bnu_45,3
2019,다아8318,cp2_bnu_46,3
2019,다아8318,cp2_bnu_47,3
2019,다아8318,cp2_bnu_49,0
2019,다아8318,cp2_bnu_52,0
2019,다아8318,cp2_bnu_55,3
2019,다아8318,cp2_bnu_56,5
2019,다아8318,cp2_bnu_87,0
2019,다아8318,cp2_bnu_95,3
2019,다아8319,cp2_bnu_23,3
2019,다아8319,cp2_bnu_45,0
2019,다아8319,cp2_bnu_46,3
2019,다아8320,cp2_bnu_46,3
2019,다아8320,cp2_bnu_47,0
2019,다아8320,cp2_bnu_56,8
2019,다아8321,cp2_bnu_47,3
2019,다아8321,cp2_bnu_55,3
2019,다아8321,cp2_bnu_56,3
2019,다아8321,cp2_bnu_95,3
2019,다아8400,cp2_bnu_42,0
2019,다아8400,cp2_bnu_47,5
2019,다아8400,cp2_bnu_56,5
2019,다아8400,cp2_bnu_87,0
2019,다아8400,cp2_bnu_94,0
2019,다아8400,cp2_bnu_95,0
2019,다아8401,cp2_bnu_55,0
2019,다아8402,cp2_bnu_55,3
2019,다아8403,cp2_bnu_55,5
2019,다아8403,cp2_bnu_96,0
2019,다아8406,cp2_bnu_55,5
2019,다아8406,cp2_bnu_56,5
2019,다아8406,cp2_bnu_85,3
2019,다아8407,cp2_bnu_47,20
2019,다아8407,cp2_bnu_55,8
2019,다아8407,cp2_bnu_56,31
2019,다아8407,cp2_bnu_71,0
2019,다아8407,cp2_bnu_74,0
2019,다아8407,cp2_bnu_91,11
2019,다아8408,cp2_bnu_47,3
2019,다아8408,cp2_bnu_55,11
2019,다아8408,cp2_bnu_56,10
2019,다아8408,cp2_bnu_68,3
2019,다아8408,cp2_bnu_74,0
2019,다아8408,cp2_bnu_94,3
2019,다아8409,cp2_bnu_55,5
2019,다아8409,cp2_bnu_56,3
2019,다아8410,cp2_bnu_47,3
2019,다아8410,cp2_bnu_55,5
2019,다아8410,cp2_bnu_74,0
2019,다아8415,cp2_bnu_94,3
2019,다아8416,cp2_bnu_42,0
2019,다아8416,cp2_bnu_55,3
2019,다아8416,cp2_bnu_75,3
2019,다아8417,cp2_bnu_23,0
2019,다아8417,cp2_bnu_46,0
2019,다아8417,cp2_bnu_47,0
2019,다아8418,cp2_bnu_01,3
2019,다아8418,cp2_bnu_10,0
2019,다아8418,cp2_bnu_41,0
2019,다아8418,cp2_bnu_42,4
2019,다아8418,cp2_bnu_45,0
2019,다아8418,cp2_bnu_46,5
2019,다아8418,cp2_bnu_47,0
2019,다아8418,cp2_bnu_56,0
2019,다아8418,cp2_bnu_85,0
2019,다아8418,cp2_bnu_87,3
2019,다아8418,cp2_bnu_95,0
2019,다아8419,cp2_bnu_41,3
2019,다아8419,cp2_bnu_42,5
2019,다아8419,cp2_bnu_46,3
2019,다아8419,cp2_bnu_47,5
2019,다아8419,cp2_bnu_55,3
2019,다아8419,cp2_bnu_56,7
2019,다아8419,cp2_bnu_60,0
2019,다아8419,cp2_bnu_73,0
2019,다아8419,cp2_bnu_76,3
2019,다아8419,cp2_bnu_96,3
2019,다아8420,cp2_bnu_10,5
2019,다아8420,cp2_bnu_29,0
2019,다아8420,cp2_bnu_38,3
2019,다아8420,cp2_bnu_41,5
2019,다아8420,cp2_bnu_42,3
2019,다아8420,cp2_bnu_46,5
2019,다아8420,cp2_bnu_47,27
2019,다아8420,cp2_bnu_55,0
2019,다아8420,cp2_bnu_56,41
2019,다아8420,cp2_bnu_64,3
2019,다아8420,cp2_bnu_75,3
2019,다아8420,cp2_bnu_76,0
2019,다아8420,cp2_bnu_84,0
2019,다아8420,cp2_bnu_85,3
2019,다아8420,cp2_bnu_87,3
2019,다아8420,cp2_bnu_91,10
2019,다아8420,cp2_bnu_94,3
2019,다아8420,cp2_bnu_95,5
2019,다아8420,cp2_bnu_96,8
2019,다아8431,cp2_bnu_10,3
2019,다아8431,cp2_bnu_47,3
2019,다아8431,cp2_bnu_94,0
2019,다아8500,cp2_bnu_13,3
2019,다아8500,cp2_bnu_34,3
2019,다아8500,cp2_bnu_41,0
2019,다아8500,cp2_bnu_42,5
2019,다아8500,cp2_bnu_46,3
2019,다아8500,cp2_bnu_47,5
2019,다아8500,cp2_bnu_55,3
2019,다아8500,cp2_bnu_56,5
2019,다아8500,cp2_bnu_75,0
2019,다아8500,cp2_bnu_85,3
2019,다아8500,cp2_bnu_94,0
2019,다아8500,cp2_bnu_95,3
2019,다아8500,cp2_bnu_96,0
2019,다아8501,cp2_bnu_23,0
2019,다아8501,cp2_bnu_38,0
2019,다아8501,cp2_bnu_47,0
2019,다아8501,cp2_bnu_55,3
2019,다아8501,cp2_bnu_56,3
2019,다아8502,cp2_bnu_55,3
2019,다아8502,cp2_bnu_87,3
2019,다아8506,cp2_bnu_55,0
2019,다아8515,cp2_bnu_46,0
2019,다아8515,cp2_bnu_47,3
2019,다아8519,cp2_bnu_94,3
2019,다아8520,cp2_bnu_10,3
2019,다아8520,cp2_bnu_16,0
2019,다아8520,cp2_bnu_37,3
2019,다아8520,cp2_bnu_41,0
2019,다아8520,cp2_bnu_46,0
2019,다아8520,cp2_bnu_47,3
2019,다아8520,cp2_bnu_49,0
2019,다아8520,cp2_bnu_56,3
2019,다아8520,cp2_bnu_95,3
2019,다아8521,cp2_bnu_10,0
2019,다아8531,cp2_bnu_85,0
2019,다아8532,cp2_bnu_56,3
2019,다아8533,cp2_bnu_01,3
2019,다아8533,cp2_bnu_91,3
2019,다아8533,cp2_bnu_94,0
2019,다아8601,cp2_bnu_10,3
2019,다아8601,cp2_bnu_41,3
2019,다아8601,cp2_bnu_47,5
2019,다아8601,cp2_bnu_56,5
2019,다아8601,cp2_bnu_94,3
2019,다아8601,cp2_bnu_96,3
2019,다아8605,cp2_bnu_10,0
2019,다아8605,cp2_bnu_47,0
2019,다아8605,cp2_bnu_55,5
2019,다아8605,cp2_bnu_56,3
2019,다아8605,cp2_bnu_94,3
2019,다아8614,cp2_bnu_47,3
2019,다아8615,cp2_bnu_94,0
2019,다아8620,cp2_bnu_46,3
2019,다아8620,cp2_bnu_56,3
2019,다아8623,cp2_bnu_46,0
2019,다아8625,cp2_bnu_23,0
2019,다아8625,cp2_bnu_47,0
2019,다아8625,cp2_bnu_55,0
2019,다아8625,cp2_bnu_56,3
2019,다아8625,cp2_bnu_64,3
2019,다아8625,cp2_bnu_95,3
2019,다아8625,cp2_bnu_96,0
2019,다아8626,cp2_bnu_10,3
2019,다아8626,cp2_bnu_34,3
2019,다아8626,cp2_bnu_47,5
2019,다아8626,cp2_bnu_55,3
2019,다아8626,cp2_bnu_56,15
2019,다아8626,cp2_bnu_68,3
2019,다아8626,cp2_bnu_85,5
2019,다아8626,cp2_bnu_86,0
2019,다아8626,cp2_bnu_91,7
2019,다아8626,cp2_bnu_94,3
2019,다아8626,cp2_bnu_96,3
2019,다아8627,cp2_bnu_47,3
2019,다아8627,cp2_bnu_94,0
2019,다아8700,cp2_bnu_56,3
2019,다아8701,cp2_bnu_25,0
2019,다아8701,cp2_bnu_46,3
2019,다아8701,cp2_bnu_47,3
2019,다아8701,cp2_bnu_56,3
2019,다아8701,cp2_bnu_85,0
2019,다아8701,cp2_bnu_94,0
2019,다아8701,cp2_bnu_95,3
2019,다아8701,cp2_bnu_96,0
2019,다아8702,cp2_bnu_56,0
2019,다아8702,cp2_bnu_94,0
2019,다아8703,cp2_bnu_25,0
2019,다아8713,cp2_bnu_55,0
2019,다아8720,cp2_bnu_23,3
2019,다아8720,cp2_bnu_42,0
2019,다아8726,cp2_bnu_10,5
2019,다아8726,cp2_bnu_42,0
2019,다아8726,cp2_bnu_47,0
2019,다아8726,cp2_bnu_56,3
2019,다아8727,cp2_bnu_23,0
2019,다아8729,cp2_bnu_10,5
2019,다아8729,cp2_bnu_47,3
2019,다아8729,cp2_bnu_55,3
2019,다아8729,cp2_bnu_56,3
2019,다아8729,cp2_bnu_85,0
2019,다아8729,cp2_bnu_86,0
2019,다아8729,cp2_bnu_94,3
2019,다아8730,cp2_bnu_01,0
2019,다아8730,cp2_bnu_46,0
2019,다아8730,cp2_bnu_47,0
2019,다아8733,cp2_bnu_47,0
2019,다아8733,cp2_bnu_56,3
2019,다아8800,cp2_bnu_10,3
2019,다아8800,cp2_bnu_33,0
2019,다아8800,cp2_bnu_41,0
2019,다아8800,cp2_bnu_56,0
2019,다아8800,cp2_bnu_87,0
2019,다아8800,cp2_bnu_91,0
2019,다아8800,cp2_bnu_94,3
2019,다아8801,cp2_bnu_10,3
2019,다아8801,cp2_bnu_22,0
2019,다아8801,cp2_bnu_29,0
2019,다아8801,cp2_bnu_42,3
2019,다아8801,cp2_bnu_47,3
2019,다아8801,cp2_bnu_55,3
2019,다아8801,cp2_bnu_56,5
2019,다아8801,cp2_bnu_94,3
2019,다아8801,cp2_bnu_95,3
2019,다아8802,cp2_bnu_47,0
2019,다아8802,cp2_bnu_55,3
2019,다아8802,cp2_bnu_56,5
2019,다아8802,cp2_bnu_87,0
2019,다아8802,cp2_bnu_91,0
2019,다아8802,cp2_bnu_94,0
2019,다아8803,cp2_bnu_10,0
2019,다아8803,cp2_bnu_23,3
2019,다아8803,cp2_bnu_25,0
2019,다아8803,cp2_bnu_34,3
2019,다아8803,cp2_bnu_41,3
2019,다아8803,cp2_bnu_42,3
2019,다아8803,cp2_bnu_46,3
2019,다아8803,cp2_bnu_47,21
2019,다아8803,cp2_bnu_55,3
2019,다아8803,cp2_bnu_56,35
2019,다아8803,cp2_bnu_61,3
2019,다아8803,cp2_bnu_64,0
2019,다아8803,cp2_bnu_68,3
2019,다아8803,cp2_bnu_72,0
2019,다아8803,cp2_bnu_73,0
2019,다아8803,cp2_bnu_84,3
2019,다아8803,cp2_bnu_85,8
2019,다아8803,cp2_bnu_86,5
2019,다아8803,cp2_bnu_87,3
2019,다아8803,cp2_bnu_91,3
2019,다아8803,cp2_bnu_94,5
2019,다아8803,cp2_bnu_95,0
2019,다아8803,cp2_bnu_96,11
2019,다아8804,cp2_bnu_10,0
2019,다아8804,cp2_bnu_18,3
2019,다아8804,cp2_bnu_42,3
2019,다아8804,cp2_bnu_46,5
2019,다아8804,cp2_bnu_47,8
2019,다아8804,cp2_bnu_55,3
2019,다아8804,cp2_bnu_56,20
2019,다아8804,cp2_bnu_75,3
2019,다아8804,cp2_bnu_91,0
2019,다아8804,cp2_bnu_94,0
2019,다아8804,cp2_bnu_95,5
2019,다아8804,cp2_bnu_96,5
2019,다아8805,cp2_bnu_55,5
2019,다아8805,cp2_bnu_85,3
2019,다아8809,cp2_bnu_56,3
2019,다아8820,cp2_bnu_47,0
2019,다아8820,cp2_bnu_55,0
2019,다아8820,cp2_bnu_87,3
2019,다아8820,cp2_bnu_94,3
2019,다아8821,cp2_bnu_10,0
2019,다아8821,cp2_bnu_35,0
2019,다아8821,cp2_bnu_47,3
2019,다아8821,cp2_bnu_87,5
2019,다아8821,cp2_bnu_91,3
2019,다아8821,cp2_bnu_94,0
2019,다아8826,cp2_bnu_10,3
2019,다아8826,cp2_bnu_38,0
2019,다아8826,cp2_bnu_41,3
2019,다아8826,cp2_bnu_42,5
2019,다아8826,cp2_bnu_56,3
2019,다아8826,cp2_bnu_91,0
2019,다아8827,cp2_bnu_41,0
2019,다아8827,cp2_bnu_47,3
2019,다아8827,cp2_bnu_94,0
2019,다아8827,cp2_bnu_95,3
2019,다아8829,cp2_bnu_10,0
2019,다아8901,cp2_bnu_11,3
2019,다아8901,cp2_bnu_52,0
2019,다아8902,cp2_bnu_94,0
2019,다아8903,cp2_bnu_10,0
2019,다아8903,cp2_bnu_56,0
2019,다아8903,cp2_bnu_94,0
2019,다아8905,cp2_bnu_10,0
2019,다아8905,cp2_bnu_11,0
2019,다아8905,cp2_bnu_36,3
2019,다아8905,cp2_bnu_47,5
2019,다아8905,cp2_bnu_55,5
2019,다아8905,cp2_bnu_56,8
2019,다아8906,cp2_bnu_10,0
2019,다아8906,cp2_bnu_46,3
2019,다아8906,cp2_bnu_47,8
2019,다아8906,cp2_bnu_49,0
2019,다아8906,cp2_bnu_55,5
2019,다아8906,cp2_bnu_56,8
2019,다아8906,cp2_bnu_85,3
2019,다아8906,cp2_bnu_86,3
2019,다아8906,cp2_bnu_87,0
2019,다아8906,cp2_bnu_90,0
2019,다아8906,cp2_bnu_94,0
2019,다아8907,cp2_bnu_55,0
2019,다아8909,cp2_bnu_11,3
2019,다아8909,cp2_bnu_47,0
2019,다아8909,cp2_bnu_55,0
2019,다아8910,cp2_bnu_10,0
2019,다아8918,cp2_bnu_47,0
2019,다아8918,cp2_bnu_56,0
2019,다아8918,cp2_bnu_96,3
2019,다아8920,cp2_bnu_91,0
2019,다아8921,cp2_bnu_47,0
2019,다아8921,cp2_bnu_85,0
2019,다아8926,cp2_bnu_87,3
2019,다아8927,cp2_bnu_10,0
2019,다아8927,cp2_bnu_41,3
2019,다아8927,cp2_bnu_46,0
2019,다아8927,cp2_bnu_56,0
2019,다아8927,cp2_bnu_85,0
2019,다아9001,cp2_bnu_87,0
2019,다아9001,cp2_bnu_94,3
2019,다아9002,cp2_bnu_55,3
2019,다아9002,cp2_bnu_68,3
2019,다아9003,cp2_bnu_11,3
2019,다아9003,cp2_bnu_55,3
2019,다아9003,cp2_bnu_90,0
2019,다아9005,cp2_bnu_55,3
2019,다아9006,cp2_bnu_46,3
2019,다아9006,cp2_bnu_47,3
2019,다아9006,cp2_bnu_55,3
2019,다아9007,cp2_bnu_10,3
2019,다아9007,cp2_bnu_11,3
2019,다아9007,cp2_bnu_46,3
2019,다아9007,cp2_bnu_47,5
2019,다아9007,cp2_bnu_55,8
2019,다아9007,cp2_bnu_56,14
2019,다아9007,cp2_bnu_91,0
2019,다아9008,cp2_bnu_47,0
2019,다아9008,cp2_bnu_55,5
2019,다아9008,cp2_bnu_56,3
2019,다아9008,cp2_bnu_85,0
2019,다아9009,cp2_bnu_46,3
2019,다아9009,cp2_bnu_55,8
2019,다아9009,cp2_bnu_56,0
2019,다아9010,cp2_bnu_55,3
2019,다아9011,cp2_bnu_55,0
2019,다아9011,cp2_bnu_94,3
2019,다아9012,cp2_bnu_55,3
2019,다아9017,cp2_bnu_94,0
2019,다아9018,cp2_bnu_35,0
2019,다아9019,cp2_bnu_33,0
2019,다아9026,cp2_bnu_10,3
2019,다아9026,cp2_bnu_46,0
2019,다아9026,cp2_bnu_47,0
2019,다아9026,cp2_bnu_94,3
2019,다아9027,cp2_bnu_37,0
2019,다아9027,cp2_bnu_47,0
2019,다아9027,cp2_bnu_70,0
2019,다아9028,cp2_bnu_87,3
2019,다아9028,cp2_bnu_95,3
2019,다아9107,cp2_bnu_42,3
2019,다아9107,cp2_bnu_47,5
2019,다아9107,cp2_bnu_55,3
2019,다아9107,cp2_bnu_56,14
2019,다아9107,cp2_bnu_71,0
2019,다아9107,cp2_bnu_94,0
2019,다아9108,cp2_bnu_55,3
2019,다아9108,cp2_bnu_56,5
2019,다아9112,cp2_bnu_55,0
2019,다아9112,cp2_bnu_56,3
2019,다아9113,cp2_bnu_94,0
2019,다아9114,cp2_bnu_47,3
2019,다아9114,cp2_bnu_56,3
2019,다아9114,cp2_bnu_87,0
2019,다아9115,cp2_bnu_55,0
2019,다아9115,cp2_bnu_96,0
2019,다아9116,cp2_bnu_73,0
2019,다아9116,cp2_bnu_94,0
2019,다아9117,cp2_bnu_47,0
2019,다아9126,cp2_bnu_01,3
2019,다아9126,cp2_bnu_46,0
2019,다아9126,cp2_bnu_55,0
2019,다아9127,cp2_bnu_10,5
2019,다아9127,cp2_bnu_11,0
2019,다아9127,cp2_bnu_22,0
2019,다아9127,cp2_bnu_33,5
2019,다아9127,cp2_bnu_41,0
2019,다아9127,cp2_bnu_42,3
2019,다아9127,cp2_bnu_46,0
2019,다아9127,cp2_bnu_56,0
2019,다아9127,cp2_bnu_74,3
2019,다아9127,cp2_bnu_87,3
2019,다아9128,cp2_bnu_87,0
2019,다아9133,cp2_bnu_94,0
2019,다아9207,cp2_bnu_94,3
2019,다아9208,cp2_bnu_10,3
2019,다아9208,cp2_bnu_47,3
2019,다아9208,cp2_bnu_55,3
2019,다아9208,cp2_bnu_56,16
2019,다아9215,cp2_bnu_41,3
2019,다아9215,cp2_bnu_42,0
2019,다아9215,cp2_bnu_55,3
2019,다아9216,cp2_bnu_55,0
2019,다아9216,cp2_bnu_56,0
2019,다아9218,cp2_bnu_01,0
2019,다아9218,cp2_bnu_10,5
2019,다아9218,cp2_bnu_16,0
2019,다아9218,cp2_bnu_28,0
2019,다아9218,cp2_bnu_41,5
2019,다아9218,cp2_bnu_42,3
2019,다아9218,cp2_bnu_47,17
2019,다아9218,cp2_bnu_55,5
2019,다아9218,cp2_bnu_56,32
2019,다아9218,cp2_bnu_61,0
2019,다아9218,cp2_bnu_64,0
2019,다아9218,cp2_bnu_68,3
2019,다아9218,cp2_bnu_84,3
2019,다아9218,cp2_bnu_85,5
2019,다아9218,cp2_bnu_86,3
2019,다아9218,cp2_bnu_87,0
2019,다아9218,cp2_bnu_91,5
2019,다아9218,cp2_bnu_94,0
2019,다아9218,cp2_bnu_95,0
2019,다아9218,cp2_bnu_96,3
2019,다아9219,cp2_bnu_55,0
2019,다아9219,cp2_bnu_90,0
2019,다아9220,cp2_bnu_10,3
2019,다아9220,cp2_bnu_27,0
2019,다아9220,cp2_bnu_42,3
2019,다아9220,cp2_bnu_55,5
2019,다아9220,cp2_bnu_70,0
2019,다아9222,cp2_bnu_55,3
2019,다아9222,cp2_bnu_87,0
2019,다아9227,cp2_bnu_10,5
2019,다아9227,cp2_bnu_20,0
2019,다아9227,cp2_bnu_22,0
2019,다아9227,cp2_bnu_23,3
2019,다아9227,cp2_bnu_25,3
2019,다아9227,cp2_bnu_26,3
2019,다아9227,cp2_bnu_27,0
2019,다아9227,cp2_bnu_28,0
2019,다아9227,cp2_bnu_32,0
2019,다아9227,cp2_bnu_34,0
2019,다아9227,cp2_bnu_41,0
2019,다아9227,cp2_bnu_42,5
2019,다아9227,cp2_bnu_45,0
2019,다아9227,cp2_bnu_46,3
2019,다아9227,cp2_bnu_47,11
2019,다아9227,cp2_bnu_55,5
2019,다아9227,cp2_bnu_56,18
2019,다아9227,cp2_bnu_68,3
2019,다아9227,cp2_bnu_72,0
2019,다아9227,cp2_bnu_91,3
2019,다아9227,cp2_bnu_94,3
2019,다아9227,cp2_bnu_96,3
2019,다아9228,cp2_bnu_85,3
2019,다아9308,cp2_bnu_56,5
2019,다아9309,cp2_bnu_55,0
2019,다아9309,cp2_bnu_56,3
2019,다아9314,cp2_bnu_94,3
2019,다아9315,cp2_bnu_10,0
2019,다아9320,cp2_bnu_01,0
2019,다아9320,cp2_bnu_23,3
2019,다아9321,cp2_bnu_55,3
2019,다아9321,cp2_bnu_56,0
2019,다아9322,cp2_bnu_26,3
2019,다아9322,cp2_bnu_42,0
2019,다아9322,cp2_bnu_47,3
2019,다아9322,cp2_bnu_55,3
2019,다아9322,cp2_bnu_56,0
2019,다아9323,cp2_bnu_47,5
2019,다아9324,cp2_bnu_42,0
2019,다아9325,cp2_bnu_55,0
2019,다아9325,cp2_bnu_96,3
2019,다아9326,cp2_bnu_47,3
2019,다아9327,cp2_bnu_10,0
2019,다아9327,cp2_bnu_33,3
2019,다아9327,cp2_bnu_34,3
2019,다아9327,cp2_bnu_41,3
2019,다아9327,cp2_bnu_42,8
2019,다아9327,cp2_bnu_45,0
2019,다아9327,cp2_bnu_46,3
2019,다아9327,cp2_bnu_47,5
2019,다아9327,cp2_bnu_55,3
2019,다아9327,cp2_bnu_56,5
2019,다아9327,cp2_bnu_61,3
2019,다아9327,cp2_bnu_68,3
2019,다아9327,cp2_bnu_75,0
2019,다아9327,cp2_bnu_76,0
2019,다아9327,cp2_bnu_84,0
2019,다아9327,cp2_bnu_85,0
2019,다아9327,cp2_bnu_86,3
2019,다아9327,cp2_bnu_94,3
2019,다아9327,cp2_bnu_95,3
2019,다아9327,cp2_bnu_96,3
2019,다아9400,cp2_bnu_55,3
2019,다아9402,cp2_bnu_55,0
2019,다아9403,cp2_bnu_55,3
2019,다아9410,cp2_bnu_47,0
2019,다아9410,cp2_bnu_56,0
2019,다아9411,cp2_bnu_10,0
2019,다아9411,cp2_bnu_47,3
2019,다아9411,cp2_bnu_56,3
2019,다아9411,cp2_bnu_87,3
2019,다아9421,cp2_bnu_55,3
2019,다아9425,cp2_bnu_01,0
2019,다아9425,cp2_bnu_42,3
2019,다아9425,cp2_bnu_47,0
2019,다아9425,cp2_bnu_55,0
2019,다아9425,cp2_bnu_56,3
2019,다아9425,cp2_bnu_68,0
2019,다아9425,cp2_bnu_87,0
2019,다아9425,cp2_bnu_90,3
2019,다아9425,cp2_bnu_94,3
2019,다아9425,cp2_bnu_95,0
2019,다아9426,cp2_bnu_01,3
2019,다아9426,cp2_bnu_10,14
2019,다아9426,cp2_bnu_16,0
2019,다아9426,cp2_bnu_20,3
2019,다아9426,cp2_bnu_33,3
2019,다아9426,cp2_bnu_41,0
2019,다아9426,cp2_bnu_42,11
2019,다아9426,cp2_bnu_45,3
2019,다아9426,cp2_bnu_46,8
2019,다아9426,cp2_bnu_47,111
2019,다아9426,cp2_bnu_49,3
2019,다아9426,cp2_bnu_52,3
2019,다아9426,cp2_bnu_55,20
2019,다아9426,cp2_bnu_56,139
2019,다아9426,cp2_bnu_61,0
2019,다아9426,cp2_bnu_64,3
2019,다아9426,cp2_bnu_65,3
2019,다아9426,cp2_bnu_66,0
2019,다아9426,cp2_bnu_68,5
2019,다아9426,cp2_bnu_73,3
2019,다아9426,cp2_bnu_75,3
2019,다아9426,cp2_bnu_76,0
2019,다아9426,cp2_bnu_84,0
2019,다아9426,cp2_bnu_85,23
2019,다아9426,cp2_bnu_86,8
2019,다아9426,cp2_bnu_87,3
2019,다아9426,cp2_bnu_90,3
2019,다아9426,cp2_bnu_91,28
2019,다아9426,cp2_bnu_94,5
2019,다아9426,cp2_bnu_95,8
2019,다아9426,cp2_bnu_96,33
2019,다아9427,cp2_bnu_01,3
2019,다아9427,cp2_bnu_10,3
2019,다아9427,cp2_bnu_23,3
2019,다아9427,cp2_bnu_42,3
2019,다아9427,cp2_bnu_46,0
2019,다아9427,cp2_bnu_47,3
2019,다아9427,cp2_bnu_55,3
2019,다아9427,cp2_bnu_56,0
2019,다아9427,cp2_bnu_75,0
2019,다아9427,cp2_bnu_84,0
2019,다아9427,cp2_bnu_85,3
2019,다아9427,cp2_bnu_86,0
2019,다아9427,cp2_bnu_87,5
2019,다아9427,cp2_bnu_94,3
2019,다아9427,cp2_bnu_95,3
2019,다아9502,cp2_bnu_10,0
2019,다아9504,cp2_bnu_47,3
2019,다아9504,cp2_bnu_56,3
2019,다아9509,cp2_bnu_56,0
2019,다아9510,cp2_bnu_55,0
2019,다아9510,cp2_bnu_56,3
2019,다아9511,cp2_bnu_42,3
2019,다아9511,cp2_bnu_46,3
2019,다아9511,cp2_bnu_47,14
2019,다아9511,cp2_bnu_55,3
2019,다아9511,cp2_bnu_56,5
2019,다아9511,cp2_bnu_68,0
2019,다아9512,cp2_bnu_56,3
2019,다아9526,cp2_bnu_42,3
2019,다아9526,cp2_bnu_47,0
2019,다아9526,cp2_bnu_55,0
2019,다아9526,cp2_bnu_56,3
2019,다아9526,cp2_bnu_84,0
2019,다아9526,cp2_bnu_94,0
2019,다아9527,cp2_bnu_46,0
2019,다아9527,cp2_bnu_47,5
2019,다아9527,cp2_bnu_56,3
2019,다아9527,cp2_bnu_68,0
2019,다아9527,cp2_bnu_87,0
2019,다아9527,cp2_bnu_91,0
2019,다아9527,cp2_bnu_95,3
2019,다아9528,cp2_bnu_47,5
2019,다아9528,cp2_bnu_87,3
2019,다아9531,cp2_bnu_47,3
2019,다아9531,cp2_bnu_56,3
2019,다아9531,cp2_bnu_94,0
2019,다아9609,cp2_bnu_55,5
2019,다아9609,cp2_bnu_56,3
2019,다아9616,cp2_bnu_47,3
2019,다아9616,cp2_bnu_55,3
2019,다아9616,cp2_bnu_56,3
2019,다아9617,cp2_bnu_47,0
2019,다아9617,cp2_bnu_55,0
2019,다아9618,cp2_bnu_01,3
2019,다아9618,cp2_bnu_56,3
2019,다아9619,cp2_bnu_10,0
2019,다아9619,cp2_bnu_47,0
2019,다아9619,cp2_bnu_55,0
2019,다아9619,cp2_bnu_86,3
2019,다아9619,cp2_bnu_94,0
2019,다아9620,cp2_bnu_16,0
2019,다아9620,cp2_bnu_55,0
2019,다아9621,cp2_bnu_01,0
2019,다아9621,cp2_bnu_55,3
2019,다아9621,cp2_bnu_68,3
2019,다아9622,cp2_bnu_55,3
2019,다아9626,cp2_bnu_10,0
2019,다아9626,cp2_bnu_34,0
2019,다아9626,cp2_bnu_41,0
2019,다아9628,cp2_bnu_01,0
2019,다아9628,cp2_bnu_10,3
2019,다아9628,cp2_bnu_46,0
2019,다아9628,cp2_bnu_47,0
2019,다아9708,cp2_bnu_55,3
2019,다아9708,cp2_bnu_56,5
2019,다아9709,cp2_bnu_47,3
2019,다아9710,cp2_bnu_94,0
2019,다아9711,cp2_bnu_47,0
2019,다아9711,cp2_bnu_55,0
2019,다아9712,cp2_bnu_55,3
2019,다아9715,cp2_bnu_55,3
2019,다아9715,cp2_bnu_90,3
2019,다아9716,cp2_bnu_55,0
2019,다아9717,cp2_bnu_46,0
2019,다아9717,cp2_bnu_55,0
2019,다아9719,cp2_bnu_01,3
2019,다아9720,cp2_bnu_47,3
2019,다아9720,cp2_bnu_55,0
2019,다아9720,cp2_bnu_56,3
2019,다아9721,cp2_bnu_10,0
2019,다아9721,cp2_bnu_47,3
2019,다아9722,cp2_bnu_42,3
2019,다아9722,cp2_bnu_47,0
2019,다아9722,cp2_bnu_55,0
2019,다아9722,cp2_bnu_94,0
2019,다아9723,cp2_bnu_11,0
2019,다아9723,cp2_bnu_55,0
2019,다아9724,cp2_bnu_42,3
2019,다아9724,cp2_bnu_94,3
2019,다아9725,cp2_bnu_47,3
2019,다아9725,cp2_bnu_94,0
2019,다아9726,cp2_bnu_01,0
2019,다아9726,cp2_bnu_10,5
2019,다아9726,cp2_bnu_42,0
2019,다아9726,cp2_bnu_47,5
2019,다아9726,cp2_bnu_55,3
2019,다아9726,cp2_bnu_56,7
2019,다아9726,cp2_bnu_61,3
2019,다아9726,cp2_bnu_64,0
2019,다아9726,cp2_bnu_84,0
2019,다아9726,cp2_bnu_85,3
2019,다아9726,cp2_bnu_86,3
2019,다아9726,cp2_bnu_94,3
2019,다아9726,cp2_bnu_96,3
2019,다아9727,cp2_bnu_10,3
2019,다아9727,cp2_bnu_46,0
2019,다아9727,cp2_bnu_56,3
2019,다아9727,cp2_bnu_94,0
2019,다아9729,cp2_bnu_20,3
2019,다아9729,cp2_bnu_47,0
2019,다아9730,cp2_bnu_10,3
2019,다아9802,cp2_bnu_10,0
2019,다아9803,cp2_bnu_55,0
2019,다아9804,cp2_bnu_47,3
2019,다아9805,cp2_bnu_10,0
2019,다아9805,cp2_bnu_47,3
2019,다아9808,cp2_bnu_10,0
2019,다아9808,cp2_bnu_47,3
2019,다아9808,cp2_bnu_55,3
2019,다아9808,cp2_bnu_56,0
2019,다아9809,cp2_bnu_55,5
2019,다아9810,cp2_bnu_55,0
2019,다아9811,cp2_bnu_01,0
2019,다아9811,cp2_bnu_47,0
2019,다아9811,cp2_bnu_55,3
2019,다아9819,cp2_bnu_94,0
2019,다아9821,cp2_bnu_56,3
2019,다아9827,cp2_bnu_36,0
2019,다아9828,cp2_bnu_47,0
2019,다아9828,cp2_bnu_94,3
2019,다아9906,cp2_bnu_55,0
2019,다아9906,cp2_bnu_91,3
2019,다아9906,cp2_bnu_94,0
2019,다아9907,cp2_bnu_23,3
2019,다아9907,cp2_bnu_25,3
2019,다아9907,cp2_bnu_47,8
2019,다아9907,cp2_bnu_55,0
2019,다아9907,cp2_bnu_56,3
2019,다아9907,cp2_bnu_68,3
2019,다아9907,cp2_bnu_85,3
2019,다아9907,cp2_bnu_94,3
2019,다아9908,cp2_bnu_20,0
2019,다아9908,cp2_bnu_47,5
2019,다아9908,cp2_bnu_76,3
2019,다아9910,cp2_bnu_10,0
2019,다아9910,cp2_bnu_47,3
