2019,마아0000,cp2_bnu_41,3
2019,마아0000,cp2_bnu_55,5
2019,마아0000,cp2_bnu_56,0
2019,마아0000,cp2_bnu_72,3
2019,마아0000,cp2_bnu_94,3
2019,마아0001,cp2_bnu_94,0
2019,마아0002,cp2_bnu_46,0
2019,마아0003,cp2_bnu_20,0
2019,마아0003,cp2_bnu_46,5
2019,마아0004,cp2_bnu_10,0
2019,마아0004,cp2_bnu_49,0
2019,마아0005,cp2_bnu_17,3
2019,마아0005,cp2_bnu_38,0
2019,마아0006,cp2_bnu_38,3
2019,마아0006,cp2_bnu_55,3
2019,마아0006,cp2_bnu_56,3
2019,마아0006,cp2_bnu_96,3
2019,마아0007,cp2_bnu_16,3
2019,마아0007,cp2_bnu_42,0
2019,마아0007,cp2_bnu_47,3
2019,마아0007,cp2_bnu_55,0
2019,마아0007,cp2_bnu_56,0
2019,마아0007,cp2_bnu_61,0
2019,마아0007,cp2_bnu_68,3
2019,마아0007,cp2_bnu_84,3
2019,마아0007,cp2_bnu_85,3
2019,마아0007,cp2_bnu_86,3
2019,마아0007,cp2_bnu_94,3
2019,마아0007,cp2_bnu_96,0
2019,마아0008,cp2_bnu_01,3
2019,마아0008,cp2_bnu_47,0
2019,마아0008,cp2_bnu_84,3
2019,마아0009,cp2_bnu_23,0
2019,마아0009,cp2_bnu_47,3
2019,마아0009,cp2_bnu_55,3
2019,마아0009,cp2_bnu_87,3
2019,마아0010,cp2_bnu_45,0
2019,마아0010,cp2_bnu_55,3
2019,마아0010,cp2_bnu_94,5
2019,마아0011,cp2_bnu_55,3
2019,마아0011,cp2_bnu_56,3
2019,마아0011,cp2_bnu_91,0
2019,마아0012,cp2_bnu_55,0
2019,마아0012,cp2_bnu_85,3
2019,마아0105,cp2_bnu_47,3
2019,마아0105,cp2_bnu_55,3
2019,마아0105,cp2_bnu_56,3
2019,마아0106,cp2_bnu_42,0
2019,마아0106,cp2_bnu_47,3
2019,마아0106,cp2_bnu_55,0
2019,마아0106,cp2_bnu_56,0
2019,마아0106,cp2_bnu_91,3
2019,마아0106,cp2_bnu_96,0
2019,마아0107,cp2_bnu_91,3
2019,마아0108,cp2_bnu_42,0
2019,마아0108,cp2_bnu_94,0
2019,마아0109,cp2_bnu_55,0
2019,마아0109,cp2_bnu_74,0
2019,마아0110,cp2_bnu_42,0
2019,마아0110,cp2_bnu_47,5
2019,마아0110,cp2_bnu_55,5
2019,마아0110,cp2_bnu_56,5
2019,마아0110,cp2_bnu_76,3
2019,마아0110,cp2_bnu_85,0
2019,마아0110,cp2_bnu_90,3
2019,마아0110,cp2_bnu_94,0
2019,마아0111,cp2_bnu_85,3
2019,마아0204,cp2_bnu_32,0
2019,마아0204,cp2_bnu_47,0
2019,마아0205,cp2_bnu_47,3
2019,마아0205,cp2_bnu_94,3
2019,마아0207,cp2_bnu_47,0
2019,마아0207,cp2_bnu_52,4
2019,마아0207,cp2_bnu_66,0
2019,마아0207,cp2_bnu_74,3
2019,마아0207,cp2_bnu_75,3
2019,마아0207,cp2_bnu_84,4
2019,마아0207,cp2_bnu_85,3
2019,마아0208,cp2_bnu_55,5
2019,마아0208,cp2_bnu_56,3
2019,마아0209,cp2_bnu_10,0
2019,마아0209,cp2_bnu_37,0
2019,마아0209,cp2_bnu_41,5
2019,마아0209,cp2_bnu_46,3
2019,마아0209,cp2_bnu_47,7
2019,마아0209,cp2_bnu_55,12
2019,마아0209,cp2_bnu_56,15
2019,마아0209,cp2_bnu_71,3
2019,마아0209,cp2_bnu_86,3
2019,마아0209,cp2_bnu_91,0
2019,마아0209,cp2_bnu_94,3
2019,마아0210,cp2_bnu_46,3
2019,마아0210,cp2_bnu_47,5
2019,마아0210,cp2_bnu_55,5
2019,마아0210,cp2_bnu_56,3
2019,마아0210,cp2_bnu_76,3
2019,마아0210,cp2_bnu_91,5
2019,마아0304,cp2_bnu_46,0
2019,마아0304,cp2_bnu_47,0
2019,마아0304,cp2_bnu_94,3
2019,마아0305,cp2_bnu_10,0
2019,마아0305,cp2_bnu_55,3
2019,마아0305,cp2_bnu_87,3
2019,마아0305,cp2_bnu_94,3
2019,마아0306,cp2_bnu_42,0
2019,마아0306,cp2_bnu_55,17
2019,마아0306,cp2_bnu_56,3
2019,마아0307,cp2_bnu_42,0
2019,마아0307,cp2_bnu_46,0
2019,마아0307,cp2_bnu_47,3
2019,마아0307,cp2_bnu_55,11
2019,마아0307,cp2_bnu_56,8
2019,마아0307,cp2_bnu_76,3
2019,마아0307,cp2_bnu_85,3
2019,마아0307,cp2_bnu_90,0
2019,마아0307,cp2_bnu_91,0
2019,마아0309,cp2_bnu_52,3
2019,마아0309,cp2_bnu_91,3
2019,마아0401,cp2_bnu_41,0
2019,마아0401,cp2_bnu_55,5
2019,마아0401,cp2_bnu_94,3
2019,마아0402,cp2_bnu_47,3
2019,마아0402,cp2_bnu_56,0
2019,마아0402,cp2_bnu_85,0
2019,마아0402,cp2_bnu_94,0
2019,마아0403,cp2_bnu_52,0
2019,마아0404,cp2_bnu_01,3
2019,마아0404,cp2_bnu_42,0
2019,마아0404,cp2_bnu_47,3
2019,마아0404,cp2_bnu_55,0
2019,마아0404,cp2_bnu_68,3
2019,마아0405,cp2_bnu_37,0
2019,마아0405,cp2_bnu_55,3
2019,마아0405,cp2_bnu_56,5
2019,마아0406,cp2_bnu_41,0
2019,마아0406,cp2_bnu_47,0
2019,마아0406,cp2_bnu_55,10
2019,마아0406,cp2_bnu_56,3
2019,마아0406,cp2_bnu_94,0
2019,마아0501,cp2_bnu_46,3
2019,마아0502,cp2_bnu_01,3
2019,마아0502,cp2_bnu_10,0
2019,마아0502,cp2_bnu_32,0
2019,마아0502,cp2_bnu_34,0
2019,마아0502,cp2_bnu_47,0
2019,마아0502,cp2_bnu_55,3
2019,마아0502,cp2_bnu_85,0
2019,마아0502,cp2_bnu_94,0
2019,마아0503,cp2_bnu_47,3
2019,마아0503,cp2_bnu_68,0
2019,마아0503,cp2_bnu_94,3
2019,마아0504,cp2_bnu_47,3
2019,마아0504,cp2_bnu_55,3
2019,마아0504,cp2_bnu_56,3
2019,마아0603,cp2_bnu_33,0
2019,마아0603,cp2_bnu_41,3
2019,마아0603,cp2_bnu_47,5
2019,마아0603,cp2_bnu_55,3
2019,마아0603,cp2_bnu_56,5
2019,마아0603,cp2_bnu_68,3
2019,마아0603,cp2_bnu_85,5
2019,마아0603,cp2_bnu_95,0
2019,마아0700,cp2_bnu_41,0
2019,마아0700,cp2_bnu_42,0
2019,마아0700,cp2_bnu_55,3
2019,마아0700,cp2_bnu_96,0
2019,마아0701,cp2_bnu_46,5
2019,마아0701,cp2_bnu_47,8
2019,마아0701,cp2_bnu_55,5
2019,마아0701,cp2_bnu_56,8
2019,마아0701,cp2_bnu_68,3
2019,마아0701,cp2_bnu_76,3
2019,마아0701,cp2_bnu_85,4
2019,마아0701,cp2_bnu_94,0
2019,마아0701,cp2_bnu_95,3
2019,마아0702,cp2_bnu_25,3
2019,마아0702,cp2_bnu_41,0
2019,마아0702,cp2_bnu_42,0
2019,마아0702,cp2_bnu_46,0
2019,마아0702,cp2_bnu_47,8
2019,마아0702,cp2_bnu_55,9
2019,마아0702,cp2_bnu_56,22
2019,마아0702,cp2_bnu_61,0
2019,마아0702,cp2_bnu_64,0
2019,마아0702,cp2_bnu_68,3
2019,마아0702,cp2_bnu_75,0
2019,마아0702,cp2_bnu_76,3
2019,마아0702,cp2_bnu_84,0
2019,마아0702,cp2_bnu_85,3
2019,마아0702,cp2_bnu_86,0
2019,마아0702,cp2_bnu_90,3
2019,마아0702,cp2_bnu_91,3
2019,마아0702,cp2_bnu_94,3
2019,마아0702,cp2_bnu_95,3
2019,마아0702,cp2_bnu_96,5
2019,마아0703,cp2_bnu_46,0
2019,마아0703,cp2_bnu_47,8
2019,마아0703,cp2_bnu_55,33
2019,마아0703,cp2_bnu_56,11
2019,마아0703,cp2_bnu_63,0
2019,마아0703,cp2_bnu_68,3
2019,마아0703,cp2_bnu_76,3
2019,마아0703,cp2_bnu_90,0
2019,마아0703,cp2_bnu_91,0
2019,마아0800,cp2_bnu_84,0
2019,마아0800,cp2_bnu_91,0
2019,마아0801,cp2_bnu_46,3
2019,마아0801,cp2_bnu_47,5
2019,마아0801,cp2_bnu_56,5
2019,마아0801,cp2_bnu_84,0
2019,마아0801,cp2_bnu_85,3
2019,마아0803,cp2_bnu_56,0
2019,마아0900,cp2_bnu_91,0
