유치원명,주소
산새소리유치원,광주광역시 광산구 어등대로491번길 36
풍영초등학교병설유치원,광주광역시 광산구 수등로258번길 53
첨단초등학교병설유치원,광주광역시 광산구 임방울대로 727-20
큰솔유치원,광주광역시 광산구 목련로273번안길 109-5
송정동초등학교병설유치원,광주광역시 광산구 사암로27번길 58
어룡초등학교병설유치원,광주광역시 광산구 소촌로 122
수문초등학교병설유치원,광주광역시 광산구 신창로105번길 9
선창유치원,광주광역시 광산구 신가삼효로 35
메이플유치원,광주광역시 광산구 목련로2번길 29-67
산정초등학교병설유치원,광주광역시 광산구 목련로22번길 11
운남초등학교병설유치원,광주광역시 광산구 하남대로 248-22
월계초등학교병설유치원,광주광역시 광산구 첨단내촌로 83
버클리유치원,광주광역시 광산구 왕버들로 113-25
꽃마리유치원,광주광역시 광산구 풍영로199번길 25
동곡초등학교병설유치원,광주광역시 광산구 동곡로 151-17
마지초등학교병설유치원,광주광역시 광산구 목련로219번길 104
모모유치원,광주광역시 광산구 월계로 117-32
산월초등학교병설유치원,광주광역시 광산구 산월로9번길 36
썬아이유치원,광주광역시 광산구 송도로304번길 78
산들바람유치원,광주광역시 광산구 비아로147번길 16
숲사랑유치원,광주광역시 광산구 신가매결길 50
수완초등학교병설유치원,광주광역시 광산구 장덕로 143
도산초등학교병설유치원,광주광역시 광산구 송정외로 6
리틀윌링스유치원,광주광역시 광산구 임방울대로 603
은송유치원,광주광역시 광산구 월곡산정로 80
임곡초등학교병설유치원,광주광역시 광산구 하림길 26
애플유치원,광주광역시 광산구 장신로265번길 49
하남중앙유치원,광주광역시 광산구 산정로18번길 7-6
은송몬테소리유치원,광주광역시 광산구 목련로253번길 32
미산초등학교병설유치원,광주광역시 광산구 첨단중앙로181번길 70
송정중앙초등학교병설유치원,광주광역시 광산구 어등대로653번길 90
선운초등학교병설유치원,광주광역시 광산구 선운중앙로 11
새별초등학교병설유치원,광주광역시 광산구 풍영로 125
예송유치원,광주광역시 광산구 첨단중앙로67번길 82
정암초등학교병설유치원,광주광역시 광산구 첨단과기로 104
평동초등학교병설유치원,광주광역시 광산구 평동로 741
푸른숲속유치원,광주광역시 광산구 월곡중앙로13번길 13
송정서초등학교병설유치원,광주광역시 광산구 상무대로 114
신창초등학교병설유치원,광주광역시 광산구 신창로162번길 10
리더스유치원,광주광역시 광산구 왕버들로 113-24
선우유치원,광주광역시 광산구 첨단과기로 79-15
본량초등학교병설유치원,광주광역시 광산구 용진로 323
아이원유치원,광주광역시 광산구 구촌반촌길 33
고실초등학교병설유치원,광주광역시 광산구 풍영로 300
윌링스플러스유치원,광주광역시 광산구 임방울대로 603
아일다유치원,광주광역시 광산구 첨단과기로 59-14
세한유치원,광주광역시 광산구 목련로 192-10
유앤미유치원,광주광역시 광산구 목련로397번길 10
대반초등학교병설유치원,광주광역시 광산구 사암로340번길 19
신미라유치원,광주광역시 광산구 여대길 228
비아초등학교병설유치원,광주광역시 광산구 비아동원촌길 19-20
삼성유치원,광주광역시 광산구 임방울대로 142-12
영천초등학교병설유치원,광주광역시 광산구 목련로 123
봉산유치원,광주광역시 광산구 산월로 57
선창초등학교병설유치원,광주광역시 광산구 신창로35번길 67
더선우유치원,광주광역시 광산구 선운로20번길 3
든해솔유치원,광주광역시 광산구 목련로2번길 29-31
어등초등학교병설유치원,광주광역시 광산구 월곡산정로 50
하남중앙초등학교병설유치원,광주광역시 광산구 산정로6번길 21-20
큰빛자연생태유치원,광주광역시 광산구 박뫼길 11-6
별아이유치원,광주광역시 광산구 소촌로86번길 20-12
레인보우유치원,광주광역시 광산구 장신로 306
키즈웰유치원,광주광역시 광산구 목련로381번길 39
미래클유치원,광주광역시 광산구 임방울대로 142-21
예향유치원,광주광역시 광산구 장덕로 28
베스트유치원,광주광역시 광산구 임방울대로378번길 37
선운숲유치원,광주광역시 광산구 어등대로534번길 51-2
요술나라유치원,광주광역시 광산구 하남대로 248-13
파란나라유치원,광주광역시 광산구 사암로92번길 69-15
그랜드유치원,광주광역시 광산구 왕버들로 93
금구초등학교병설유치원,광주광역시 광산구 임방울대로165번길 60
하남초등학교병설유치원,광주광역시 광산구 하남대로54번길 10
삼도초등학교병설유치원,광주광역시 광산구 용진로 9
송정초등학교병설유치원,광주광역시 광산구 송도로208번길 25
기쁨유치원,광주광역시 광산구 송도로226번길 16
큰별초등학교병설유치원,광주광역시 광산구 수등로 115
해밀유치원,광주광역시 광산구 목련로2번길 37
진만초등학교병설유치원,광주광역시 광산구 목련로394번길 40-10
인스나인유치원,광주광역시 광산구 송정외로 46
목련초등학교병설유치원,광주광역시 광산구 목련로153번길 20
금강해피랜드유치원,광주광역시 광산구 목련로 184
성모남해유치원,광주광역시 광산구 첨단봉산길 16-10
우암유치원,광주광역시 광산구 남부대길 41
세종유치원,광주광역시 광산구 하남대로54번안길 65
운수유치원,광주광역시 광산구 선암1로 31
새미르유치원,광주광역시 북구 임방울대로1042번길 29
아이림유치원,광주광역시 북구 양산제로38번길 5
더블유유치원,광주광역시 북구 서하로315번길 21
문흥중앙초등학교병설유치원,광주광역시 북구 문산로 17
광주풍향초등학교병설유치원,광주광역시 북구 군왕로51번길 77
인양유치원,광주광역시 북구 상촌로 29
광주문화초등학교병설유치원,광주광역시 북구 군왕로 135
건국유치원,광주광역시 북구 첨단연신로108번길 104
광주양산초등학교병설유치원,광주광역시 북구 연양로 33
엘리트유치원,광주광역시 북구 일곡로49번길 66
하늘동화유치원,광주광역시 북구 연양로7번길 24-4
이화정원유치원,광주광역시 북구 일곡로 45-9
남양유치원,광주광역시 북구 서강로 156
하나유치원,광주광역시 북구 용봉택지로13번길 25
아이베스트유치원,광주광역시 북구 하백로29번길 15
삼정초등학교병설유치원,광주광역시 북구 밤실로208번길 55
양산리라유치원,광주광역시 북구 양산택지로34번길 12
서영대학교부설서영유치원,광주광역시 북구 서강로 1
키즈캐슬유치원,광주광역시 북구 연양로7번길 49-5
키즈금강유치원,광주광역시 북구 원삼각길 18
금정유치원,광주광역시 북구 연양로34번길 10
해성유치원,광주광역시 북구 동문대로134번길 36
문예동산유치원,광주광역시 북구 금호로108번길 18
광주서산초등학교병설유치원,광주광역시 북구 우치로 263
문흥초등학교병설유치원,광주광역시 북구 면앙로 19
동심유치원,광주광역시 북구 부남길 26
무지개몬테소리유치원,광주광역시 북구 호동로 100
오정초등학교병설유치원,광주광역시 북구 대천로 55
아이세상유치원,광주광역시 북구 북문대로242번길 43
용주초등학교병설유치원,광주광역시 북구 용주로 15
이화유치원,광주광역시 북구 동운로201번길 54
일곡초등학교병설유치원,광주광역시 북구 설죽로 530
연제초등학교병설유치원,광주광역시 북구 하서로229번길 47
삼성누리유치원,광주광역시 북구 중문로84번길 15
광주지산초등학교병설유치원,광주광역시 북구 하서로 637
광주효동초등학교병설유치원,광주광역시 북구 서양로 99
동강대학교부설동강유치원,광주광역시 북구 동문대로 50
일동초등학교병설유치원,광주광역시 북구 일곡택지로 45
본촌초등학교병설유치원,광주광역시 북구 본촌택지로30번길 22
프랜즈유치원,광주광역시 북구 용주로46번길 15-2
신세계유치원,광주광역시 북구 중외길 27-1
각화초등학교병설유치원,광주광역시 북구 각화대로39번길 10
경신유치원,광주광역시 북구 금호로40번길 40
문산초등학교병설유치원,광주광역시 북구 문산로 66
푸른숲유치원,광주광역시 북구 일곡로 45-4
한나래유치원,광주광역시 북구 연제외촌길 142
예일유치원,광주광역시 북구 임방울대로 1008-7
한울초등학교병설유치원,광주광역시 북구 유림로160번길 15
아이펀유치원,광주광역시 북구 효열로29번길 24-3
선정유치원,광주광역시 북구 자라봉로 66
광주용봉초등학교병설유치원,광주광역시 북구 서암대로144번길 11
광주우산초등학교병설유치원,광주광역시 북구 서방로63번길 67
광주운암초등학교병설유치원,광주광역시 북구 서강로 79-14
일신초등학교병설유치원,광주광역시 북구 일곡마을로 187
양지초등학교병설유치원,광주광역시 북구 자라봉로63번길 16
한빛유치원,광주광역시 북구 양산신촌길 31-1
이화동산유치원,광주광역시 북구 하서로 393-24
청담유치원,광주광역시 북구 빛고을대로 522
라예송유치원,광주광역시 북구 면앙로133번길 83-2
태봉초등학교병설유치원,광주광역시 북구 청계로 33
경양초등학교병설유치원,광주광역시 북구 서강로 133
효동유치원,광주광역시 북구 서양로93번길 26
해솔유치원,광주광역시 북구 두방길 91
현대유치원,광주광역시 북구 태봉로 23
코리아유치원,광주광역시 북구 매곡로69번길 15
삼각초등학교병설유치원,광주광역시 북구 송해로 21
광주중흥초등학교병설유치원,광주광역시 북구 경양로197번길 25
보화유치원,광주광역시 북구 설죽로389번길 68
동림초등학교병설유치원,광주광역시 북구 동림용산로 7
용두초등학교병설유치원,광주광역시 북구 임방울대로1041번길 25
신용유치원,광주광역시 북구 첨단연신로 232-6
더하바유치원,광주광역시 북구 일곡로41번길 25
민족사관유치원,광주광역시 북구 반룡로 53-1
한솔유치원,광주광역시 북구 양산택지로79번길 24-2
광주서림초등학교병설유치원,광주광역시 북구 서림로 113
매곡초등학교병설유치원,광주광역시 북구 초당로 25
문정초등학교병설유치원,광주광역시 북구 대천로169번길 7
서일초등학교병설유치원,광주광역시 북구 설죽로 590
정덕유치원,광주광역시 북구 능안로 1
소나무유치원,광주광역시 북구 양산택지로 60-12
선일유치원,광주광역시 북구 서강로54번길 50
오치초등학교병설유치원,광주광역시 북구 설죽로 290
광주수창초등학교병설유치원,광주광역시 북구 금남로 99
운암유치원,광주광역시 북구 서강로 79-10
두암초등학교병설유치원,광주광역시 북구 참판로 130
빛여울초등학교병설유치원,광주광역시 남구 효천중앙로 4
광주월산초등학교병설유치원,광주광역시 남구 월산로116번길 6
송원유치원,광주광역시 남구 송암로 73
광주봉주초등학교병설유치원,광주광역시 남구 봉주길 32
다온유치원,광주광역시 남구 용대로 128
새그린유치원,광주광역시 남구 봉선1로16번안길 18
월산성모유치원,광주광역시 남구 중앙로24번길 13
브라이튼유치원,광주광역시 남구 회재로 1140-13
장산초등학교병설유치원,광주광역시 남구 회서로 27
광주백운초등학교병설유치원,광주광역시 남구 독립로 51
효천초등학교병설유치원,광주광역시 남구 효우2로 70
에디슨유치원,광주광역시 남구 봉선로19번길 27
진남유치원,광주광역시 남구 노대실로 67
무학초등학교병설유치원,광주광역시 남구 월지길 7
혜화유치원,광주광역시 남구 금당로 116
남광유치원,광주광역시 남구 광복마을2길 12
광주삼육유치원,광주광역시 남구 서문대로817번길 3-4
조하유치원,광주광역시 남구 화산로 43
광주학강초등학교병설유치원,광주광역시 남구 양림로 92
광주효덕초등학교병설유치원,광주광역시 남구 화산로 7
까리따스유치원,광주광역시 남구 입하2안길 20-22
효천다솜유치원,광주광역시 남구 효우2로 5
방림유치원,광주광역시 남구 큰방림길 20
꿈드리유치원,광주광역시 남구 행암도동길 16
꿈그린유치원,광주광역시 남구 봉선로84번길 19
화니유치원,광주광역시 남구 봉선로122번길 1
지예유치원,광주광역시 남구 백운로66번길 5
광주제석초등학교병설유치원,광주광역시 남구 봉선로51번길 14
광주농성초등학교병설유치원,광주광역시 남구 금화로481번길 7
하버드유치원,광주광역시 남구 천변좌로520번길 8
이화숲유치원,광주광역시 남구 제석로 14-6
인애유치원,광주광역시 남구 용대로 91
광주대성초등학교병설유치원,광주광역시 남구 서동로2번길 8
윌링스유치원,광주광역시 남구 회재로 1140-3
슈에뜨유치원,광주광역시 남구 봉주7길 30
궁전누리유치원,광주광역시 남구 진다리로27번길 20
위즈캐슬유치원,광주광역시 남구 효우로116번길 58
대촌중앙초등학교병설유치원,광주광역시 남구 고싸움로152번길 1
불로초등학교병설유치원,광주광역시 남구 제석로80번길 58-5
해빛나유치원,광주광역시 서구 화운로 24
마재초등학교병설유치원,광주광역시 서구 마재로 27
창의유치원,광주광역시 서구 치평로 107
광주양동초등학교병설유치원,광주광역시 서구 경열로121번길 5
염주초등학교병설유치원,광주광역시 서구 염화로134번길 28
워싱턴유치원,광주광역시 서구 칠성로 21-1
소향유치원,광주광역시 서구 풍암순환로 28
천사유치원,광주광역시 서구 내방로251번길 10-1
금당초등학교병설유치원,광주광역시 서구 풍암중앙로 83
유덕초등학교병설유치원,광주광역시 서구 상무버들로16번길 6-10
세운그림유치원,광주광역시 서구 풍금로38번길 4-20
금부초등학교병설유치원,광주광역시 서구 금화로115번길 22
리플유치원,광주광역시 서구 풍암운리로 38
도날드유치원,광주광역시 서구 유덕로6번길 6
광주광천초등학교병설유치원,광주광역시 서구 월산로 266
썸머힐유치원,광주광역시 서구 월드컵4강로28번길 30-1
해달유치원,광주광역시 서구 상무자유로 25
큰별유치원,광주광역시 서구 염화로104번길 25
운리초등학교병설유치원,광주광역시 서구 풍암운리로23번길 5
유촌초등학교병설유치원,광주광역시 서구 내방로 153
펀키즈유치원,광주광역시 서구 금호운천길 58-10
문정누리유치원,광주광역시 서구 백석길 22-2
신나는유치원,광주광역시 서구 치평로 73
아이숲유치원,광주광역시 서구 백석길 38
계수초등학교병설유치원,광주광역시 서구 상무시민로 51
광주화정초등학교병설유치원,광주광역시 서구 월드컵4강로146번길 10
성진초등학교병설유치원,광주광역시 서구 학생독립로 16
아이위드유치원,광주광역시 서구 금호심곡길 5
성균관유치원,광주광역시 서구 금화로73번길 22
현대리나숲유치원,광주광역시 서구 칠성로 69번길12
아마란스유치원,광주광역시 서구 화개1로 71
초원유치원,광주광역시 서구 동하길 3-69
아이사랑유치원,광주광역시 서구 쌍촌로36번길 25
효광초등학교병설유치원,광주광역시 서구 광천2길 33
광주상무초등학교병설유치원,광주광역시 서구 금호운천길 67
홉스쿨유치원,광주광역시 서구 금화로 41
예닮몬테소리유치원,광주광역시 서구 풍암중앙로91번길 14
운천초등학교병설유치원,광주광역시 서구 치평로 59
빛고을유치원,광주광역시 서구 하남대로680번길 27
신암초등학교병설유치원,광주광역시 서구 풍암2로 56
펀앤키즈유치원,광주광역시 서구 염화로45번길 17
화운유치원,광주광역시 서구 화운로194번길 6
광주극락초등학교병설유치원,광주광역시 서구 상무버들로54번길 5
광주중앙유치원,광주광역시 서구 화정로189번길 25
화개초등학교병설유치원,광주광역시 서구 화개중앙로 48
풍암초등학교병설유치원,광주광역시 서구 풍암중앙로 8
금호초등학교병설유치원,광주광역시 서구 금부로95번길 26-11
사랑숲유치원,광주광역시 동구 화산로238번길 9
연화유치원,광주광역시 동구 지산로 60
율곡초등학교병설유치원,광주광역시 동구 밤실로 142
광주학운초등학교병설유치원,광주광역시 동구 의재로 181
광주장원초등학교병설유치원,광주광역시 동구 무등로 533
두암타운유치원,광주광역시 동구 밤실로 147
애플B유치원,광주광역시 동구 화산로 318-7
무등유치원,광주광역시 동구 학소로 125
프란치스카유치원,광주광역시 동구 동계로 79-28 . 프란치스카유치원 (계림동. 계림동천주교회)
광주계림초등학교병설유치원,광주광역시 동구 중앙로 320
광주남초등학교병설유치원,광주광역시 동구 지원로5번길 20
광주산수초등학교병설유치원,광주광역시 동구 산수길 28
광주서석초등학교병설유치원,광주광역시 동구 제봉로82번길 26
소화유치원,광주광역시 동구 제봉로 67
지한유치원,광주광역시 동구 남계길 38
광주용산초등학교병설유치원,광주광역시 동구 화산로 334
광주동산초등학교병설유치원,광주광역시 동구 준법로 16
