field_1,field_2,field_3,field_4
"2024",마라0043,cp2_bnu_85,"3"
"2024",마라0047,cp2_bnu_85,"0"
"2024",마라0051,cp2_bnu_85,"0"
"2024",마라0055,cp2_bnu_85,"11"
"2024",마라0085,cp2_bnu_85,"0"
"2024",마라0086,cp2_bnu_85,"3"
"2024",마라0091,cp2_bnu_85,"3"
"2024",마라0092,cp2_bnu_85,"3"
"2024",마라0094,cp2_bnu_85,"5"
"2024",마라0095,cp2_bnu_85,"20"
"2024",마라0096,cp2_bnu_85,"15"
"2024",마라0137,cp2_bnu_85,"5"
"2024",마라0147,cp2_bnu_85,"3"
"2024",마라0148,cp2_bnu_85,"0"
"2024",마라0154,cp2_bnu_85,"3"
"2024",마라0155,cp2_bnu_85,"71"
"2024",마라0156,cp2_bnu_85,"5"
"2024",마라0185,cp2_bnu_85,"0"
"2024",마라0194,cp2_bnu_85,"0"
"2024",마라0195,cp2_bnu_85,"52"
"2024",마라0196,cp2_bnu_85,"124"
"2024",마라0197,cp2_bnu_85,"17"
"2024",마라0247,cp2_bnu_85,"0"
"2024",마라0254,cp2_bnu_85,"45"
"2024",마라0255,cp2_bnu_85,"56"
"2024",마라0256,cp2_bnu_85,"20"
"2024",마라0257,cp2_bnu_85,"3"
"2024",마라0259,cp2_bnu_85,"3"
"2024",마라0266,cp2_bnu_85,"3"
"2024",마라0289,cp2_bnu_85,"16"
"2024",마라0290,cp2_bnu_85,"8"
"2024",마라0294,cp2_bnu_85,"0"
"2024",마라0295,cp2_bnu_85,"8"
"2024",마라0296,cp2_bnu_85,"211"
"2024",마라0297,cp2_bnu_85,"28"
"2024",마라0338,cp2_bnu_85,"0"
"2024",마라0352,cp2_bnu_85,"89"
"2024",마라0353,cp2_bnu_85,"50"
"2024",마라0354,cp2_bnu_85,"8"
"2024",마라0355,cp2_bnu_85,"38"
"2024",마라0356,cp2_bnu_85,"89"
"2024",마라0367,cp2_bnu_85,"3"
"2024",마라0392,cp2_bnu_85,"0"
"2024",마라0393,cp2_bnu_85,"5"
"2024",마라0394,cp2_bnu_85,"5"
"2024",마라0395,cp2_bnu_85,"36"
"2024",마라0396,cp2_bnu_85,"117"
"2024",마라0397,cp2_bnu_85,"0"
"2024",마라0442,cp2_bnu_85,"0"
"2024",마라0451,cp2_bnu_85,"3"
"2024",마라0452,cp2_bnu_85,"52"
"2024",마라0453,cp2_bnu_85,"12"
"2024",마라0455,cp2_bnu_85,"159"
"2024",마라0456,cp2_bnu_85,"25"
"2024",마라0457,cp2_bnu_85,"3"
"2024",마라0458,cp2_bnu_85,"3"
"2024",마라0463,cp2_bnu_85,"0"
"2024",마라0465,cp2_bnu_85,"0"
"2024",마라0493,cp2_bnu_85,"66"
"2024",마라0494,cp2_bnu_85,"37"
"2024",마라0495,cp2_bnu_85,"35"
"2024",마라0496,cp2_bnu_85,"3"
"2024",마라0551,cp2_bnu_85,"3"
"2024",마라0552,cp2_bnu_85,"8"
"2024",마라0553,cp2_bnu_85,"20"
"2024",마라0554,cp2_bnu_85,"0"
"2024",마라0555,cp2_bnu_85,"3"
"2024",마라0558,cp2_bnu_85,"5"
"2024",마라0562,cp2_bnu_85,"5"
"2024",마라0563,cp2_bnu_85,"3"
"2024",마라0583,cp2_bnu_85,"3"
"2024",마라0584,cp2_bnu_85,"57"
"2024",마라0585,cp2_bnu_85,"25"
"2024",마라0586,cp2_bnu_85,"3"
"2024",마라0590,cp2_bnu_85,"3"
"2024",마라0592,cp2_bnu_85,"14"
"2024",마라0593,cp2_bnu_85,"11"
"2024",마라0594,cp2_bnu_85,"21"
"2024",마라0595,cp2_bnu_85,"18"
"2024",마라0652,cp2_bnu_85,"3"
"2024",마라0656,cp2_bnu_85,"3"
"2024",마라0657,cp2_bnu_85,"0"
"2024",마라0658,cp2_bnu_85,"0"
"2024",마라0683,cp2_bnu_85,"3"
"2024",마라0684,cp2_bnu_85,"17"
"2024",마라0685,cp2_bnu_85,"3"
"2024",마라0691,cp2_bnu_85,"5"
"2024",마라0692,cp2_bnu_85,"12"
"2024",마라0693,cp2_bnu_85,"165"
"2024",마라0694,cp2_bnu_85,"78"
"2024",마라0695,cp2_bnu_85,"54"
"2024",마라0752,cp2_bnu_85,"3"
"2024",마라0753,cp2_bnu_85,"50"
"2024",마라0758,cp2_bnu_85,"0"
"2024",마라0766,cp2_bnu_85,"0"
"2024",마라0767,cp2_bnu_85,"3"
"2024",마라0784,cp2_bnu_85,"0"
"2024",마라0785,cp2_bnu_85,"22"
"2024",마라0791,cp2_bnu_85,"36"
"2024",마라0792,cp2_bnu_85,"206"
"2024",마라0793,cp2_bnu_85,"126"
"2024",마라0794,cp2_bnu_85,"62"
"2024",마라0795,cp2_bnu_85,"29"
"2024",마라0798,cp2_bnu_85,"12"
"2024",마라0799,cp2_bnu_85,"8"
"2024",마라0849,cp2_bnu_85,"3"
"2024",마라0852,cp2_bnu_85,"30"
"2024",마라0853,cp2_bnu_85,"80"
"2024",마라0854,cp2_bnu_85,"3"
"2024",마라0855,cp2_bnu_85,"25"
"2024",마라0856,cp2_bnu_85,"60"
"2024",마라0857,cp2_bnu_85,"5"
"2024",마라0883,cp2_bnu_85,"0"
"2024",마라0884,cp2_bnu_85,"8"
"2024",마라0885,cp2_bnu_85,"75"
"2024",마라0888,cp2_bnu_85,"41"
"2024",마라0889,cp2_bnu_85,"0"
"2024",마라0890,cp2_bnu_85,"15"
"2024",마라0891,cp2_bnu_85,"91"
"2024",마라0892,cp2_bnu_85,"205"
"2024",마라0893,cp2_bnu_85,"32"
"2024",마라0894,cp2_bnu_85,"23"
"2024",마라0895,cp2_bnu_85,"5"
"2024",마라0898,cp2_bnu_85,"11"
"2024",마라0946,cp2_bnu_85,"0"
"2024",마라0948,cp2_bnu_85,"5"
"2024",마라0949,cp2_bnu_85,"5"
"2024",마라0950,cp2_bnu_85,"5"
"2024",마라0952,cp2_bnu_85,"5"
"2024",마라0953,cp2_bnu_85,"3"
"2024",마라0955,cp2_bnu_85,"5"
"2024",마라0956,cp2_bnu_85,"50"
"2024",마라0957,cp2_bnu_85,"3"
"2024",마라0958,cp2_bnu_85,"5"
"2024",마라0981,cp2_bnu_85,"3"
"2024",마라0982,cp2_bnu_85,"94"
"2024",마라0983,cp2_bnu_85,"86"
"2024",마라0984,cp2_bnu_85,"41"
"2024",마라0985,cp2_bnu_85,"101"
"2024",마라0990,cp2_bnu_85,"84"
"2024",마라0991,cp2_bnu_85,"211"
"2024",마라0992,cp2_bnu_85,"47"
"2024",마라0993,cp2_bnu_85,"11"
"2024",마라0994,cp2_bnu_85,"5"
"2024",마라0998,cp2_bnu_85,"26"
"2024",마라1048,cp2_bnu_85,"8"
"2024",마라1057,cp2_bnu_85,"3"
"2024",마라1069,cp2_bnu_85,"0"
"2024",마라1081,cp2_bnu_85,"0"
"2024",마라1082,cp2_bnu_85,"23"
"2024",마라1083,cp2_bnu_85,"32"
"2024",마라1084,cp2_bnu_85,"43"
"2024",마라1085,cp2_bnu_85,"52"
"2024",마라1089,cp2_bnu_85,"43"
"2024",마라1090,cp2_bnu_85,"97"
"2024",마라1091,cp2_bnu_85,"17"
"2024",마라1092,cp2_bnu_85,"3"
"2024",마라1099,cp2_bnu_85,"0"
"2024",마라1151,cp2_bnu_85,"3"
"2024",마라1152,cp2_bnu_85,"11"
"2024",마라1153,cp2_bnu_85,"5"
"2024",마라1160,cp2_bnu_85,"3"
"2024",마라1161,cp2_bnu_85,"3"
"2024",마라1180,cp2_bnu_85,"0"
"2024",마라1184,cp2_bnu_85,"20"
"2024",마라1185,cp2_bnu_85,"5"
"2024",마라1189,cp2_bnu_85,"0"
"2024",마라1251,cp2_bnu_85,"0"
"2024",마라1252,cp2_bnu_85,"0"
"2024",마라1253,cp2_bnu_85,"31"
"2024",마라1254,cp2_bnu_85,"13"
"2024",마라1296,cp2_bnu_85,"0"
"2024",마라1354,cp2_bnu_85,"3"
"2024",마라1379,cp2_bnu_85,"3"
"2024",마라1380,cp2_bnu_85,"5"
"2024",마라1395,cp2_bnu_85,"3"
"2024",마라1479,cp2_bnu_85,"74"
"2024",마라1493,cp2_bnu_85,"3"
"2024",마라1495,cp2_bnu_85,"9"
"2024",마라1496,cp2_bnu_85,"3"
"2024",마라1680,cp2_bnu_85,"0"
"2024",마라1681,cp2_bnu_85,"9"
"2024",마라1682,cp2_bnu_85,"5"
"2024",마라1780,cp2_bnu_85,"0"
"2024",마라1781,cp2_bnu_85,"5"
"2024",마라1782,cp2_bnu_85,"3"
"2024",마라1787,cp2_bnu_85,"88"
"2024",마라1788,cp2_bnu_85,"14"
"2024",마라1789,cp2_bnu_85,"37"
"2024",마라1790,cp2_bnu_85,"8"
"2024",마라1877,cp2_bnu_85,"5"
"2024",마라1878,cp2_bnu_85,"5"
"2024",마라1879,cp2_bnu_85,"43"
"2024",마라1880,cp2_bnu_85,"5"
"2024",마라1886,cp2_bnu_85,"3"
"2024",마라1887,cp2_bnu_85,"48"
"2024",마라1888,cp2_bnu_85,"61"
"2024",마라1889,cp2_bnu_85,"158"
"2024",마라1890,cp2_bnu_85,"112"
"2024",마라1891,cp2_bnu_85,"8"
"2024",마라1971,cp2_bnu_85,"5"
"2024",마라1972,cp2_bnu_85,"3"
"2024",마라1977,cp2_bnu_85,"45"
"2024",마라1978,cp2_bnu_85,"9"
"2024",마라1979,cp2_bnu_85,"134"
"2024",마라1986,cp2_bnu_85,"61"
"2024",마라1987,cp2_bnu_85,"347"
"2024",마라1989,cp2_bnu_85,"57"
"2024",마라1990,cp2_bnu_85,"169"
"2024",마라1992,cp2_bnu_85,"3"
"2024",마라1999,cp2_bnu_85,"0"
"2024",마라2077,cp2_bnu_85,"0"
"2024",마라2078,cp2_bnu_85,"0"
"2024",마라2079,cp2_bnu_85,"5"
"2024",마라2086,cp2_bnu_85,"155"
"2024",마라2087,cp2_bnu_85,"92"
"2024",마라2088,cp2_bnu_85,"0"
"2024",마라2089,cp2_bnu_85,"3"
"2024",마라2090,cp2_bnu_85,"0"
"2024",마라2094,cp2_bnu_85,"3"
"2024",마라2098,cp2_bnu_85,"0"
"2024",마라2173,cp2_bnu_85,"5"
"2024",마라2184,cp2_bnu_85,"45"
"2024",마라2185,cp2_bnu_85,"0"
"2024",마라2186,cp2_bnu_85,"18"
"2024",마라2187,cp2_bnu_85,"3"
"2024",마라2190,cp2_bnu_85,"0"
"2024",마라2191,cp2_bnu_85,"0"
"2024",마라2193,cp2_bnu_85,"70"
"2024",마라2194,cp2_bnu_85,"24"
"2024",마라2195,cp2_bnu_85,"0"
"2024",마라2198,cp2_bnu_85,"0"
"2024",마라2279,cp2_bnu_85,"3"
"2024",마라2282,cp2_bnu_85,"3"
"2024",마라2284,cp2_bnu_85,"8"
"2024",마라2287,cp2_bnu_85,"3"
"2024",마라2289,cp2_bnu_85,"3"
"2024",마라2290,cp2_bnu_85,"3"
"2024",마라2291,cp2_bnu_85,"5"
"2024",마라2292,cp2_bnu_85,"0"
"2024",마라2293,cp2_bnu_85,"58"
"2024",마라2294,cp2_bnu_85,"5"
"2024",마라2298,cp2_bnu_85,"0"
"2024",마라2391,cp2_bnu_85,"3"
"2024",마라2392,cp2_bnu_85,"3"
"2024",마라2393,cp2_bnu_85,"38"
"2024",마라2394,cp2_bnu_85,"57"
"2024",마라2395,cp2_bnu_85,"10"
"2024",마라2396,cp2_bnu_85,"3"
"2024",마라2397,cp2_bnu_85,"9"
"2024",마라2398,cp2_bnu_85,"26"
"2024",마라2489,cp2_bnu_85,"0"
"2024",마라2492,cp2_bnu_85,"8"
"2024",마라2493,cp2_bnu_85,"111"
"2024",마라2494,cp2_bnu_85,"192"
"2024",마라2495,cp2_bnu_85,"68"
"2024",마라2496,cp2_bnu_85,"129"
"2024",마라2497,cp2_bnu_85,"201"
"2024",마라2498,cp2_bnu_85,"46"
"2024",마라2577,cp2_bnu_85,"74"
"2024",마라2592,cp2_bnu_85,"5"
"2024",마라2593,cp2_bnu_85,"51"
"2024",마라2594,cp2_bnu_85,"38"
"2024",마라2595,cp2_bnu_85,"14"
"2024",마라2596,cp2_bnu_85,"5"
"2024",마라2597,cp2_bnu_85,"8"
"2024",마라2680,cp2_bnu_85,"5"
"2024",마라2681,cp2_bnu_85,"3"
"2024",마라2693,cp2_bnu_85,"24"
"2024",마라2694,cp2_bnu_85,"26"
"2024",마라2776,cp2_bnu_85,"3"
"2024",마라2777,cp2_bnu_85,"231"
"2024",마라2778,cp2_bnu_85,"28"
"2024",마라2781,cp2_bnu_85,"0"
"2024",마라2788,cp2_bnu_85,"0"
"2024",마라2789,cp2_bnu_85,"3"
"2024",마라2790,cp2_bnu_85,"0"
"2024",마라2793,cp2_bnu_85,"48"
"2024",마라2794,cp2_bnu_85,"49"
"2024",마라2795,cp2_bnu_85,"37"
"2024",마라2796,cp2_bnu_85,"11"
"2024",마라2876,cp2_bnu_85,"3"
"2024",마라2877,cp2_bnu_85,"77"
"2024",마라2878,cp2_bnu_85,"161"
"2024",마라2879,cp2_bnu_85,"50"
"2024",마라2882,cp2_bnu_85,"3"
"2024",마라2883,cp2_bnu_85,"5"
"2024",마라2892,cp2_bnu_85,"0"
"2024",마라2893,cp2_bnu_85,"5"
"2024",마라2894,cp2_bnu_85,"20"
"2024",마라2895,cp2_bnu_85,"54"
"2024",마라2896,cp2_bnu_85,"22"
"2024",마라2978,cp2_bnu_85,"108"
"2024",마라2979,cp2_bnu_85,"230"
"2024",마라2980,cp2_bnu_85,"39"
"2024",마라2981,cp2_bnu_85,"0"
"2024",마라2983,cp2_bnu_85,"0"
"2024",마라2993,cp2_bnu_85,"29"
"2024",마라2994,cp2_bnu_85,"5"
"2024",마라3079,cp2_bnu_85,"0"
"2024",마라3080,cp2_bnu_85,"5"
"2024",마라3082,cp2_bnu_85,"3"
"2024",마라3092,cp2_bnu_85,"5"
"2024",마라3093,cp2_bnu_85,"0"
"2024",마라3180,cp2_bnu_85,"0"
"2024",마라3184,cp2_bnu_85,"0"
"2024",마라3185,cp2_bnu_85,"3"
"2024",마라3192,cp2_bnu_85,"3"
"2024",마라3194,cp2_bnu_85,"0"
"2024",마라3195,cp2_bnu_85,"3"
"2024",마라3276,cp2_bnu_85,"0"
"2024",마라3278,cp2_bnu_85,"0"
"2024",마라3279,cp2_bnu_85,"47"
"2024",마라3280,cp2_bnu_85,"12"
"2024",마라3286,cp2_bnu_85,"5"
"2024",마라3287,cp2_bnu_85,"8"
"2024",마라3288,cp2_bnu_85,"8"
"2024",마라3292,cp2_bnu_85,"3"
"2024",마라3373,cp2_bnu_85,"39"
"2024",마라3374,cp2_bnu_85,"69"
"2024",마라3376,cp2_bnu_85,"22"
"2024",마라3377,cp2_bnu_85,"27"
"2024",마라3378,cp2_bnu_85,"33"
"2024",마라3379,cp2_bnu_85,"105"
"2024",마라3380,cp2_bnu_85,"75"
"2024",마라3381,cp2_bnu_85,"42"
"2024",마라3382,cp2_bnu_85,"8"
"2024",마라3392,cp2_bnu_85,"3"
"2024",마라3473,cp2_bnu_85,"19"
"2024",마라3474,cp2_bnu_85,"44"
"2024",마라3475,cp2_bnu_85,"71"
"2024",마라3476,cp2_bnu_85,"50"
"2024",마라3477,cp2_bnu_85,"29"
"2024",마라3478,cp2_bnu_85,"27"
"2024",마라3479,cp2_bnu_85,"157"
"2024",마라3480,cp2_bnu_85,"13"
"2024",마라3481,cp2_bnu_85,"17"
"2024",마라3482,cp2_bnu_85,"76"
"2024",마라3483,cp2_bnu_85,"42"
"2024",마라3484,cp2_bnu_85,"0"
"2024",마라3485,cp2_bnu_85,"8"
"2024",마라3486,cp2_bnu_85,"41"
"2024",마라3487,cp2_bnu_85,"11"
"2024",마라3488,cp2_bnu_85,"3"
"2024",마라3491,cp2_bnu_85,"5"
"2024",마라3492,cp2_bnu_85,"5"
"2024",마라3495,cp2_bnu_85,"3"
"2024",마라3498,cp2_bnu_85,"3"
"2024",마라3574,cp2_bnu_85,"5"
"2024",마라3575,cp2_bnu_85,"60"
"2024",마라3576,cp2_bnu_85,"8"
"2024",마라3577,cp2_bnu_85,"41"
"2024",마라3578,cp2_bnu_85,"25"
"2024",마라3579,cp2_bnu_85,"108"
"2024",마라3580,cp2_bnu_85,"5"
"2024",마라3581,cp2_bnu_85,"3"
"2024",마라3583,cp2_bnu_85,"42"
"2024",마라3584,cp2_bnu_85,"8"
"2024",마라3585,cp2_bnu_85,"14"
"2024",마라3586,cp2_bnu_85,"37"
"2024",마라3587,cp2_bnu_85,"52"
"2024",마라3588,cp2_bnu_85,"53"
"2024",마라3589,cp2_bnu_85,"48"
"2024",마라3590,cp2_bnu_85,"15"
"2024",마라3592,cp2_bnu_85,"0"
"2024",마라3594,cp2_bnu_85,"5"
"2024",마라3676,cp2_bnu_85,"0"
"2024",마라3677,cp2_bnu_85,"3"
"2024",마라3678,cp2_bnu_85,"64"
"2024",마라3679,cp2_bnu_85,"65"
"2024",마라3680,cp2_bnu_85,"5"
"2024",마라3683,cp2_bnu_85,"5"
"2024",마라3684,cp2_bnu_85,"35"
"2024",마라3685,cp2_bnu_85,"42"
"2024",마라3686,cp2_bnu_85,"8"
"2024",마라3687,cp2_bnu_85,"3"
"2024",마라3688,cp2_bnu_85,"8"
"2024",마라3689,cp2_bnu_85,"8"
"2024",마라3690,cp2_bnu_85,"73"
"2024",마라3691,cp2_bnu_85,"26"
"2024",마라3695,cp2_bnu_85,"0"
"2024",마라3777,cp2_bnu_85,"8"
"2024",마라3778,cp2_bnu_85,"11"
"2024",마라3779,cp2_bnu_85,"17"
"2024",마라3780,cp2_bnu_85,"47"
"2024",마라3781,cp2_bnu_85,"34"
"2024",마라3782,cp2_bnu_85,"3"
"2024",마라3784,cp2_bnu_85,"50"
"2024",마라3785,cp2_bnu_85,"50"
"2024",마라3789,cp2_bnu_85,"12"
"2024",마라3790,cp2_bnu_85,"37"
"2024",마라3791,cp2_bnu_85,"77"
"2024",마라3792,cp2_bnu_85,"45"
"2024",마라3793,cp2_bnu_85,"152"
"2024",마라3794,cp2_bnu_85,"320"
"2024",마라3795,cp2_bnu_85,"55"
"2024",마라3796,cp2_bnu_85,"11"
"2024",마라3797,cp2_bnu_85,"8"
"2024",마라3876,cp2_bnu_85,"29"
"2024",마라3877,cp2_bnu_85,"27"
"2024",마라3878,cp2_bnu_85,"20"
"2024",마라3879,cp2_bnu_85,"79"
"2024",마라3880,cp2_bnu_85,"204"
"2024",마라3881,cp2_bnu_85,"22"
"2024",마라3884,cp2_bnu_85,"69"
"2024",마라3885,cp2_bnu_85,"161"
"2024",마라3886,cp2_bnu_85,"11"
"2024",마라3891,cp2_bnu_85,"44"
"2024",마라3892,cp2_bnu_85,"8"
"2024",마라3893,cp2_bnu_85,"3"
"2024",마라3894,cp2_bnu_85,"28"
"2024",마라3895,cp2_bnu_85,"28"
"2024",마라3897,cp2_bnu_85,"36"
"2024",마라3898,cp2_bnu_85,"3"
"2024",마라3978,cp2_bnu_85,"0"
"2024",마라3979,cp2_bnu_85,"99"
"2024",마라3980,cp2_bnu_85,"22"
"2024",마라3981,cp2_bnu_85,"8"
"2024",마라3982,cp2_bnu_85,"10"
"2024",마라3983,cp2_bnu_85,"3"
"2024",마라3984,cp2_bnu_85,"36"
"2024",마라3985,cp2_bnu_85,"66"
"2024",마라3986,cp2_bnu_85,"97"
"2024",마라3987,cp2_bnu_85,"85"
"2024",마라3990,cp2_bnu_85,"11"
"2024",마라3991,cp2_bnu_85,"158"
"2024",마라3992,cp2_bnu_85,"42"
"2024",마라4077,cp2_bnu_85,"43"
"2024",마라4078,cp2_bnu_85,"75"
"2024",마라4079,cp2_bnu_85,"19"
"2024",마라4080,cp2_bnu_85,"21"
"2024",마라4081,cp2_bnu_85,"103"
"2024",마라4082,cp2_bnu_85,"86"
"2024",마라4083,cp2_bnu_85,"11"
"2024",마라4084,cp2_bnu_85,"3"
"2024",마라4085,cp2_bnu_85,"58"
"2024",마라4086,cp2_bnu_85,"110"
"2024",마라4087,cp2_bnu_85,"40"
"2024",마라4088,cp2_bnu_85,"11"
"2024",마라4091,cp2_bnu_85,"11"
"2024",마라4092,cp2_bnu_85,"7"
"2024",마라4097,cp2_bnu_85,"0"
"2024",마라4176,cp2_bnu_85,"3"
"2024",마라4177,cp2_bnu_85,"0"
"2024",마라4178,cp2_bnu_85,"17"
"2024",마라4179,cp2_bnu_85,"3"
"2024",마라4182,cp2_bnu_85,"21"
"2024",마라4183,cp2_bnu_85,"42"
"2024",마라4184,cp2_bnu_85,"45"
"2024",마라4185,cp2_bnu_85,"112"
"2024",마라4186,cp2_bnu_85,"87"
"2024",마라4187,cp2_bnu_85,"138"
"2024",마라4188,cp2_bnu_85,"56"
"2024",마라4189,cp2_bnu_85,"5"
"2024",마라4190,cp2_bnu_85,"228"
"2024",마라4191,cp2_bnu_85,"13"
"2024",마라4196,cp2_bnu_85,"3"
"2024",마라4275,cp2_bnu_85,"3"
"2024",마라4276,cp2_bnu_85,"28"
"2024",마라4277,cp2_bnu_85,"25"
"2024",마라4278,cp2_bnu_85,"33"
"2024",마라4279,cp2_bnu_85,"5"
"2024",마라4282,cp2_bnu_85,"7"
"2024",마라4283,cp2_bnu_85,"77"
"2024",마라4284,cp2_bnu_85,"63"
"2024",마라4285,cp2_bnu_85,"293"
"2024",마라4286,cp2_bnu_85,"100"
"2024",마라4287,cp2_bnu_85,"131"
"2024",마라4288,cp2_bnu_85,"30"
"2024",마라4289,cp2_bnu_85,"245"
"2024",마라4290,cp2_bnu_85,"270"
"2024",마라4291,cp2_bnu_85,"93"
"2024",마라4292,cp2_bnu_85,"3"
"2024",마라4375,cp2_bnu_85,"11"
"2024",마라4376,cp2_bnu_85,"78"
"2024",마라4377,cp2_bnu_85,"31"
"2024",마라4381,cp2_bnu_85,"0"
"2024",마라4382,cp2_bnu_85,"11"
"2024",마라4383,cp2_bnu_85,"69"
"2024",마라4384,cp2_bnu_85,"39"
"2024",마라4385,cp2_bnu_85,"17"
"2024",마라4386,cp2_bnu_85,"14"
"2024",마라4387,cp2_bnu_85,"96"
"2024",마라4388,cp2_bnu_85,"127"
"2024",마라4389,cp2_bnu_85,"91"
"2024",마라4390,cp2_bnu_85,"109"
"2024",마라4391,cp2_bnu_85,"221"
"2024",마라4392,cp2_bnu_85,"87"
"2024",마라4393,cp2_bnu_85,"55"
"2024",마라4394,cp2_bnu_85,"14"
"2024",마라4395,cp2_bnu_85,"3"
"2024",마라4397,cp2_bnu_85,"3"
"2024",마라4398,cp2_bnu_85,"3"
"2024",마라4475,cp2_bnu_85,"5"
"2024",마라4476,cp2_bnu_85,"15"
"2024",마라4477,cp2_bnu_85,"0"
"2024",마라4480,cp2_bnu_85,"7"
"2024",마라4481,cp2_bnu_85,"17"
"2024",마라4482,cp2_bnu_85,"66"
"2024",마라4483,cp2_bnu_85,"171"
"2024",마라4484,cp2_bnu_85,"8"
"2024",마라4485,cp2_bnu_85,"33"
"2024",마라4486,cp2_bnu_85,"3"
"2024",마라4487,cp2_bnu_85,"70"
"2024",마라4488,cp2_bnu_85,"86"
"2024",마라4489,cp2_bnu_85,"149"
"2024",마라4490,cp2_bnu_85,"115"
"2024",마라4491,cp2_bnu_85,"151"
"2024",마라4492,cp2_bnu_85,"160"
"2024",마라4493,cp2_bnu_85,"250"
"2024",마라4494,cp2_bnu_85,"179"
"2024",마라4495,cp2_bnu_85,"198"
"2024",마라4496,cp2_bnu_85,"197"
"2024",마라4497,cp2_bnu_85,"68"
"2024",마라4498,cp2_bnu_85,"73"
"2024",마라4499,cp2_bnu_85,"5"
"2024",마라4581,cp2_bnu_85,"11"
"2024",마라4582,cp2_bnu_85,"48"
"2024",마라4583,cp2_bnu_85,"220"
"2024",마라4584,cp2_bnu_85,"23"
"2024",마라4585,cp2_bnu_85,"3"
"2024",마라4587,cp2_bnu_85,"86"
"2024",마라4588,cp2_bnu_85,"38"
"2024",마라4589,cp2_bnu_85,"170"
"2024",마라4590,cp2_bnu_85,"64"
"2024",마라4591,cp2_bnu_85,"55"
"2024",마라4592,cp2_bnu_85,"23"
"2024",마라4593,cp2_bnu_85,"24"
"2024",마라4594,cp2_bnu_85,"8"
"2024",마라4595,cp2_bnu_85,"23"
"2024",마라4596,cp2_bnu_85,"5"
"2024",마라4597,cp2_bnu_85,"3"
"2024",마라4598,cp2_bnu_85,"3"
"2024",마라4680,cp2_bnu_85,"39"
"2024",마라4681,cp2_bnu_85,"39"
"2024",마라4682,cp2_bnu_85,"197"
"2024",마라4683,cp2_bnu_85,"178"
"2024",마라4684,cp2_bnu_85,"283"
"2024",마라4685,cp2_bnu_85,"91"
"2024",마라4686,cp2_bnu_85,"100"
"2024",마라4687,cp2_bnu_85,"87"
"2024",마라4688,cp2_bnu_85,"132"
"2024",마라4689,cp2_bnu_85,"107"
"2024",마라4690,cp2_bnu_85,"124"
"2024",마라4691,cp2_bnu_85,"49"
"2024",마라4692,cp2_bnu_85,"23"
"2024",마라4693,cp2_bnu_85,"5"
"2024",마라4695,cp2_bnu_85,"3"
"2024",마라4699,cp2_bnu_85,"3"
"2024",마라4779,cp2_bnu_85,"34"
"2024",마라4780,cp2_bnu_85,"17"
"2024",마라4781,cp2_bnu_85,"34"
"2024",마라4782,cp2_bnu_85,"15"
"2024",마라4783,cp2_bnu_85,"3"
"2024",마라4784,cp2_bnu_85,"37"
"2024",마라4785,cp2_bnu_85,"81"
"2024",마라4786,cp2_bnu_85,"88"
"2024",마라4787,cp2_bnu_85,"88"
"2024",마라4788,cp2_bnu_85,"136"
"2024",마라4789,cp2_bnu_85,"95"
"2024",마라4790,cp2_bnu_85,"218"
"2024",마라4791,cp2_bnu_85,"46"
"2024",마라4792,cp2_bnu_85,"3"
"2024",마라4793,cp2_bnu_85,"8"
"2024",마라4795,cp2_bnu_85,"0"
"2024",마라4885,cp2_bnu_85,"14"
"2024",마라4886,cp2_bnu_85,"98"
"2024",마라4887,cp2_bnu_85,"150"
"2024",마라4888,cp2_bnu_85,"49"
"2024",마라4889,cp2_bnu_85,"71"
"2024",마라4890,cp2_bnu_85,"29"
"2024",마라4892,cp2_bnu_85,"5"
"2024",마라4893,cp2_bnu_85,"3"
"2024",마라4985,cp2_bnu_85,"133"
"2024",마라4986,cp2_bnu_85,"166"
"2024",마라4987,cp2_bnu_85,"77"
"2024",마라4993,cp2_bnu_85,"5"
"2024",마라4994,cp2_bnu_85,"3"
"2024",마라5085,cp2_bnu_85,"42"
"2024",마라5086,cp2_bnu_85,"60"
"2024",마라5087,cp2_bnu_85,"30"
"2024",마라5093,cp2_bnu_85,"26"
"2024",마라5094,cp2_bnu_85,"11"
"2024",마라5098,cp2_bnu_85,"0"
"2024",마라5099,cp2_bnu_85,"3"
"2024",마라5186,cp2_bnu_85,"121"
"2024",마라5187,cp2_bnu_85,"80"
"2024",마라5188,cp2_bnu_85,"9"
"2024",마라5193,cp2_bnu_85,"27"
"2024",마라5194,cp2_bnu_85,"3"
"2024",마라5195,cp2_bnu_85,"3"
"2024",마라5285,cp2_bnu_85,"3"
"2024",마라5286,cp2_bnu_85,"114"
"2024",마라5287,cp2_bnu_85,"346"
"2024",마라5288,cp2_bnu_85,"220"
"2024",마라5294,cp2_bnu_85,"0"
"2024",마라5295,cp2_bnu_85,"9"
"2024",마라5386,cp2_bnu_85,"42"
"2024",마라5387,cp2_bnu_85,"119"
"2024",마라5388,cp2_bnu_85,"11"
"2024",마라5486,cp2_bnu_85,"0"
"2024",마라5488,cp2_bnu_85,"14"
"2024",마라5496,cp2_bnu_85,"0"
"2024",마라5588,cp2_bnu_85,"5"
"2024",마라5589,cp2_bnu_85,"15"
"2024",마라5590,cp2_bnu_85,"8"
"2024",마라5591,cp2_bnu_85,"13"
"2024",마라5594,cp2_bnu_85,"31"
"2024",마라5595,cp2_bnu_85,"35"
"2024",마라5596,cp2_bnu_85,"24"
"2024",마라5597,cp2_bnu_85,"3"
"2024",마라5689,cp2_bnu_85,"5"
"2024",마라5692,cp2_bnu_85,"3"
"2024",마라5694,cp2_bnu_85,"11"
"2024",마라5695,cp2_bnu_85,"23"
"2024",마라5696,cp2_bnu_85,"68"
"2024",마라5697,cp2_bnu_85,"42"
"2024",마라5698,cp2_bnu_85,"112"
"2024",마라5793,cp2_bnu_85,"3"
"2024",마라5797,cp2_bnu_85,"0"
"2024",마라5798,cp2_bnu_85,"17"
"2024",마라5799,cp2_bnu_85,"0"
"2024",마라5895,cp2_bnu_85,"0"
"2024",마라5897,cp2_bnu_85,"0"
"2024",마마0000,cp2_bnu_85,"0"
"2024",마마0001,cp2_bnu_85,"9"
"2024",마마0002,cp2_bnu_85,"0"
"2024",마마0004,cp2_bnu_85,"3"
"2024",마마0006,cp2_bnu_85,"11"
"2024",마마0008,cp2_bnu_85,"3"
"2024",마마0009,cp2_bnu_85,"3"
"2024",마마0015,cp2_bnu_85,"0"
"2024",마마0016,cp2_bnu_85,"5"
"2024",마마0057,cp2_bnu_85,"0"
"2024",마마0058,cp2_bnu_85,"28"
"2024",마마0059,cp2_bnu_85,"24"
"2024",마마0060,cp2_bnu_85,"81"
"2024",마마0061,cp2_bnu_85,"73"
"2024",마마0062,cp2_bnu_85,"209"
"2024",마마0063,cp2_bnu_85,"186"
"2024",마마0064,cp2_bnu_85,"65"
"2024",마마0065,cp2_bnu_85,"133"
"2024",마마0066,cp2_bnu_85,"44"
"2024",마마0067,cp2_bnu_85,"112"
"2024",마마0068,cp2_bnu_85,"8"
"2024",마마0072,cp2_bnu_85,"63"
"2024",마마0078,cp2_bnu_85,"3"
"2024",마마0079,cp2_bnu_85,"3"
"2024",마마0128,cp2_bnu_85,"0"
"2024",마마0138,cp2_bnu_85,"5"
"2024",마마0139,cp2_bnu_85,"0"
"2024",마마0156,cp2_bnu_85,"3"
"2024",마마0157,cp2_bnu_85,"20"
"2024",마마0158,cp2_bnu_85,"5"
"2024",마마0159,cp2_bnu_85,"36"
"2024",마마0160,cp2_bnu_85,"119"
"2024",마마0161,cp2_bnu_85,"47"
"2024",마마0162,cp2_bnu_85,"207"
"2024",마마0163,cp2_bnu_85,"249"
"2024",마마0164,cp2_bnu_85,"117"
"2024",마마0165,cp2_bnu_85,"60"
"2024",마마0166,cp2_bnu_85,"62"
"2024",마마0167,cp2_bnu_85,"93"
"2024",마마0168,cp2_bnu_85,"11"
"2024",마마0169,cp2_bnu_85,"3"
"2024",마마0172,cp2_bnu_85,"11"
"2024",마마0201,cp2_bnu_85,"0"
"2024",마마0210,cp2_bnu_85,"3"
"2024",마마0218,cp2_bnu_85,"0"
"2024",마마0223,cp2_bnu_85,"0"
"2024",마마0258,cp2_bnu_85,"115"
"2024",마마0259,cp2_bnu_85,"79"
"2024",마마0260,cp2_bnu_85,"44"
"2024",마마0261,cp2_bnu_85,"186"
"2024",마마0262,cp2_bnu_85,"436"
"2024",마마0263,cp2_bnu_85,"267"
"2024",마마0264,cp2_bnu_85,"130"
"2024",마마0265,cp2_bnu_85,"38"
"2024",마마0266,cp2_bnu_85,"50"
"2024",마마0267,cp2_bnu_85,"17"
"2024",마마0268,cp2_bnu_85,"3"
"2024",마마0269,cp2_bnu_85,"18"
"2024",마마0270,cp2_bnu_85,"114"
"2024",마마0271,cp2_bnu_85,"3"
"2024",마마0272,cp2_bnu_85,"23"
"2024",마마0276,cp2_bnu_85,"0"
"2024",마마0291,cp2_bnu_85,"0"
"2024",마마0303,cp2_bnu_85,"0"
"2024",마마0328,cp2_bnu_85,"3"
"2024",마마0353,cp2_bnu_85,"5"
"2024",마마0354,cp2_bnu_85,"3"
"2024",마마0358,cp2_bnu_85,"136"
"2024",마마0359,cp2_bnu_85,"13"
"2024",마마0360,cp2_bnu_85,"3"
"2024",마마0361,cp2_bnu_85,"11"
"2024",마마0362,cp2_bnu_85,"150"
"2024",마마0363,cp2_bnu_85,"108"
"2024",마마0364,cp2_bnu_85,"75"
"2024",마마0365,cp2_bnu_85,"29"
"2024",마마0366,cp2_bnu_85,"29"
"2024",마마0367,cp2_bnu_85,"3"
"2024",마마0368,cp2_bnu_85,"8"
"2024",마마0369,cp2_bnu_85,"14"
"2024",마마0370,cp2_bnu_85,"12"
"2024",마마0372,cp2_bnu_85,"9"
"2024",마마0376,cp2_bnu_85,"0"
"2024",마마0401,cp2_bnu_85,"3"
"2024",마마0412,cp2_bnu_85,"3"
"2024",마마0419,cp2_bnu_85,"3"
"2024",마마0420,cp2_bnu_85,"3"
"2024",마마0421,cp2_bnu_85,"3"
"2024",마마0439,cp2_bnu_85,"0"
"2024",마마0440,cp2_bnu_85,"3"
"2024",마마0441,cp2_bnu_85,"0"
"2024",마마0448,cp2_bnu_85,"0"
"2024",마마0461,cp2_bnu_85,"5"
"2024",마마0462,cp2_bnu_85,"110"
"2024",마마0464,cp2_bnu_85,"5"
"2024",마마0465,cp2_bnu_85,"33"
"2024",마마0466,cp2_bnu_85,"8"
"2024",마마0469,cp2_bnu_85,"3"
"2024",마마0478,cp2_bnu_85,"0"
"2024",마마0487,cp2_bnu_85,"0"
"2024",마마0490,cp2_bnu_85,"0"
"2024",마마0493,cp2_bnu_85,"0"
"2024",마마0499,cp2_bnu_85,"0"
"2024",마마0506,cp2_bnu_85,"0"
"2024",마마0511,cp2_bnu_85,"3"
"2024",마마0541,cp2_bnu_85,"11"
"2024",마마0556,cp2_bnu_85,"0"
"2024",마마0561,cp2_bnu_85,"3"
"2024",마마0564,cp2_bnu_85,"16"
"2024",마마0565,cp2_bnu_85,"57"
"2024",마마0566,cp2_bnu_85,"3"
"2024",마마0600,cp2_bnu_85,"10"
"2024",마마0601,cp2_bnu_85,"3"
"2024",마마0604,cp2_bnu_85,"3"
"2024",마마0607,cp2_bnu_85,"5"
"2024",마마0638,cp2_bnu_85,"0"
"2024",마마0641,cp2_bnu_85,"3"
"2024",마마0660,cp2_bnu_85,"14"
"2024",마마0661,cp2_bnu_85,"0"
"2024",마마0664,cp2_bnu_85,"5"
"2024",마마0666,cp2_bnu_85,"0"
"2024",마마0667,cp2_bnu_85,"3"
"2024",마마0707,cp2_bnu_85,"0"
"2024",마마0708,cp2_bnu_85,"0"
"2024",마마0723,cp2_bnu_85,"3"
"2024",마마0738,cp2_bnu_85,"0"
"2024",마마0743,cp2_bnu_85,"3"
"2024",마마0759,cp2_bnu_85,"0"
"2024",마마0760,cp2_bnu_85,"29"
"2024",마마0761,cp2_bnu_85,"54"
"2024",마마0763,cp2_bnu_85,"44"
"2024",마마0764,cp2_bnu_85,"31"
"2024",마마0765,cp2_bnu_85,"3"
"2024",마마0773,cp2_bnu_85,"5"
"2024",마마0788,cp2_bnu_85,"0"
"2024",마마0792,cp2_bnu_85,"3"
"2024",마마0813,cp2_bnu_85,"3"
"2024",마마0838,cp2_bnu_85,"0"
"2024",마마0859,cp2_bnu_85,"5"
"2024",마마0860,cp2_bnu_85,"112"
"2024",마마0861,cp2_bnu_85,"139"
"2024",마마0863,cp2_bnu_85,"86"
"2024",마마0864,cp2_bnu_85,"30"
"2024",마마0900,cp2_bnu_85,"3"
"2024",마마0903,cp2_bnu_85,"3"
"2024",마마0904,cp2_bnu_85,"5"
"2024",마마0905,cp2_bnu_85,"5"
"2024",마마0906,cp2_bnu_85,"3"
"2024",마마0909,cp2_bnu_85,"5"
"2024",마마0924,cp2_bnu_85,"0"
"2024",마마0929,cp2_bnu_85,"0"
"2024",마마0939,cp2_bnu_85,"5"
"2024",마마0940,cp2_bnu_85,"3"
"2024",마마0941,cp2_bnu_85,"0"
"2024",마마0942,cp2_bnu_85,"0"
"2024",마마0959,cp2_bnu_85,"37"
"2024",마마0960,cp2_bnu_85,"302"
"2024",마마0961,cp2_bnu_85,"113"
"2024",마마0963,cp2_bnu_85,"3"
"2024",마마0964,cp2_bnu_85,"74"
"2024",마마0965,cp2_bnu_85,"44"
"2024",마마0966,cp2_bnu_85,"56"
"2024",마마0998,cp2_bnu_85,"3"
"2024",마마1001,cp2_bnu_85,"5"
"2024",마마1002,cp2_bnu_85,"9"
"2024",마마1004,cp2_bnu_85,"3"
"2024",마마1006,cp2_bnu_85,"0"
"2024",마마1009,cp2_bnu_85,"8"
"2024",마마1024,cp2_bnu_85,"0"
"2024",마마1040,cp2_bnu_85,"0"
"2024",마마1041,cp2_bnu_85,"3"
"2024",마마1045,cp2_bnu_85,"0"
"2024",마마1046,cp2_bnu_85,"0"
"2024",마마1053,cp2_bnu_85,"0"
"2024",마마1058,cp2_bnu_85,"22"
"2024",마마1059,cp2_bnu_85,"196"
"2024",마마1060,cp2_bnu_85,"91"
"2024",마마1061,cp2_bnu_85,"8"
"2024",마마1063,cp2_bnu_85,"17"
"2024",마마1064,cp2_bnu_85,"133"
"2024",마마1065,cp2_bnu_85,"3"
"2024",마마1066,cp2_bnu_85,"5"
"2024",마마1069,cp2_bnu_85,"3"
"2024",마마1075,cp2_bnu_85,"3"
"2024",마마1101,cp2_bnu_85,"28"
"2024",마마1102,cp2_bnu_85,"153"
"2024",마마1105,cp2_bnu_85,"0"
"2024",마마1108,cp2_bnu_85,"0"
"2024",마마1120,cp2_bnu_85,"0"
"2024",마마1123,cp2_bnu_85,"3"
"2024",마마1124,cp2_bnu_85,"3"
"2024",마마1125,cp2_bnu_85,"3"
"2024",마마1133,cp2_bnu_85,"0"
"2024",마마1138,cp2_bnu_85,"3"
"2024",마마1139,cp2_bnu_85,"34"
"2024",마마1154,cp2_bnu_85,"0"
"2024",마마1155,cp2_bnu_85,"3"
"2024",마마1156,cp2_bnu_85,"20"
"2024",마마1157,cp2_bnu_85,"42"
"2024",마마1158,cp2_bnu_85,"162"
"2024",마마1159,cp2_bnu_85,"49"
"2024",마마1160,cp2_bnu_85,"67"
"2024",마마1161,cp2_bnu_85,"5"
"2024",마마1163,cp2_bnu_85,"11"
"2024",마마1164,cp2_bnu_85,"98"
"2024",마마1165,cp2_bnu_85,"8"
"2024",마마1200,cp2_bnu_85,"3"
"2024",마마1201,cp2_bnu_85,"48"
"2024",마마1202,cp2_bnu_85,"70"
"2024",마마1211,cp2_bnu_85,"0"
"2024",마마1220,cp2_bnu_85,"0"
"2024",마마1221,cp2_bnu_85,"11"
"2024",마마1222,cp2_bnu_85,"3"
"2024",마마1223,cp2_bnu_85,"8"
"2024",마마1238,cp2_bnu_85,"3"
"2024",마마1239,cp2_bnu_85,"43"
"2024",마마1241,cp2_bnu_85,"0"
"2024",마마1244,cp2_bnu_85,"0"
"2024",마마1256,cp2_bnu_85,"14"
"2024",마마1257,cp2_bnu_85,"24"
"2024",마마1258,cp2_bnu_85,"14"
"2024",마마1259,cp2_bnu_85,"8"
"2024",마마1260,cp2_bnu_85,"8"
"2024",마마1261,cp2_bnu_85,"5"
"2024",마마1264,cp2_bnu_85,"18"
"2024",마마1265,cp2_bnu_85,"31"
"2024",마마1275,cp2_bnu_85,"0"
"2024",마마1301,cp2_bnu_85,"5"
"2024",마마1315,cp2_bnu_85,"3"
"2024",마마1319,cp2_bnu_85,"8"
"2024",마마1320,cp2_bnu_85,"3"
"2024",마마1321,cp2_bnu_85,"126"
"2024",마마1322,cp2_bnu_85,"64"
"2024",마마1323,cp2_bnu_85,"46"
"2024",마마1324,cp2_bnu_85,"3"
"2024",마마1339,cp2_bnu_85,"3"
"2024",마마1357,cp2_bnu_85,"69"
"2024",마마1358,cp2_bnu_85,"78"
"2024",마마1359,cp2_bnu_85,"15"
"2024",마마1360,cp2_bnu_85,"14"
"2024",마마1361,cp2_bnu_85,"21"
"2024",마마1365,cp2_bnu_85,"3"
"2024",마마1385,cp2_bnu_85,"4"
"2024",마마1400,cp2_bnu_85,"0"
"2024",마마1403,cp2_bnu_85,"3"
"2024",마마1419,cp2_bnu_85,"5"
"2024",마마1420,cp2_bnu_85,"20"
"2024",마마1421,cp2_bnu_85,"43"
"2024",마마1422,cp2_bnu_85,"3"
"2024",마마1423,cp2_bnu_85,"3"
"2024",마마1429,cp2_bnu_85,"3"
"2024",마마1431,cp2_bnu_85,"0"
"2024",마마1455,cp2_bnu_85,"3"
"2024",마마1456,cp2_bnu_85,"3"
"2024",마마1457,cp2_bnu_85,"5"
"2024",마마1458,cp2_bnu_85,"8"
"2024",마마1459,cp2_bnu_85,"3"
"2024",마마1460,cp2_bnu_85,"7"
"2024",마마1461,cp2_bnu_85,"82"
"2024",마마1463,cp2_bnu_85,"0"
"2024",마마1466,cp2_bnu_85,"3"
"2024",마마1511,cp2_bnu_85,"3"
"2024",마마1520,cp2_bnu_85,"5"
"2024",마마1521,cp2_bnu_85,"0"
"2024",마마1531,cp2_bnu_85,"3"
"2024",마마1555,cp2_bnu_85,"3"
"2024",마마1556,cp2_bnu_85,"5"
"2024",마마1558,cp2_bnu_85,"3"
"2024",마마1573,cp2_bnu_85,"3"
"2024",마마1583,cp2_bnu_85,"3"
"2024",마마1613,cp2_bnu_85,"0"
"2024",마마1620,cp2_bnu_85,"0"
"2024",마마1624,cp2_bnu_85,"3"
"2024",마마1642,cp2_bnu_85,"0"
"2024",마마1654,cp2_bnu_85,"3"
"2024",마마1655,cp2_bnu_85,"0"
"2024",마마1660,cp2_bnu_85,"3"
"2024",마마1661,cp2_bnu_85,"0"
"2024",마마1663,cp2_bnu_85,"8"
"2024",마마1664,cp2_bnu_85,"5"
"2024",마마1665,cp2_bnu_85,"0"
"2024",마마1666,cp2_bnu_85,"0"
"2024",마마1674,cp2_bnu_85,"3"
"2024",마마1675,cp2_bnu_85,"0"
"2024",마마1683,cp2_bnu_85,"3"
"2024",마마1684,cp2_bnu_85,"3"
"2024",마마1718,cp2_bnu_85,"0"
"2024",마마1723,cp2_bnu_85,"3"
"2024",마마1756,cp2_bnu_85,"0"
"2024",마마1757,cp2_bnu_85,"5"
"2024",마마1762,cp2_bnu_85,"0"
"2024",마마1764,cp2_bnu_85,"3"
"2024",마마1765,cp2_bnu_85,"3"
"2024",마마1767,cp2_bnu_85,"0"
"2024",마마1768,cp2_bnu_85,"8"
"2024",마마1769,cp2_bnu_85,"8"
"2024",마마1770,cp2_bnu_85,"3"
"2024",마마1774,cp2_bnu_85,"0"
"2024",마마1803,cp2_bnu_85,"5"
"2024",마마1818,cp2_bnu_85,"3"
"2024",마마1853,cp2_bnu_85,"0"
"2024",마마1855,cp2_bnu_85,"0"
"2024",마마1857,cp2_bnu_85,"0"
"2024",마마1859,cp2_bnu_85,"0"
"2024",마마1861,cp2_bnu_85,"0"
"2024",마마1862,cp2_bnu_85,"3"
"2024",마마1864,cp2_bnu_85,"4"
"2024",마마1865,cp2_bnu_85,"25"
"2024",마마1868,cp2_bnu_85,"11"
"2024",마마1869,cp2_bnu_85,"90"
"2024",마마1870,cp2_bnu_85,"3"
"2024",마마1901,cp2_bnu_85,"3"
"2024",마마1906,cp2_bnu_85,"0"
"2024",마마1958,cp2_bnu_85,"3"
"2024",마마1959,cp2_bnu_85,"5"
"2024",마마1960,cp2_bnu_85,"3"
"2024",마마1963,cp2_bnu_85,"3"
"2024",마마1964,cp2_bnu_85,"5"
"2024",마마1965,cp2_bnu_85,"8"
"2024",마마1966,cp2_bnu_85,"35"
"2024",마마1967,cp2_bnu_85,"5"
"2024",마마1968,cp2_bnu_85,"11"
"2024",마마1969,cp2_bnu_85,"58"
"2024",마마1970,cp2_bnu_85,"7"
"2024",마마1971,cp2_bnu_85,"3"
"2024",마마1977,cp2_bnu_85,"3"
"2024",마마1978,cp2_bnu_85,"0"
"2024",마마2001,cp2_bnu_85,"0"
"2024",마마2010,cp2_bnu_85,"0"
"2024",마마2023,cp2_bnu_85,"3"
"2024",마마2055,cp2_bnu_85,"0"
"2024",마마2056,cp2_bnu_85,"5"
"2024",마마2058,cp2_bnu_85,"3"
"2024",마마2066,cp2_bnu_85,"3"
"2024",마마2067,cp2_bnu_85,"3"
"2024",마마2068,cp2_bnu_85,"0"
"2024",마마2072,cp2_bnu_85,"3"
"2024",마마2073,cp2_bnu_85,"0"
"2024",마마2078,cp2_bnu_85,"0"
"2024",마마2081,cp2_bnu_85,"0"
"2024",마마2108,cp2_bnu_85,"3"
"2024",마마2111,cp2_bnu_85,"3"
"2024",마마2112,cp2_bnu_85,"8"
"2024",마마2161,cp2_bnu_85,"0"
"2024",마마2167,cp2_bnu_85,"8"
"2024",마마2168,cp2_bnu_85,"7"
"2024",마마2169,cp2_bnu_85,"3"
"2024",마마2170,cp2_bnu_85,"3"
"2024",마마2171,cp2_bnu_85,"3"
"2024",마마2181,cp2_bnu_85,"0"
"2024",마마2204,cp2_bnu_85,"3"
"2024",마마2205,cp2_bnu_85,"0"
"2024",마마2207,cp2_bnu_85,"0"
"2024",마마2224,cp2_bnu_85,"3"
"2024",마마2229,cp2_bnu_85,"0"
"2024",마마2238,cp2_bnu_85,"3"
"2024",마마2239,cp2_bnu_85,"0"
"2024",마마2242,cp2_bnu_85,"3"
"2024",마마2250,cp2_bnu_85,"0"
"2024",마마2264,cp2_bnu_85,"0"
"2024",마마2281,cp2_bnu_85,"3"
"2024",마마2307,cp2_bnu_85,"0"
"2024",마마2350,cp2_bnu_85,"0"
"2024",마마2370,cp2_bnu_85,"0"
"2024",마마2371,cp2_bnu_85,"5"
"2024",마마2401,cp2_bnu_85,"0"
"2024",마마2402,cp2_bnu_85,"0"
"2024",마마2425,cp2_bnu_85,"0"
"2024",마마2433,cp2_bnu_85,"0"
"2024",마마2456,cp2_bnu_85,"3"
"2024",마마2458,cp2_bnu_85,"0"
"2024",마마2471,cp2_bnu_85,"5"
"2024",마마2472,cp2_bnu_85,"3"
"2024",마마2496,cp2_bnu_85,"3"
"2024",마마2533,cp2_bnu_85,"5"
"2024",마마2542,cp2_bnu_85,"3"
"2024",마마2572,cp2_bnu_85,"3"
"2024",마마2578,cp2_bnu_85,"3"
"2024",마마2585,cp2_bnu_85,"3"
"2024",마마2586,cp2_bnu_85,"3"
"2024",마마2643,cp2_bnu_85,"5"
"2024",마마2644,cp2_bnu_85,"3"
"2024",마마2664,cp2_bnu_85,"5"
"2024",마마2672,cp2_bnu_85,"0"
"2024",마마2707,cp2_bnu_85,"0"
"2024",마마2735,cp2_bnu_85,"0"
"2024",마마2752,cp2_bnu_85,"3"
"2024",마마2771,cp2_bnu_85,"3"
"2024",마마2775,cp2_bnu_85,"3"
"2024",마마2783,cp2_bnu_85,"0"
"2024",마마2791,cp2_bnu_85,"0"
"2024",마마2826,cp2_bnu_85,"3"
"2024",마마2874,cp2_bnu_85,"5"
"2024",마마2875,cp2_bnu_85,"11"
"2024",마마2876,cp2_bnu_85,"5"
"2024",마마2877,cp2_bnu_85,"3"
"2024",마마2878,cp2_bnu_85,"0"
"2024",마마2887,cp2_bnu_85,"3"
"2024",마마2902,cp2_bnu_85,"0"
"2024",마마2908,cp2_bnu_85,"0"
"2024",마마2909,cp2_bnu_85,"3"
"2024",마마2922,cp2_bnu_85,"3"
"2024",마마2967,cp2_bnu_85,"0"
"2024",마마2972,cp2_bnu_85,"3"
"2024",마마2973,cp2_bnu_85,"3"
"2024",마마2974,cp2_bnu_85,"5"
"2024",마마2975,cp2_bnu_85,"37"
"2024",마마2976,cp2_bnu_85,"56"
"2024",마마3002,cp2_bnu_85,"3"
"2024",마마3013,cp2_bnu_85,"0"
"2024",마마3064,cp2_bnu_85,"3"
"2024",마마3071,cp2_bnu_85,"0"
"2024",마마3074,cp2_bnu_85,"5"
"2024",마마3075,cp2_bnu_85,"14"
"2024",마마3076,cp2_bnu_85,"51"
"2024",마마3077,cp2_bnu_85,"45"
"2024",마마3084,cp2_bnu_85,"0"
"2024",마마3133,cp2_bnu_85,"3"
"2024",마마3175,cp2_bnu_85,"3"
"2024",마마3176,cp2_bnu_85,"5"
"2024",마마3177,cp2_bnu_85,"22"
"2024",마마3178,cp2_bnu_85,"5"
"2024",마마3276,cp2_bnu_85,"0"
"2024",마마3277,cp2_bnu_85,"0"
"2024",마마3281,cp2_bnu_85,"0"
"2024",마마3383,cp2_bnu_85,"0"
"2024",마마3402,cp2_bnu_85,"5"
"2024",마마3406,cp2_bnu_85,"0"
"2024",마마3407,cp2_bnu_85,"3"
"2024",마마3422,cp2_bnu_85,"3"
"2024",마마3477,cp2_bnu_85,"0"
"2024",마마3502,cp2_bnu_85,"118"
"2024",마마3503,cp2_bnu_85,"83"
"2024",마마3504,cp2_bnu_85,"10"
"2024",마마3601,cp2_bnu_85,"5"
"2024",마마3602,cp2_bnu_85,"101"
"2024",마마3603,cp2_bnu_85,"194"
"2024",마마3604,cp2_bnu_85,"35"
"2024",마마3605,cp2_bnu_85,"32"
"2024",마마3658,cp2_bnu_85,"0"
"2024",마마3667,cp2_bnu_85,"3"
"2024",마마3669,cp2_bnu_85,"0"
"2024",마마3670,cp2_bnu_85,"0"
"2024",마마3688,cp2_bnu_85,"0"
"2024",마마3700,cp2_bnu_85,"0"
"2024",마마3701,cp2_bnu_85,"3"
"2024",마마3702,cp2_bnu_85,"73"
"2024",마마3703,cp2_bnu_85,"23"
"2024",마마3704,cp2_bnu_85,"168"
"2024",마마3705,cp2_bnu_85,"81"
"2024",마마3710,cp2_bnu_85,"0"
"2024",마마3712,cp2_bnu_85,"0"
"2024",마마3801,cp2_bnu_85,"0"
"2024",마마3802,cp2_bnu_85,"23"
"2024",마마3803,cp2_bnu_85,"121"
"2024",마마3804,cp2_bnu_85,"28"
"2024",마마3805,cp2_bnu_85,"151"
"2024",마마3806,cp2_bnu_85,"17"
"2024",마마3810,cp2_bnu_85,"9"
"2024",마마3832,cp2_bnu_85,"0"
"2024",마마3894,cp2_bnu_85,"0"
"2024",마마3902,cp2_bnu_85,"3"
"2024",마마3903,cp2_bnu_85,"5"
"2024",마마3904,cp2_bnu_85,"3"
"2024",마마3905,cp2_bnu_85,"74"
"2024",마마3906,cp2_bnu_85,"32"
"2024",마마3907,cp2_bnu_85,"17"
"2024",마마3951,cp2_bnu_85,"3"
"2024",마마3952,cp2_bnu_85,"3"
"2024",마마3967,cp2_bnu_85,"3"
"2024",마마3968,cp2_bnu_85,"3"
"2024",마마3979,cp2_bnu_85,"3"
"2024",마마3994,cp2_bnu_85,"3"
"2024",마마4006,cp2_bnu_85,"5"
"2024",마마4007,cp2_bnu_85,"8"
"2024",마마4008,cp2_bnu_85,"29"
"2024",마마4010,cp2_bnu_85,"5"
"2024",마마4011,cp2_bnu_85,"0"
"2024",마마4017,cp2_bnu_85,"0"
"2024",마마4038,cp2_bnu_85,"3"
"2024",마마4067,cp2_bnu_85,"0"
"2024",마마4110,cp2_bnu_85,"3"
"2024",마마4111,cp2_bnu_85,"0"
"2024",마마4112,cp2_bnu_85,"3"
"2024",마마4113,cp2_bnu_85,"0"
"2024",마마4114,cp2_bnu_85,"17"
"2024",마마4115,cp2_bnu_85,"3"
"2024",마마4135,cp2_bnu_85,"3"
"2024",마마4140,cp2_bnu_85,"0"
"2024",마마4150,cp2_bnu_85,"0"
"2024",마마4179,cp2_bnu_85,"0"
"2024",마마4202,cp2_bnu_85,"12"
"2024",마마4203,cp2_bnu_85,"55"
"2024",마마4204,cp2_bnu_85,"9"
"2024",마마4205,cp2_bnu_85,"0"
"2024",마마4206,cp2_bnu_85,"3"
"2024",마마4211,cp2_bnu_85,"3"
"2024",마마4214,cp2_bnu_85,"5"
"2024",마마4217,cp2_bnu_85,"3"
"2024",마마4218,cp2_bnu_85,"3"
"2024",마마4219,cp2_bnu_85,"3"
"2024",마마4236,cp2_bnu_85,"0"
"2024",마마4242,cp2_bnu_85,"0"
"2024",마마4270,cp2_bnu_85,"0"
"2024",마마4302,cp2_bnu_85,"3"
"2024",마마4303,cp2_bnu_85,"12"
"2024",마마4306,cp2_bnu_85,"0"
"2024",마마4321,cp2_bnu_85,"3"
"2024",마마4322,cp2_bnu_85,"8"
"2024",마마4323,cp2_bnu_85,"3"
"2024",마마4329,cp2_bnu_85,"3"
"2024",마마4342,cp2_bnu_85,"3"
"2024",마마4343,cp2_bnu_85,"3"
"2024",마마4397,cp2_bnu_85,"5"
"2024",마마4422,cp2_bnu_85,"9"
"2024",마마4423,cp2_bnu_85,"3"
"2024",마마4424,cp2_bnu_85,"3"
"2024",마마4426,cp2_bnu_85,"0"
"2024",마마4432,cp2_bnu_85,"3"
"2024",마마4433,cp2_bnu_85,"3"
"2024",마마4434,cp2_bnu_85,"3"
"2024",마마4435,cp2_bnu_85,"0"
"2024",마마4461,cp2_bnu_85,"3"
"2024",마마4462,cp2_bnu_85,"14"
"2024",마마4463,cp2_bnu_85,"0"
"2024",마마4524,cp2_bnu_85,"0"
"2024",마마4526,cp2_bnu_85,"3"
"2024",마마4527,cp2_bnu_85,"5"
"2024",마마4528,cp2_bnu_85,"5"
"2024",마마4531,cp2_bnu_85,"8"
"2024",마마4534,cp2_bnu_85,"3"
"2024",마마4562,cp2_bnu_85,"3"
"2024",마마4578,cp2_bnu_85,"3"
"2024",마마4600,cp2_bnu_85,"3"
"2024",마마4601,cp2_bnu_85,"3"
"2024",마마4602,cp2_bnu_85,"3"
"2024",마마4622,cp2_bnu_85,"3"
"2024",마마4623,cp2_bnu_85,"3"
"2024",마마4629,cp2_bnu_85,"5"
"2024",마마4630,cp2_bnu_85,"5"
"2024",마마4631,cp2_bnu_85,"74"
"2024",마마4730,cp2_bnu_85,"22"
"2024",마마4731,cp2_bnu_85,"49"
"2024",마마4732,cp2_bnu_85,"10"
"2024",마마4733,cp2_bnu_85,"3"
"2024",마마4759,cp2_bnu_85,"3"
"2024",마마4760,cp2_bnu_85,"0"
"2024",마마4775,cp2_bnu_85,"0"
"2024",마마4807,cp2_bnu_85,"0"
"2024",마마4808,cp2_bnu_85,"3"
"2024",마마4809,cp2_bnu_85,"3"
"2024",마마4811,cp2_bnu_85,"0"
"2024",마마4825,cp2_bnu_85,"0"
"2024",마마4829,cp2_bnu_85,"5"
"2024",마마4830,cp2_bnu_85,"5"
"2024",마마4833,cp2_bnu_85,"0"
"2024",마마4835,cp2_bnu_85,"3"
"2024",마마4857,cp2_bnu_85,"3"
"2024",마마4909,cp2_bnu_85,"36"
"2024",마마4910,cp2_bnu_85,"56"
"2024",마마4911,cp2_bnu_85,"45"
"2024",마마4914,cp2_bnu_85,"5"
"2024",마마4915,cp2_bnu_85,"0"
"2024",마마4916,cp2_bnu_85,"5"
"2024",마마4929,cp2_bnu_85,"3"
"2024",마마4936,cp2_bnu_85,"3"
"2024",마마4978,cp2_bnu_85,"0"
"2024",마마5009,cp2_bnu_85,"25"
"2024",마마5010,cp2_bnu_85,"50"
"2024",마마5011,cp2_bnu_85,"26"
"2024",마마5012,cp2_bnu_85,"8"
"2024",마마5013,cp2_bnu_85,"24"
"2024",마마5014,cp2_bnu_85,"3"
"2024",마마5026,cp2_bnu_85,"3"
"2024",마마5028,cp2_bnu_85,"3"
"2024",마마5029,cp2_bnu_85,"3"
"2024",마마5039,cp2_bnu_85,"3"
"2024",마마5044,cp2_bnu_85,"3"
"2024",마마5060,cp2_bnu_85,"3"
"2024",마마5061,cp2_bnu_85,"0"
"2024",마마5062,cp2_bnu_85,"11"
"2024",마마5063,cp2_bnu_85,"0"
"2024",마마5068,cp2_bnu_85,"3"
"2024",마마5078,cp2_bnu_85,"0"
"2024",마마5093,cp2_bnu_85,"3"
"2024",마마5100,cp2_bnu_85,"0"
"2024",마마5103,cp2_bnu_85,"3"
"2024",마마5104,cp2_bnu_85,"122"
"2024",마마5105,cp2_bnu_85,"210"
"2024",마마5106,cp2_bnu_85,"24"
"2024",마마5109,cp2_bnu_85,"0"
"2024",마마5112,cp2_bnu_85,"5"
"2024",마마5113,cp2_bnu_85,"106"
"2024",마마5114,cp2_bnu_85,"46"
"2024",마마5128,cp2_bnu_85,"0"
"2024",마마5129,cp2_bnu_85,"3"
"2024",마마5141,cp2_bnu_85,"0"
"2024",마마5161,cp2_bnu_85,"3"
"2024",마마5162,cp2_bnu_85,"30"
"2024",마마5163,cp2_bnu_85,"3"
"2024",마마5166,cp2_bnu_85,"5"
"2024",마마5167,cp2_bnu_85,"34"
"2024",마마5179,cp2_bnu_85,"3"
"2024",마마5202,cp2_bnu_85,"3"
"2024",마마5203,cp2_bnu_85,"24"
"2024",마마5204,cp2_bnu_85,"177"
"2024",마마5205,cp2_bnu_85,"8"
"2024",마마5213,cp2_bnu_85,"8"
"2024",마마5214,cp2_bnu_85,"18"
"2024",마마5215,cp2_bnu_85,"0"
"2024",마마5219,cp2_bnu_85,"3"
"2024",마마5230,cp2_bnu_85,"3"
"2024",마마5252,cp2_bnu_85,"3"
"2024",마마5260,cp2_bnu_85,"3"
"2024",마마5261,cp2_bnu_85,"43"
"2024",마마5262,cp2_bnu_85,"22"
"2024",마마5279,cp2_bnu_85,"24"
"2024",마마5280,cp2_bnu_85,"3"
"2024",마마5288,cp2_bnu_85,"3"
"2024",마마5302,cp2_bnu_85,"0"
"2024",마마5303,cp2_bnu_85,"17"
"2024",마마5304,cp2_bnu_85,"77"
"2024",마마5330,cp2_bnu_85,"3"
"2024",마마5332,cp2_bnu_85,"3"
"2024",마마5350,cp2_bnu_85,"0"
"2024",마마5351,cp2_bnu_85,"3"
"2024",마마5352,cp2_bnu_85,"0"
"2024",마마5353,cp2_bnu_85,"3"
"2024",마마5361,cp2_bnu_85,"5"
"2024",마마5362,cp2_bnu_85,"19"
"2024",마마5363,cp2_bnu_85,"3"
"2024",마마5364,cp2_bnu_85,"24"
"2024",마마5365,cp2_bnu_85,"44"
"2024",마마5378,cp2_bnu_85,"3"
"2024",마마5379,cp2_bnu_85,"13"
"2024",마마5387,cp2_bnu_85,"5"
"2024",마마5401,cp2_bnu_85,"0"
"2024",마마5403,cp2_bnu_85,"0"
"2024",마마5419,cp2_bnu_85,"3"
"2024",마마5420,cp2_bnu_85,"3"
"2024",마마5424,cp2_bnu_85,"3"
"2024",마마5432,cp2_bnu_85,"0"
"2024",마마5441,cp2_bnu_85,"5"
"2024",마마5453,cp2_bnu_85,"0"
"2024",마마5459,cp2_bnu_85,"0"
"2024",마마5460,cp2_bnu_85,"3"
"2024",마마5461,cp2_bnu_85,"17"
"2024",마마5462,cp2_bnu_85,"53"
"2024",마마5463,cp2_bnu_85,"31"
"2024",마마5464,cp2_bnu_85,"174"
"2024",마마5465,cp2_bnu_85,"29"
"2024",마마5478,cp2_bnu_85,"20"
"2024",마마5504,cp2_bnu_85,"0"
"2024",마마5517,cp2_bnu_85,"0"
"2024",마마5519,cp2_bnu_85,"3"
"2024",마마5520,cp2_bnu_85,"3"
"2024",마마5521,cp2_bnu_85,"0"
"2024",마마5522,cp2_bnu_85,"5"
"2024",마마5523,cp2_bnu_85,"0"
"2024",마마5530,cp2_bnu_85,"3"
"2024",마마5532,cp2_bnu_85,"0"
"2024",마마5544,cp2_bnu_85,"0"
"2024",마마5561,cp2_bnu_85,"5"
"2024",마마5562,cp2_bnu_85,"11"
"2024",마마5563,cp2_bnu_85,"55"
"2024",마마5564,cp2_bnu_85,"86"
"2024",마마5565,cp2_bnu_85,"11"
"2024",마마5566,cp2_bnu_85,"66"
"2024",마마5568,cp2_bnu_85,"3"
"2024",마마5572,cp2_bnu_85,"3"
"2024",마마5577,cp2_bnu_85,"0"
"2024",마마5578,cp2_bnu_85,"17"
"2024",마마5600,cp2_bnu_85,"3"
"2024",마마5606,cp2_bnu_85,"0"
"2024",마마5620,cp2_bnu_85,"0"
"2024",마마5621,cp2_bnu_85,"3"
"2024",마마5630,cp2_bnu_85,"67"
"2024",마마5631,cp2_bnu_85,"63"
"2024",마마5640,cp2_bnu_85,"3"
"2024",마마5660,cp2_bnu_85,"0"
"2024",마마5661,cp2_bnu_85,"3"
"2024",마마5662,cp2_bnu_85,"50"
"2024",마마5663,cp2_bnu_85,"3"
"2024",마마5665,cp2_bnu_85,"22"
"2024",마마5666,cp2_bnu_85,"61"
"2024",마마5667,cp2_bnu_85,"0"
"2024",마마5703,cp2_bnu_85,"0"
"2024",마마5704,cp2_bnu_85,"0"
"2024",마마5705,cp2_bnu_85,"3"
"2024",마마5723,cp2_bnu_85,"26"
"2024",마마5726,cp2_bnu_85,"3"
"2024",마마5727,cp2_bnu_85,"9"
"2024",마마5731,cp2_bnu_85,"36"
"2024",마마5732,cp2_bnu_85,"133"
"2024",마마5757,cp2_bnu_85,"3"
"2024",마마5762,cp2_bnu_85,"5"
"2024",마마5767,cp2_bnu_85,"3"
"2024",마마5770,cp2_bnu_85,"0"
"2024",마마5779,cp2_bnu_85,"0"
"2024",마마5785,cp2_bnu_85,"0"
"2024",마마5803,cp2_bnu_85,"8"
"2024",마마5810,cp2_bnu_85,"0"
"2024",마마5826,cp2_bnu_85,"0"
"2024",마마5827,cp2_bnu_85,"0"
"2024",마마5828,cp2_bnu_85,"11"
"2024",마마5829,cp2_bnu_85,"53"
"2024",마마5830,cp2_bnu_85,"20"
"2024",마마5831,cp2_bnu_85,"61"
"2024",마마5832,cp2_bnu_85,"8"
"2024",마마5863,cp2_bnu_85,"3"
"2024",마마5865,cp2_bnu_85,"0"
"2024",마마5868,cp2_bnu_85,"0"
"2024",마마5879,cp2_bnu_85,"0"
"2024",마마5891,cp2_bnu_85,"0"
"2024",마마5893,cp2_bnu_85,"3"
"2024",마마5894,cp2_bnu_85,"3"
"2024",마마5897,cp2_bnu_85,"0"
"2024",마마5900,cp2_bnu_85,"0"
"2024",마마5901,cp2_bnu_85,"5"
"2024",마마5902,cp2_bnu_85,"3"
"2024",마마5906,cp2_bnu_85,"3"
"2024",마마5907,cp2_bnu_85,"0"
"2024",마마5928,cp2_bnu_85,"113"
"2024",마마5929,cp2_bnu_85,"150"
"2024",마마5930,cp2_bnu_85,"60"
"2024",마마5931,cp2_bnu_85,"3"
"2024",마마5957,cp2_bnu_85,"11"
"2024",마마5968,cp2_bnu_85,"3"
"2024",마마5969,cp2_bnu_85,"0"
"2024",마마5978,cp2_bnu_85,"3"
"2024",마마5997,cp2_bnu_85,"0"
"2024",마마6004,cp2_bnu_85,"5"
"2024",마마6007,cp2_bnu_85,"0"
"2024",마마6008,cp2_bnu_85,"0"
"2024",마마6009,cp2_bnu_85,"0"
"2024",마마6010,cp2_bnu_85,"0"
"2024",마마6028,cp2_bnu_85,"3"
"2024",마마6029,cp2_bnu_85,"29"
"2024",마마6030,cp2_bnu_85,"20"
"2024",마마6031,cp2_bnu_85,"36"
"2024",마마6036,cp2_bnu_85,"0"
"2024",마마6060,cp2_bnu_85,"3"
"2024",마마6062,cp2_bnu_85,"0"
"2024",마마6064,cp2_bnu_85,"0"
"2024",마마6078,cp2_bnu_85,"5"
"2024",마마6079,cp2_bnu_85,"3"
"2024",마마6080,cp2_bnu_85,"0"
"2024",마마6081,cp2_bnu_85,"0"
"2024",마마6104,cp2_bnu_85,"3"
"2024",마마6105,cp2_bnu_85,"8"
"2024",마마6106,cp2_bnu_85,"3"
"2024",마마6113,cp2_bnu_85,"14"
"2024",마마6114,cp2_bnu_85,"30"
"2024",마마6115,cp2_bnu_85,"5"
"2024",마마6117,cp2_bnu_85,"3"
"2024",마마6128,cp2_bnu_85,"17"
"2024",마마6129,cp2_bnu_85,"20"
"2024",마마6130,cp2_bnu_85,"14"
"2024",마마6131,cp2_bnu_85,"3"
"2024",마마6139,cp2_bnu_85,"3"
"2024",마마6154,cp2_bnu_85,"3"
"2024",마마6161,cp2_bnu_85,"0"
"2024",마마6162,cp2_bnu_85,"0"
"2024",마마6166,cp2_bnu_85,"0"
"2024",마마6180,cp2_bnu_85,"0"
"2024",마마6192,cp2_bnu_85,"0"
"2024",마마6204,cp2_bnu_85,"3"
"2024",마마6205,cp2_bnu_85,"3"
"2024",마마6206,cp2_bnu_85,"0"
"2024",마마6213,cp2_bnu_85,"71"
"2024",마마6214,cp2_bnu_85,"20"
"2024",마마6215,cp2_bnu_85,"3"
"2024",마마6219,cp2_bnu_85,"5"
"2024",마마6222,cp2_bnu_85,"5"
"2024",마마6225,cp2_bnu_85,"11"
"2024",마마6226,cp2_bnu_85,"0"
"2024",마마6227,cp2_bnu_85,"157"
"2024",마마6228,cp2_bnu_85,"243"
"2024",마마6229,cp2_bnu_85,"54"
"2024",마마6230,cp2_bnu_85,"87"
"2024",마마6231,cp2_bnu_85,"0"
"2024",마마6252,cp2_bnu_85,"0"
"2024",마마6254,cp2_bnu_85,"8"
"2024",마마6255,cp2_bnu_85,"5"
"2024",마마6282,cp2_bnu_85,"3"
"2024",마마6286,cp2_bnu_85,"0"
"2024",마마6292,cp2_bnu_85,"0"
"2024",마마6307,cp2_bnu_85,"0"
"2024",마마6309,cp2_bnu_85,"0"
"2024",마마6316,cp2_bnu_85,"3"
"2024",마마6317,cp2_bnu_85,"18"
"2024",마마6318,cp2_bnu_85,"3"
"2024",마마6322,cp2_bnu_85,"29"
"2024",마마6323,cp2_bnu_85,"5"
"2024",마마6324,cp2_bnu_85,"0"
"2024",마마6325,cp2_bnu_85,"0"
"2024",마마6326,cp2_bnu_85,"3"
"2024",마마6327,cp2_bnu_85,"74"
"2024",마마6328,cp2_bnu_85,"122"
"2024",마마6329,cp2_bnu_85,"29"
"2024",마마6330,cp2_bnu_85,"114"
"2024",마마6331,cp2_bnu_85,"11"
"2024",마마6332,cp2_bnu_85,"32"
"2024",마마6333,cp2_bnu_85,"0"
"2024",마마6343,cp2_bnu_85,"0"
"2024",마마6344,cp2_bnu_85,"0"
"2024",마마6354,cp2_bnu_85,"8"
"2024",마마6355,cp2_bnu_85,"3"
"2024",마마6378,cp2_bnu_85,"0"
"2024",마마6379,cp2_bnu_85,"3"
"2024",마마6380,cp2_bnu_85,"67"
"2024",마마6382,cp2_bnu_85,"5"
"2024",마마6383,cp2_bnu_85,"20"
"2024",마마6384,cp2_bnu_85,"0"
"2024",마마6385,cp2_bnu_85,"0"
"2024",마마6386,cp2_bnu_85,"0"
"2024",마마6392,cp2_bnu_85,"3"
"2024",마마6405,cp2_bnu_85,"5"
"2024",마마6416,cp2_bnu_85,"21"
"2024",마마6417,cp2_bnu_85,"24"
"2024",마마6418,cp2_bnu_85,"0"
"2024",마마6424,cp2_bnu_85,"5"
"2024",마마6425,cp2_bnu_85,"19"
"2024",마마6426,cp2_bnu_85,"57"
"2024",마마6427,cp2_bnu_85,"125"
"2024",마마6428,cp2_bnu_85,"113"
"2024",마마6429,cp2_bnu_85,"77"
"2024",마마6430,cp2_bnu_85,"89"
"2024",마마6431,cp2_bnu_85,"8"
"2024",마마6432,cp2_bnu_85,"68"
"2024",마마6433,cp2_bnu_85,"5"
"2024",마마6438,cp2_bnu_85,"3"
"2024",마마6440,cp2_bnu_85,"3"
"2024",마마6441,cp2_bnu_85,"3"
"2024",마마6448,cp2_bnu_85,"3"
"2024",마마6449,cp2_bnu_85,"3"
"2024",마마6453,cp2_bnu_85,"0"
"2024",마마6480,cp2_bnu_85,"32"
"2024",마마6481,cp2_bnu_85,"5"
"2024",마마6482,cp2_bnu_85,"17"
"2024",마마6483,cp2_bnu_85,"24"
"2024",마마6487,cp2_bnu_85,"8"
"2024",마마6488,cp2_bnu_85,"31"
"2024",마마6490,cp2_bnu_85,"11"
"2024",마마6507,cp2_bnu_85,"5"
"2024",마마6508,cp2_bnu_85,"0"
"2024",마마6513,cp2_bnu_85,"3"
"2024",마마6517,cp2_bnu_85,"0"
"2024",마마6526,cp2_bnu_85,"83"
"2024",마마6527,cp2_bnu_85,"249"
"2024",마마6528,cp2_bnu_85,"80"
"2024",마마6529,cp2_bnu_85,"44"
"2024",마마6530,cp2_bnu_85,"73"
"2024",마마6531,cp2_bnu_85,"42"
"2024",마마6532,cp2_bnu_85,"3"
"2024",마마6533,cp2_bnu_85,"5"
"2024",마마6538,cp2_bnu_85,"14"
"2024",마마6539,cp2_bnu_85,"83"
"2024",마마6540,cp2_bnu_85,"3"
"2024",마마6543,cp2_bnu_85,"12"
"2024",마마6547,cp2_bnu_85,"3"
"2024",마마6548,cp2_bnu_85,"9"
"2024",마마6553,cp2_bnu_85,"3"
"2024",마마6555,cp2_bnu_85,"3"
"2024",마마6577,cp2_bnu_85,"0"
"2024",마마6578,cp2_bnu_85,"5"
"2024",마마6580,cp2_bnu_85,"131"
"2024",마마6581,cp2_bnu_85,"36"
"2024",마마6582,cp2_bnu_85,"182"
"2024",마마6583,cp2_bnu_85,"43"
"2024",마마6585,cp2_bnu_85,"3"
"2024",마마6586,cp2_bnu_85,"0"
"2024",마마6587,cp2_bnu_85,"18"
"2024",마마6588,cp2_bnu_85,"24"
"2024",마마6589,cp2_bnu_85,"28"
"2024",마마6590,cp2_bnu_85,"80"
"2024",마마6591,cp2_bnu_85,"5"
"2024",마마6592,cp2_bnu_85,"11"
"2024",마마6593,cp2_bnu_85,"3"
"2024",마마6598,cp2_bnu_85,"3"
"2024",마마6607,cp2_bnu_85,"0"
"2024",마마6617,cp2_bnu_85,"3"
"2024",마마6625,cp2_bnu_85,"5"
"2024",마마6626,cp2_bnu_85,"14"
"2024",마마6627,cp2_bnu_85,"28"
"2024",마마6628,cp2_bnu_85,"75"
"2024",마마6629,cp2_bnu_85,"147"
"2024",마마6630,cp2_bnu_85,"53"
"2024",마마6631,cp2_bnu_85,"163"
"2024",마마6632,cp2_bnu_85,"26"
"2024",마마6633,cp2_bnu_85,"32"
"2024",마마6634,cp2_bnu_85,"0"
"2024",마마6638,cp2_bnu_85,"78"
"2024",마마6639,cp2_bnu_85,"17"
"2024",마마6640,cp2_bnu_85,"3"
"2024",마마6641,cp2_bnu_85,"8"
"2024",마마6642,cp2_bnu_85,"17"
"2024",마마6643,cp2_bnu_85,"3"
"2024",마마6648,cp2_bnu_85,"3"
"2024",마마6678,cp2_bnu_85,"3"
"2024",마마6679,cp2_bnu_85,"76"
"2024",마마6680,cp2_bnu_85,"27"
"2024",마마6681,cp2_bnu_85,"46"
"2024",마마6682,cp2_bnu_85,"38"
"2024",마마6683,cp2_bnu_85,"39"
"2024",마마6684,cp2_bnu_85,"59"
"2024",마마6685,cp2_bnu_85,"5"
"2024",마마6686,cp2_bnu_85,"5"
"2024",마마6691,cp2_bnu_85,"23"
"2024",마마6692,cp2_bnu_85,"8"
"2024",마마6694,cp2_bnu_85,"3"
"2024",마마6711,cp2_bnu_85,"5"
"2024",마마6727,cp2_bnu_85,"3"
"2024",마마6728,cp2_bnu_85,"11"
"2024",마마6729,cp2_bnu_85,"84"
"2024",마마6730,cp2_bnu_85,"64"
"2024",마마6731,cp2_bnu_85,"59"
"2024",마마6732,cp2_bnu_85,"17"
"2024",마마6733,cp2_bnu_85,"31"
"2024",마마6734,cp2_bnu_85,"15"
"2024",마마6738,cp2_bnu_85,"44"
"2024",마마6739,cp2_bnu_85,"36"
"2024",마마6740,cp2_bnu_85,"145"
"2024",마마6741,cp2_bnu_85,"42"
"2024",마마6745,cp2_bnu_85,"3"
"2024",마마6776,cp2_bnu_85,"3"
"2024",마마6777,cp2_bnu_85,"5"
"2024",마마6778,cp2_bnu_85,"3"
"2024",마마6779,cp2_bnu_85,"5"
"2024",마마6780,cp2_bnu_85,"11"
"2024",마마6781,cp2_bnu_85,"57"
"2024",마마6782,cp2_bnu_85,"48"
"2024",마마6783,cp2_bnu_85,"14"
"2024",마마6784,cp2_bnu_85,"29"
"2024",마마6785,cp2_bnu_85,"70"
"2024",마마6786,cp2_bnu_85,"18"
"2024",마마6790,cp2_bnu_85,"0"
"2024",마마6795,cp2_bnu_85,"0"
"2024",마마6808,cp2_bnu_85,"3"
"2024",마마6809,cp2_bnu_85,"0"
"2024",마마6829,cp2_bnu_85,"3"
"2024",마마6830,cp2_bnu_85,"54"
"2024",마마6831,cp2_bnu_85,"5"
"2024",마마6832,cp2_bnu_85,"5"
"2024",마마6833,cp2_bnu_85,"11"
"2024",마마6834,cp2_bnu_85,"29"
"2024",마마6835,cp2_bnu_85,"109"
"2024",마마6837,cp2_bnu_85,"12"
"2024",마마6838,cp2_bnu_85,"14"
"2024",마마6839,cp2_bnu_85,"112"
"2024",마마6840,cp2_bnu_85,"41"
"2024",마마6841,cp2_bnu_85,"3"
"2024",마마6876,cp2_bnu_85,"3"
"2024",마마6877,cp2_bnu_85,"0"
"2024",마마6881,cp2_bnu_85,"17"
"2024",마마6882,cp2_bnu_85,"32"
"2024",마마6883,cp2_bnu_85,"29"
"2024",마마6884,cp2_bnu_85,"33"
"2024",마마6885,cp2_bnu_85,"23"
"2024",마마6886,cp2_bnu_85,"163"
"2024",마마6887,cp2_bnu_85,"100"
"2024",마마6890,cp2_bnu_85,"0"
"2024",마마6924,cp2_bnu_85,"3"
"2024",마마6931,cp2_bnu_85,"12"
"2024",마마6933,cp2_bnu_85,"25"
"2024",마마6934,cp2_bnu_85,"62"
"2024",마마6935,cp2_bnu_85,"78"
"2024",마마6936,cp2_bnu_85,"3"
"2024",마마6941,cp2_bnu_85,"0"
"2024",마마6978,cp2_bnu_85,"0"
"2024",마마6982,cp2_bnu_85,"5"
"2024",마마6983,cp2_bnu_85,"8"
"2024",마마6986,cp2_bnu_85,"22"
"2024",마마6987,cp2_bnu_85,"42"
"2024",마마6988,cp2_bnu_85,"81"
"2024",마마6989,cp2_bnu_85,"93"
"2024",마마6990,cp2_bnu_85,"3"
"2024",마마6991,cp2_bnu_85,"5"
"2024",마마7028,cp2_bnu_85,"3"
"2024",마마7029,cp2_bnu_85,"22"
"2024",마마7030,cp2_bnu_85,"8"
"2024",마마7031,cp2_bnu_85,"5"
"2024",마마7056,cp2_bnu_85,"0"
"2024",마마7087,cp2_bnu_85,"48"
"2024",마마7088,cp2_bnu_85,"48"
"2024",마마7089,cp2_bnu_85,"83"
"2024",마마7091,cp2_bnu_85,"8"
"2024",마마7096,cp2_bnu_85,"3"
"2024",마마7098,cp2_bnu_85,"3"
"2024",마마7127,cp2_bnu_85,"15"
"2024",마마7128,cp2_bnu_85,"18"
"2024",마마7129,cp2_bnu_85,"5"
"2024",마마7172,cp2_bnu_85,"3"
"2024",마마7174,cp2_bnu_85,"0"
"2024",마마7175,cp2_bnu_85,"39"
"2024",마마7176,cp2_bnu_85,"116"
"2024",마마7177,cp2_bnu_85,"20"
"2024",마마7178,cp2_bnu_85,"8"
"2024",마마7179,cp2_bnu_85,"5"
"2024",마마7187,cp2_bnu_85,"11"
"2024",마마7188,cp2_bnu_85,"71"
"2024",마마7189,cp2_bnu_85,"104"
"2024",마마7193,cp2_bnu_85,"3"
"2024",마마7226,cp2_bnu_85,"3"
"2024",마마7273,cp2_bnu_85,"3"
"2024",마마7274,cp2_bnu_85,"9"
"2024",마마7275,cp2_bnu_85,"16"
"2024",마마7276,cp2_bnu_85,"29"
"2024",마마7277,cp2_bnu_85,"26"
"2024",마마7279,cp2_bnu_85,"3"
"2024",마마7289,cp2_bnu_85,"3"
"2024",마마7292,cp2_bnu_85,"3"
"2024",마마7321,cp2_bnu_85,"3"
"2024",마마7322,cp2_bnu_85,"87"
"2024",마마7323,cp2_bnu_85,"5"
"2024",마마7324,cp2_bnu_85,"8"
"2024",마마7328,cp2_bnu_85,"0"
"2024",마마7341,cp2_bnu_85,"3"
"2024",마마7357,cp2_bnu_85,"0"
"2024",마마7375,cp2_bnu_85,"3"
"2024",마마7390,cp2_bnu_85,"5"
"2024",마마7392,cp2_bnu_85,"5"
"2024",마마7422,cp2_bnu_85,"10"
"2024",마마7423,cp2_bnu_85,"93"
"2024",마마7424,cp2_bnu_85,"87"
"2024",마마7425,cp2_bnu_85,"144"
"2024",마마7426,cp2_bnu_85,"44"
"2024",마마7427,cp2_bnu_85,"61"
"2024",마마7428,cp2_bnu_85,"20"
"2024",마마7429,cp2_bnu_85,"66"
"2024",마마7436,cp2_bnu_85,"3"
"2024",마마7438,cp2_bnu_85,"3"
"2024",마마7454,cp2_bnu_85,"3"
"2024",마마7475,cp2_bnu_85,"3"
"2024",마마7478,cp2_bnu_85,"11"
"2024",마마7523,cp2_bnu_85,"9"
"2024",마마7524,cp2_bnu_85,"3"
"2024",마마7525,cp2_bnu_85,"3"
"2024",마마7526,cp2_bnu_85,"8"
"2024",마마7527,cp2_bnu_85,"46"
"2024",마마7528,cp2_bnu_85,"3"
"2024",마마7529,cp2_bnu_85,"13"
"2024",마마7538,cp2_bnu_85,"55"
"2024",마마7539,cp2_bnu_85,"62"
"2024",마마7556,cp2_bnu_85,"3"
"2024",마마7573,cp2_bnu_85,"0"
"2024",마마7577,cp2_bnu_85,"5"
"2024",마마7578,cp2_bnu_85,"14"
"2024",마마7632,cp2_bnu_85,"3"
"2024",마마7636,cp2_bnu_85,"3"
"2024",마마7637,cp2_bnu_85,"3"
"2024",마마7641,cp2_bnu_85,"0"
"2024",마마7678,cp2_bnu_85,"0"
"2024",마마7730,cp2_bnu_85,"0"
"2024",마마7743,cp2_bnu_85,"3"
"2024",마마7846,cp2_bnu_85,"5"
"2024",마마7968,cp2_bnu_85,"5"
"2024",마마8054,cp2_bnu_85,"3"
"2024",마마8058,cp2_bnu_85,"5"
"2024",마마8068,cp2_bnu_85,"3"
"2024",마마8083,cp2_bnu_85,"3"
"2024",마마8159,cp2_bnu_85,"5"
"2024",마마8166,cp2_bnu_85,"3"
"2024",마마8268,cp2_bnu_85,"3"
"2024",마마8272,cp2_bnu_85,"3"
"2024",마마8479,cp2_bnu_85,"3"
"2024",마마8588,cp2_bnu_85,"3"
"2024",마마8679,cp2_bnu_85,"0"
"2024",마마8680,cp2_bnu_85,"3"
"2024",마마8683,cp2_bnu_85,"0"
"2024",마마8688,cp2_bnu_85,"0"
"2024",마마8784,cp2_bnu_85,"3"
