2024,바사9150,in_age_003,5
2024,바사9150,in_age_005,5
2024,바사9150,in_age_007,0
2024,바사9150,in_age_008,5
2024,바사9150,in_age_009,5
2024,바사9150,in_age_010,5
2024,바사9150,in_age_011,5
2024,바사9150,in_age_012,23
2024,바사9150,in_age_013,24
2024,바사9150,in_age_014,28
2024,바사9150,in_age_015,21
2024,바사9150,in_age_016,14
2024,바사9150,in_age_017,13
2024,바사9150,in_age_018,5
2024,바사9150,in_age_019,5
2024,바사9150,in_age_020,0
2024,바사9150,in_age_033,0
2024,바사9150,in_age_035,5
2024,바사9150,in_age_037,0
2024,바사9150,in_age_038,5
2024,바사9150,in_age_039,5
2024,바사9150,in_age_040,5
2024,바사9150,in_age_041,5
2024,바사9150,in_age_042,13
2024,바사9150,in_age_043,11
2024,바사9150,in_age_044,13
2024,바사9150,in_age_045,8
2024,바사9150,in_age_046,11
2024,바사9150,in_age_047,8
2024,바사9150,in_age_048,0
2024,바사9150,in_age_049,0
2024,바사9150,in_age_063,0
2024,바사9150,in_age_065,0
2024,바사9150,in_age_068,0
2024,바사9150,in_age_070,5
2024,바사9150,in_age_071,0
2024,바사9150,in_age_072,8
2024,바사9150,in_age_073,8
2024,바사9150,in_age_074,13
2024,바사9150,in_age_075,16
2024,바사9150,in_age_076,5
2024,바사9150,in_age_077,8
2024,바사9150,in_age_078,5
2024,바사9150,in_age_079,5
2024,바사9150,in_age_080,0
2024,바사9150,to_in_001,148
2024,바사9150,to_in_007,80
2024,바사9150,to_in_008,66
2024,바사9151,in_age_004,5
2024,바사9151,in_age_005,5
2024,바사9151,in_age_007,5
2024,바사9151,in_age_008,0
2024,바사9151,in_age_009,5
2024,바사9151,in_age_010,0
2024,바사9151,in_age_011,8
2024,바사9151,in_age_012,13
2024,바사9151,in_age_013,8
2024,바사9151,in_age_014,8
2024,바사9151,in_age_015,8
2024,바사9151,in_age_016,8
2024,바사9151,in_age_017,5
2024,바사9151,in_age_018,5
2024,바사9151,in_age_019,8
2024,바사9151,in_age_020,5
2024,바사9151,in_age_034,0
2024,바사9151,in_age_037,0
2024,바사9151,in_age_038,0
2024,바사9151,in_age_039,5
2024,바사9151,in_age_040,0
2024,바사9151,in_age_041,8
2024,바사9151,in_age_042,5
2024,바사9151,in_age_043,5
2024,바사9151,in_age_044,8
2024,바사9151,in_age_045,5
2024,바사9151,in_age_046,5
2024,바사9151,in_age_047,5
2024,바사9151,in_age_049,5
2024,바사9151,in_age_064,5
2024,바사9151,in_age_065,5
2024,바사9151,in_age_067,5
2024,바사9151,in_age_071,0
2024,바사9151,in_age_072,8
2024,바사9151,in_age_073,5
2024,바사9151,in_age_074,5
2024,바사9151,in_age_075,8
2024,바사9151,in_age_076,8
2024,바사9151,in_age_077,5
2024,바사9151,in_age_078,5
2024,바사9151,in_age_079,5
2024,바사9151,in_age_080,5
2024,바사9151,to_in_001,78
2024,바사9151,to_in_007,43
2024,바사9151,to_in_008,38
2024,바사9247,in_age_007,0
2024,바사9247,in_age_009,0
2024,바사9247,in_age_011,8
2024,바사9247,in_age_012,5
2024,바사9247,in_age_013,5
2024,바사9247,in_age_014,5
2024,바사9247,in_age_015,5
2024,바사9247,in_age_016,5
2024,바사9247,in_age_017,0
2024,바사9247,in_age_041,5
2024,바사9247,in_age_042,0
2024,바사9247,in_age_043,5
2024,바사9247,in_age_044,5
2024,바사9247,in_age_045,5
2024,바사9247,in_age_047,0
2024,바사9247,in_age_067,0
2024,바사9247,in_age_069,0
2024,바사9247,in_age_071,5
2024,바사9247,in_age_072,5
2024,바사9247,in_age_073,5
2024,바사9247,in_age_074,0
2024,바사9247,in_age_076,5
2024,바사9247,to_in_001,23
2024,바사9247,to_in_007,13
2024,바사9247,to_in_008,13
2024,바사9249,in_age_002,5
2024,바사9249,in_age_003,5
2024,바사9249,in_age_004,5
2024,바사9249,in_age_005,0
2024,바사9249,in_age_006,8
2024,바사9249,in_age_008,5
2024,바사9249,in_age_009,5
2024,바사9249,in_age_010,8
2024,바사9249,in_age_011,8
2024,바사9249,in_age_012,8
2024,바사9249,in_age_013,8
2024,바사9249,in_age_014,8
2024,바사9249,in_age_015,5
2024,바사9249,in_age_016,0
2024,바사9249,in_age_017,13
2024,바사9249,in_age_018,14
2024,바사9249,in_age_019,10
2024,바사9249,in_age_020,12
2024,바사9249,in_age_032,5
2024,바사9249,in_age_033,0
2024,바사9249,in_age_034,0
2024,바사9249,in_age_035,0
2024,바사9249,in_age_036,5
2024,바사9249,in_age_038,5
2024,바사9249,in_age_039,0
2024,바사9249,in_age_040,8
2024,바사9249,in_age_041,5
2024,바사9249,in_age_042,5
2024,바사9249,in_age_043,5
2024,바사9249,in_age_044,8
2024,바사9249,in_age_045,5
2024,바사9249,in_age_047,8
2024,바사9249,in_age_048,6
2024,바사9249,in_age_049,0
2024,바사9249,in_age_050,5
2024,바사9249,in_age_063,0
2024,바사9249,in_age_064,0
2024,바사9249,in_age_066,0
2024,바사9249,in_age_069,5
2024,바사9249,in_age_071,5
2024,바사9249,in_age_072,5
2024,바사9249,in_age_073,5
2024,바사9249,in_age_074,5
2024,바사9249,in_age_076,0
2024,바사9249,in_age_077,5
2024,바사9249,in_age_078,8
2024,바사9249,in_age_079,10
2024,바사9249,in_age_080,7
2024,바사9249,to_in_001,99
2024,바사9249,to_in_007,44
2024,바사9249,to_in_008,53
2024,바사9250,in_age_001,0
2024,바사9250,in_age_002,0
2024,바사9250,in_age_006,0
2024,바사9250,in_age_007,5
2024,바사9250,in_age_008,0
2024,바사9250,in_age_010,0
2024,바사9250,in_age_011,5
2024,바사9250,in_age_012,0
2024,바사9250,in_age_013,8
2024,바사9250,in_age_014,5
2024,바사9250,in_age_016,5
2024,바사9250,in_age_031,0
2024,바사9250,in_age_032,0
2024,바사9250,in_age_037,5
2024,바사9250,in_age_038,0
2024,바사9250,in_age_040,0
2024,바사9250,in_age_041,5
2024,바사9250,in_age_042,0
2024,바사9250,in_age_043,8
2024,바사9250,in_age_044,0
2024,바사9250,in_age_046,0
2024,바사9250,in_age_066,0
2024,바사9250,in_age_071,5
2024,바사9250,in_age_073,5
2024,바사9250,in_age_074,5
2024,바사9250,in_age_076,0
2024,바사9250,to_in_001,23
2024,바사9250,to_in_007,18
2024,바사9250,to_in_008,8
2024,바사9251,in_age_001,5
2024,바사9251,in_age_006,5
2024,바사9251,in_age_007,5
2024,바사9251,in_age_011,0
2024,바사9251,in_age_012,5
2024,바사9251,in_age_013,5
2024,바사9251,in_age_014,5
2024,바사9251,in_age_015,5
2024,바사9251,in_age_016,0
2024,바사9251,in_age_017,0
2024,바사9251,in_age_031,0
2024,바사9251,in_age_036,5
2024,바사9251,in_age_037,5
2024,바사9251,in_age_041,0
2024,바사9251,in_age_042,5
2024,바사9251,in_age_043,5
2024,바사9251,in_age_045,5
2024,바사9251,in_age_047,0
2024,바사9251,in_age_061,5
2024,바사9251,in_age_066,0
2024,바사9251,in_age_067,0
2024,바사9251,in_age_072,0
2024,바사9251,in_age_073,0
2024,바사9251,in_age_074,5
2024,바사9251,in_age_075,0
2024,바사9251,in_age_076,0
2024,바사9251,to_in_001,23
2024,바사9251,to_in_007,13
2024,바사9251,to_in_008,8
2024,바사9252,in_age_004,0
2024,바사9252,in_age_005,5
2024,바사9252,in_age_006,5
2024,바사9252,in_age_007,0
2024,바사9252,in_age_008,5
2024,바사9252,in_age_009,5
2024,바사9252,in_age_010,5
2024,바사9252,in_age_011,8
2024,바사9252,in_age_012,5
2024,바사9252,in_age_013,0
2024,바사9252,in_age_014,0
2024,바사9252,in_age_034,0
2024,바사9252,in_age_035,5
2024,바사9252,in_age_036,5
2024,바사9252,in_age_037,0
2024,바사9252,in_age_038,5
2024,바사9252,in_age_039,5
2024,바사9252,in_age_040,5
2024,바사9252,in_age_041,5
2024,바사9252,in_age_042,5
2024,바사9252,in_age_043,0
2024,바사9252,in_age_071,5
2024,바사9252,in_age_072,0
2024,바사9252,in_age_074,0
2024,바사9252,to_in_001,23
2024,바사9252,to_in_007,23
2024,바사9252,to_in_008,5
2024,바사9347,in_age_012,5
2024,바사9347,in_age_013,0
2024,바사9347,in_age_015,0
2024,바사9347,in_age_042,0
2024,바사9347,in_age_045,0
2024,바사9347,in_age_072,0
2024,바사9347,in_age_073,0
2024,바사9347,to_in_001,5
2024,바사9347,to_in_007,5
2024,바사9347,to_in_008,5
2024,바사9348,in_age_010,0
2024,바사9348,in_age_012,5
2024,바사9348,in_age_042,5
2024,바사9348,in_age_070,0
2024,바사9348,in_age_072,0
2024,바사9348,to_in_001,5
2024,바사9348,to_in_007,5
2024,바사9348,to_in_008,5
2024,바사9350,in_age_002,0
2024,바사9350,in_age_005,0
2024,바사9350,in_age_006,5
2024,바사9350,in_age_009,5
2024,바사9350,in_age_010,0
2024,바사9350,in_age_011,5
2024,바사9350,in_age_012,8
2024,바사9350,in_age_013,5
2024,바사9350,in_age_014,8
2024,바사9350,in_age_015,8
2024,바사9350,in_age_016,5
2024,바사9350,in_age_018,0
2024,바사9350,in_age_032,0
2024,바사9350,in_age_035,0
2024,바사9350,in_age_039,5
2024,바사9350,in_age_040,0
2024,바사9350,in_age_042,8
2024,바사9350,in_age_043,0
2024,바사9350,in_age_044,5
2024,바사9350,in_age_045,5
2024,바사9350,in_age_046,5
2024,바사9350,in_age_066,5
2024,바사9350,in_age_071,5
2024,바사9350,in_age_072,0
2024,바사9350,in_age_073,5
2024,바사9350,in_age_074,8
2024,바사9350,in_age_075,5
2024,바사9350,in_age_078,0
2024,바사9350,to_in_001,28
2024,바사9350,to_in_007,18
2024,바사9350,to_in_008,13
2024,바사9351,in_age_005,0
2024,바사9351,in_age_007,0
2024,바사9351,in_age_011,0
2024,바사9351,in_age_012,8
2024,바사9351,in_age_013,5
2024,바사9351,in_age_014,8
2024,바사9351,in_age_015,5
2024,바사9351,in_age_020,0
2024,바사9351,in_age_037,0
2024,바사9351,in_age_042,5
2024,바사9351,in_age_043,5
2024,바사9351,in_age_044,5
2024,바사9351,in_age_045,5
2024,바사9351,in_age_065,0
2024,바사9351,in_age_071,0
2024,바사9351,in_age_072,5
2024,바사9351,in_age_073,5
2024,바사9351,in_age_074,5
2024,바사9351,in_age_080,0
2024,바사9351,to_in_001,23
2024,바사9351,to_in_007,8
2024,바사9351,to_in_008,13
2024,바사9352,in_age_001,0
2024,바사9352,in_age_002,8
2024,바사9352,in_age_003,8
2024,바사9352,in_age_004,5
2024,바사9352,in_age_005,8
2024,바사9352,in_age_006,18
2024,바사9352,in_age_007,8
2024,바사9352,in_age_008,8
2024,바사9352,in_age_009,18
2024,바사9352,in_age_010,24
2024,바사9352,in_age_011,28
2024,바사9352,in_age_012,23
2024,바사9352,in_age_013,40
2024,바사9352,in_age_014,28
2024,바사9352,in_age_015,23
2024,바사9352,in_age_016,18
2024,바사9352,in_age_017,18
2024,바사9352,in_age_018,13
2024,바사9352,in_age_032,0
2024,바사9352,in_age_033,5
2024,바사9352,in_age_034,5
2024,바사9352,in_age_035,8
2024,바사9352,in_age_036,8
2024,바사9352,in_age_037,8
2024,바사9352,in_age_038,8
2024,바사9352,in_age_039,8
2024,바사9352,in_age_040,19
2024,바사9352,in_age_041,13
2024,바사9352,in_age_042,13
2024,바사9352,in_age_043,19
2024,바사9352,in_age_044,18
2024,바사9352,in_age_045,8
2024,바사9352,in_age_046,8
2024,바사9352,in_age_047,5
2024,바사9352,in_age_048,5
2024,바사9352,in_age_061,0
2024,바사9352,in_age_062,8
2024,바사9352,in_age_063,5
2024,바사9352,in_age_064,0
2024,바사9352,in_age_065,5
2024,바사9352,in_age_066,8
2024,바사9352,in_age_067,0
2024,바사9352,in_age_068,5
2024,바사9352,in_age_069,8
2024,바사9352,in_age_070,8
2024,바사9352,in_age_071,13
2024,바사9352,in_age_072,13
2024,바사9352,in_age_073,24
2024,바사9352,in_age_074,8
2024,바사9352,in_age_075,13
2024,바사9352,in_age_076,8
2024,바사9352,in_age_077,13
2024,바사9352,in_age_078,8
2024,바사9352,to_in_001,291
2024,바사9352,to_in_007,155
2024,바사9352,to_in_008,139
2024,바사9446,in_age_001,5
2024,바사9446,in_age_002,5
2024,바사9446,in_age_004,5
2024,바사9446,in_age_007,8
2024,바사9446,in_age_008,8
2024,바사9446,in_age_009,8
2024,바사9446,in_age_010,8
2024,바사9446,in_age_011,5
2024,바사9446,in_age_012,5
2024,바사9446,in_age_013,14
2024,바사9446,in_age_014,8
2024,바사9446,in_age_015,13
2024,바사9446,in_age_016,8
2024,바사9446,in_age_017,5
2024,바사9446,in_age_018,0
2024,바사9446,in_age_031,0
2024,바사9446,in_age_032,0
2024,바사9446,in_age_034,5
2024,바사9446,in_age_037,5
2024,바사9446,in_age_038,5
2024,바사9446,in_age_039,5
2024,바사9446,in_age_040,5
2024,바사9446,in_age_041,0
2024,바사9446,in_age_042,5
2024,바사9446,in_age_043,11
2024,바사9446,in_age_044,8
2024,바사9446,in_age_045,8
2024,바사9446,in_age_046,5
2024,바사9446,in_age_047,5
2024,바사9446,in_age_048,0
2024,바사9446,in_age_061,5
2024,바사9446,in_age_062,0
2024,바사9446,in_age_067,5
2024,바사9446,in_age_068,5
2024,바사9446,in_age_069,5
2024,바사9446,in_age_070,5
2024,바사9446,in_age_071,5
2024,바사9446,in_age_073,5
2024,바사9446,in_age_074,5
2024,바사9446,in_age_075,8
2024,바사9446,in_age_076,5
2024,바사9446,in_age_077,0
2024,바사9446,to_in_001,94
2024,바사9446,to_in_007,54
2024,바사9446,to_in_008,38
2024,바사9447,in_age_008,5
2024,바사9447,in_age_009,5
2024,바사9447,in_age_011,0
2024,바사9447,in_age_012,5
2024,바사9447,in_age_013,0
2024,바사9447,in_age_014,0
2024,바사9447,in_age_018,0
2024,바사9447,in_age_038,5
2024,바사9447,in_age_039,0
2024,바사9447,in_age_041,0
2024,바사9447,in_age_042,0
2024,바사9447,in_age_043,0
2024,바사9447,in_age_069,0
2024,바사9447,in_age_072,0
2024,바사9447,in_age_074,0
2024,바사9447,in_age_078,0
2024,바사9447,to_in_001,8
2024,바사9447,to_in_007,5
2024,바사9447,to_in_008,5
2024,바사9448,in_age_012,5
2024,바사9448,in_age_013,5
2024,바사9448,in_age_014,5
2024,바사9448,in_age_015,5
2024,바사9448,in_age_018,0
2024,바사9448,in_age_042,5
2024,바사9448,in_age_043,0
2024,바사9448,in_age_045,5
2024,바사9448,in_age_048,0
2024,바사9448,in_age_073,0
2024,바사9448,in_age_074,5
2024,바사9448,in_age_075,0
2024,바사9448,to_in_001,8
2024,바사9448,to_in_007,8
2024,바사9448,to_in_008,5
2024,바사9450,in_age_007,5
2024,바사9450,in_age_008,0
2024,바사9450,in_age_011,5
2024,바사9450,in_age_012,5
2024,바사9450,in_age_013,0
2024,바사9450,in_age_014,5
2024,바사9450,in_age_015,5
2024,바사9450,in_age_016,5
2024,바사9450,in_age_017,5
2024,바사9450,in_age_018,5
2024,바사9450,in_age_037,0
2024,바사9450,in_age_038,0
2024,바사9450,in_age_042,5
2024,바사9450,in_age_044,5
2024,바사9450,in_age_045,0
2024,바사9450,in_age_047,5
2024,바사9450,in_age_067,0
2024,바사9450,in_age_071,5
2024,바사9450,in_age_072,5
2024,바사9450,in_age_073,0
2024,바사9450,in_age_075,5
2024,바사9450,in_age_076,5
2024,바사9450,in_age_077,5
2024,바사9450,in_age_078,5
2024,바사9450,to_in_001,23
2024,바사9450,to_in_007,8
2024,바사9450,to_in_008,13
2024,바사9452,in_age_002,5
2024,바사9452,in_age_003,8
2024,바사9452,in_age_005,5
2024,바사9452,in_age_006,8
2024,바사9452,in_age_007,0
2024,바사9452,in_age_008,5
2024,바사9452,in_age_009,5
2024,바사9452,in_age_010,5
2024,바사9452,in_age_011,8
2024,바사9452,in_age_012,8
2024,바사9452,in_age_013,5
2024,바사9452,in_age_014,8
2024,바사9452,in_age_015,8
2024,바사9452,in_age_016,8
2024,바사9452,in_age_017,0
2024,바사9452,in_age_018,0
2024,바사9452,in_age_033,5
2024,바사9452,in_age_035,0
2024,바사9452,in_age_036,8
2024,바사9452,in_age_037,0
2024,바사9452,in_age_038,5
2024,바사9452,in_age_039,5
2024,바사9452,in_age_040,5
2024,바사9452,in_age_041,5
2024,바사9452,in_age_042,5
2024,바사9452,in_age_043,5
2024,바사9452,in_age_044,5
2024,바사9452,in_age_045,8
2024,바사9452,in_age_047,0
2024,바사9452,in_age_062,5
2024,바사9452,in_age_063,5
2024,바사9452,in_age_065,5
2024,바사9452,in_age_068,0
2024,바사9452,in_age_069,5
2024,바사9452,in_age_070,0
2024,바사9452,in_age_071,5
2024,바사9452,in_age_072,5
2024,바사9452,in_age_073,5
2024,바사9452,in_age_074,8
2024,바사9452,in_age_075,5
2024,바사9452,in_age_076,8
2024,바사9452,in_age_078,0
2024,바사9452,to_in_001,63
2024,바사9452,to_in_007,33
2024,바사9452,to_in_008,28
2024,바사9453,in_age_011,0
2024,바사9453,in_age_012,5
2024,바사9453,in_age_013,0
2024,바사9453,in_age_041,0
2024,바사9453,in_age_043,0
2024,바사9453,in_age_072,5
2024,바사9453,to_in_001,5
2024,바사9453,to_in_007,5
2024,바사9453,to_in_008,5
2024,바사9545,in_age_001,0
2024,바사9545,in_age_006,5
2024,바사9545,in_age_007,0
2024,바사9545,in_age_008,5
2024,바사9545,in_age_010,5
2024,바사9545,in_age_011,5
2024,바사9545,in_age_012,5
2024,바사9545,in_age_013,5
2024,바사9545,in_age_014,5
2024,바사9545,in_age_015,5
2024,바사9545,in_age_016,5
2024,바사9545,in_age_036,0
2024,바사9545,in_age_037,0
2024,바사9545,in_age_038,5
2024,바사9545,in_age_040,5
2024,바사9545,in_age_041,0
2024,바사9545,in_age_042,5
2024,바사9545,in_age_043,5
2024,바사9545,in_age_044,5
2024,바사9545,in_age_045,5
2024,바사9545,in_age_046,5
2024,바사9545,in_age_061,0
2024,바사9545,in_age_066,0
2024,바사9545,in_age_068,0
2024,바사9545,in_age_071,5
2024,바사9545,in_age_072,0
2024,바사9545,in_age_073,0
2024,바사9545,in_age_074,0
2024,바사9545,to_in_001,28
2024,바사9545,to_in_007,18
2024,바사9545,to_in_008,8
2024,바사9546,in_age_001,8
2024,바사9546,in_age_002,8
2024,바사9546,in_age_003,13
2024,바사9546,in_age_004,13
2024,바사9546,in_age_005,13
2024,바사9546,in_age_006,23
2024,바사9546,in_age_007,18
2024,바사9546,in_age_008,28
2024,바사9546,in_age_009,23
2024,바사9546,in_age_010,28
2024,바사9546,in_age_011,44
2024,바사9546,in_age_012,68
2024,바사9546,in_age_013,42
2024,바사9546,in_age_014,58
2024,바사9546,in_age_015,33
2024,바사9546,in_age_016,33
2024,바사9546,in_age_017,23
2024,바사9546,in_age_018,18
2024,바사9546,in_age_019,8
2024,바사9546,in_age_031,8
2024,바사9546,in_age_032,8
2024,바사9546,in_age_033,8
2024,바사9546,in_age_034,8
2024,바사9546,in_age_035,8
2024,바사9546,in_age_036,18
2024,바사9546,in_age_037,8
2024,바사9546,in_age_038,18
2024,바사9546,in_age_039,13
2024,바사9546,in_age_040,18
2024,바사9546,in_age_041,24
2024,바사9546,in_age_042,48
2024,바사9546,in_age_043,20
2024,바사9546,in_age_044,33
2024,바사9546,in_age_045,18
2024,바사9546,in_age_046,8
2024,바사9546,in_age_047,13
2024,바사9546,in_age_048,5
2024,바사9546,in_age_061,0
2024,바사9546,in_age_062,8
2024,바사9546,in_age_063,8
2024,바사9546,in_age_064,5
2024,바사9546,in_age_065,8
2024,바사9546,in_age_066,8
2024,바사9546,in_age_067,8
2024,바사9546,in_age_068,8
2024,바사9546,in_age_069,13
2024,바사9546,in_age_070,8
2024,바사9546,in_age_071,18
2024,바사9546,in_age_072,18
2024,바사9546,in_age_073,20
2024,바사9546,in_age_074,23
2024,바사9546,in_age_075,18
2024,바사9546,in_age_076,23
2024,바사9546,in_age_077,13
2024,바사9546,in_age_078,13
2024,바사9546,in_age_079,8
2024,바사9546,to_in_001,498
2024,바사9546,to_in_007,281
2024,바사9546,to_in_008,215
2024,바사9547,in_age_011,0
2024,바사9547,in_age_012,0
2024,바사9547,in_age_013,0
2024,바사9547,in_age_014,5
2024,바사9547,in_age_015,5
2024,바사9547,in_age_016,0
2024,바사9547,in_age_017,0
2024,바사9547,in_age_042,0
2024,바사9547,in_age_043,0
2024,바사9547,in_age_044,0
2024,바사9547,in_age_045,5
2024,바사9547,in_age_046,0
2024,바사9547,in_age_071,0
2024,바사9547,in_age_074,5
2024,바사9547,in_age_075,0
2024,바사9547,in_age_077,0
2024,바사9547,to_in_001,13
2024,바사9547,to_in_007,8
2024,바사9547,to_in_008,5
2024,바사9548,in_age_013,5
2024,바사9548,in_age_014,0
2024,바사9548,in_age_015,0
2024,바사9548,in_age_016,0
2024,바사9548,in_age_018,5
2024,바사9548,in_age_043,0
2024,바사9548,in_age_044,0
2024,바사9548,in_age_046,0
2024,바사9548,in_age_073,5
2024,바사9548,in_age_075,0
2024,바사9548,in_age_078,5
2024,바사9548,to_in_001,8
2024,바사9548,to_in_007,5
2024,바사9548,to_in_008,8
2024,바사9552,in_age_001,0
2024,바사9552,in_age_002,5
2024,바사9552,in_age_005,0
2024,바사9552,in_age_006,5
2024,바사9552,in_age_007,5
2024,바사9552,in_age_008,5
2024,바사9552,in_age_011,5
2024,바사9552,in_age_012,5
2024,바사9552,in_age_013,5
2024,바사9552,in_age_014,8
2024,바사9552,in_age_015,8
2024,바사9552,in_age_016,5
2024,바사9552,in_age_018,5
2024,바사9552,in_age_032,5
2024,바사9552,in_age_035,0
2024,바사9552,in_age_036,5
2024,바사9552,in_age_037,5
2024,바사9552,in_age_038,0
2024,바사9552,in_age_041,0
2024,바사9552,in_age_042,0
2024,바사9552,in_age_043,5
2024,바사9552,in_age_044,8
2024,바사9552,in_age_045,5
2024,바사9552,in_age_046,0
2024,바사9552,in_age_061,0
2024,바사9552,in_age_067,0
2024,바사9552,in_age_068,0
2024,바사9552,in_age_071,0
2024,바사9552,in_age_072,0
2024,바사9552,in_age_074,5
2024,바사9552,in_age_075,5
2024,바사9552,in_age_076,0
2024,바사9552,in_age_078,5
2024,바사9552,to_in_001,28
2024,바사9552,to_in_007,18
2024,바사9552,to_in_008,13
2024,바사9553,in_age_001,5
2024,바사9553,in_age_002,5
2024,바사9553,in_age_003,5
2024,바사9553,in_age_005,5
2024,바사9553,in_age_006,5
2024,바사9553,in_age_007,0
2024,바사9553,in_age_008,5
2024,바사9553,in_age_009,5
2024,바사9553,in_age_010,8
2024,바사9553,in_age_011,8
2024,바사9553,in_age_012,5
2024,바사9553,in_age_013,8
2024,바사9553,in_age_014,8
2024,바사9553,in_age_015,5
2024,바사9553,in_age_016,8
2024,바사9553,in_age_017,0
2024,바사9553,in_age_018,0
2024,바사9553,in_age_019,0
2024,바사9553,in_age_031,5
2024,바사9553,in_age_032,0
2024,바사9553,in_age_035,5
2024,바사9553,in_age_036,5
2024,바사9553,in_age_037,0
2024,바사9553,in_age_038,5
2024,바사9553,in_age_039,5
2024,바사9553,in_age_040,5
2024,바사9553,in_age_041,8
2024,바사9553,in_age_042,0
2024,바사9553,in_age_043,8
2024,바사9553,in_age_044,8
2024,바사9553,in_age_045,5
2024,바사9553,in_age_046,5
2024,바사9553,in_age_047,0
2024,바사9553,in_age_061,0
2024,바사9553,in_age_062,5
2024,바사9553,in_age_063,5
2024,바사9553,in_age_066,5
2024,바사9553,in_age_068,5
2024,바사9553,in_age_070,5
2024,바사9553,in_age_072,5
2024,바사9553,in_age_073,5
2024,바사9553,in_age_074,5
2024,바사9553,in_age_075,5
2024,바사9553,in_age_076,0
2024,바사9553,in_age_078,0
2024,바사9553,in_age_079,0
2024,바사9553,to_in_001,63
2024,바사9553,to_in_007,38
2024,바사9553,to_in_008,23
2024,바사9645,in_age_003,0
2024,바사9645,in_age_004,5
2024,바사9645,in_age_005,0
2024,바사9645,in_age_006,8
2024,바사9645,in_age_007,5
2024,바사9645,in_age_008,5
2024,바사9645,in_age_009,8
2024,바사9645,in_age_010,8
2024,바사9645,in_age_011,13
2024,바사9645,in_age_012,14
2024,바사9645,in_age_013,23
2024,바사9645,in_age_014,13
2024,바사9645,in_age_015,13
2024,바사9645,in_age_016,13
2024,바사9645,in_age_017,8
2024,바사9645,in_age_018,5
2024,바사9645,in_age_019,5
2024,바사9645,in_age_033,0
2024,바사9645,in_age_034,5
2024,바사9645,in_age_035,0
2024,바사9645,in_age_036,8
2024,바사9645,in_age_037,5
2024,바사9645,in_age_038,0
2024,바사9645,in_age_039,8
2024,바사9645,in_age_040,5
2024,바사9645,in_age_041,8
2024,바사9645,in_age_042,11
2024,바사9645,in_age_043,13
2024,바사9645,in_age_044,8
2024,바사9645,in_age_045,5
2024,바사9645,in_age_046,5
2024,바사9645,in_age_047,5
2024,바사9645,in_age_048,5
2024,바사9645,in_age_064,0
2024,바사9645,in_age_066,5
2024,바사9645,in_age_067,5
2024,바사9645,in_age_068,0
2024,바사9645,in_age_069,0
2024,바사9645,in_age_070,5
2024,바사9645,in_age_071,8
2024,바사9645,in_age_072,5
2024,바사9645,in_age_073,13
2024,바사9645,in_age_074,8
2024,바사9645,in_age_075,8
2024,바사9645,in_age_076,8
2024,바사9645,in_age_077,8
2024,바사9645,in_age_078,5
2024,바사9645,in_age_079,5
2024,바사9645,to_in_001,139
2024,바사9645,to_in_007,79
2024,바사9645,to_in_008,63
2024,바사9646,in_age_005,0
2024,바사9646,in_age_007,5
2024,바사9646,in_age_011,5
2024,바사9646,in_age_012,5
2024,바사9646,in_age_013,5
2024,바사9646,in_age_014,5
2024,바사9646,in_age_015,5
2024,바사9646,in_age_017,0
2024,바사9646,in_age_018,0
2024,바사9646,in_age_035,0
2024,바사9646,in_age_037,5
2024,바사9646,in_age_041,5
2024,바사9646,in_age_042,0
2024,바사9646,in_age_043,5
2024,바사9646,in_age_044,0
2024,바사9646,in_age_045,5
2024,바사9646,in_age_048,0
2024,바사9646,in_age_071,5
2024,바사9646,in_age_072,5
2024,바사9646,in_age_073,0
2024,바사9646,in_age_074,5
2024,바사9646,in_age_075,0
2024,바사9646,in_age_077,0
2024,바사9646,to_in_001,18
2024,바사9646,to_in_007,8
2024,바사9646,to_in_008,8
2024,바사9647,in_age_002,0
2024,바사9647,in_age_003,0
2024,바사9647,in_age_008,0
2024,바사9647,in_age_009,5
2024,바사9647,in_age_011,0
2024,바사9647,in_age_012,5
2024,바사9647,in_age_013,8
2024,바사9647,in_age_014,8
2024,바사9647,in_age_015,0
2024,바사9647,in_age_018,0
2024,바사9647,in_age_019,0
2024,바사9647,in_age_032,0
2024,바사9647,in_age_033,0
2024,바사9647,in_age_038,0
2024,바사9647,in_age_039,0
2024,바사9647,in_age_042,0
2024,바사9647,in_age_043,5
2024,바사9647,in_age_044,5
2024,바사9647,in_age_045,0
2024,바사9647,in_age_049,0
2024,바사9647,in_age_069,5
2024,바사9647,in_age_071,0
2024,바사9647,in_age_072,5
2024,바사9647,in_age_073,5
2024,바사9647,in_age_074,5
2024,바사9647,in_age_078,0
2024,바사9647,to_in_001,23
2024,바사9647,to_in_007,13
2024,바사9647,to_in_008,8
2024,바사9653,in_age_001,0
2024,바사9653,in_age_002,5
2024,바사9653,in_age_003,0
2024,바사9653,in_age_004,5
2024,바사9653,in_age_006,5
2024,바사9653,in_age_007,5
2024,바사9653,in_age_008,5
2024,바사9653,in_age_009,8
2024,바사9653,in_age_010,5
2024,바사9653,in_age_011,8
2024,바사9653,in_age_012,5
2024,바사9653,in_age_013,13
2024,바사9653,in_age_014,5
2024,바사9653,in_age_015,8
2024,바사9653,in_age_016,5
2024,바사9653,in_age_017,0
2024,바사9653,in_age_019,0
2024,바사9653,in_age_031,0
2024,바사9653,in_age_032,5
2024,바사9653,in_age_033,0
2024,바사9653,in_age_034,5
2024,바사9653,in_age_036,5
2024,바사9653,in_age_037,5
2024,바사9653,in_age_038,5
2024,바사9653,in_age_039,8
2024,바사9653,in_age_040,5
2024,바사9653,in_age_041,5
2024,바사9653,in_age_042,5
2024,바사9653,in_age_043,8
2024,바사9653,in_age_044,5
2024,바사9653,in_age_045,5
2024,바사9653,in_age_046,5
2024,바사9653,in_age_047,0
2024,바사9653,in_age_062,0
2024,바사9653,in_age_067,0
2024,바사9653,in_age_068,0
2024,바사9653,in_age_069,5
2024,바사9653,in_age_071,8
2024,바사9653,in_age_072,5
2024,바사9653,in_age_073,5
2024,바사9653,in_age_074,5
2024,바사9653,in_age_075,5
2024,바사9653,in_age_076,5
2024,바사9653,in_age_079,0
2024,바사9653,to_in_001,68
2024,바사9653,to_in_007,43
2024,바사9653,to_in_008,28
2024,바사9745,in_age_009,5
2024,바사9745,in_age_012,5
2024,바사9745,in_age_013,5
2024,바사9745,in_age_014,0
2024,바사9745,in_age_015,0
2024,바사9745,in_age_016,0
2024,바사9745,in_age_039,5
2024,바사9745,in_age_042,0
2024,바사9745,in_age_043,5
2024,바사9745,in_age_044,0
2024,바사9745,in_age_046,0
2024,바사9745,in_age_072,0
2024,바사9745,in_age_073,0
2024,바사9745,in_age_075,0
2024,바사9745,to_in_001,8
2024,바사9745,to_in_007,8
2024,바사9745,to_in_008,5
2024,바사9746,in_age_009,5
2024,바사9746,in_age_011,5
2024,바사9746,in_age_012,5
2024,바사9746,in_age_013,8
2024,바사9746,in_age_014,5
2024,바사9746,in_age_015,0
2024,바사9746,in_age_017,0
2024,바사9746,in_age_039,5
2024,바사9746,in_age_042,0
2024,바사9746,in_age_043,8
2024,바사9746,in_age_044,5
2024,바사9746,in_age_045,0
2024,바사9746,in_age_071,5
2024,바사9746,in_age_072,5
2024,바사9746,in_age_073,0
2024,바사9746,in_age_074,5
2024,바사9746,in_age_077,0
2024,바사9746,to_in_001,18
2024,바사9746,to_in_007,13
2024,바사9746,to_in_008,8
2024,바사9751,in_age_008,0
2024,바사9751,in_age_012,5
2024,바사9751,in_age_014,0
2024,바사9751,in_age_015,0
2024,바사9751,in_age_038,0
2024,바사9751,in_age_042,5
2024,바사9751,in_age_045,0
2024,바사9751,in_age_072,5
2024,바사9751,in_age_074,0
2024,바사9751,to_in_001,8
2024,바사9751,to_in_007,5
2024,바사9751,to_in_008,5
2024,바사9752,in_age_002,0
2024,바사9752,in_age_003,5
2024,바사9752,in_age_004,0
2024,바사9752,in_age_005,0
2024,바사9752,in_age_006,0
2024,바사9752,in_age_007,5
2024,바사9752,in_age_008,0
2024,바사9752,in_age_009,5
2024,바사9752,in_age_010,5
2024,바사9752,in_age_011,0
2024,바사9752,in_age_012,5
2024,바사9752,in_age_013,8
2024,바사9752,in_age_014,8
2024,바사9752,in_age_015,5
2024,바사9752,in_age_016,5
2024,바사9752,in_age_017,5
2024,바사9752,in_age_018,5
2024,바사9752,in_age_033,0
2024,바사9752,in_age_034,0
2024,바사9752,in_age_035,0
2024,바사9752,in_age_038,0
2024,바사9752,in_age_039,0
2024,바사9752,in_age_040,5
2024,바사9752,in_age_041,0
2024,바사9752,in_age_042,5
2024,바사9752,in_age_043,5
2024,바사9752,in_age_044,5
2024,바사9752,in_age_045,0
2024,바사9752,in_age_047,5
2024,바사9752,in_age_062,0
2024,바사9752,in_age_063,0
2024,바사9752,in_age_066,0
2024,바사9752,in_age_067,5
2024,바사9752,in_age_069,0
2024,바사9752,in_age_070,0
2024,바사9752,in_age_073,5
2024,바사9752,in_age_074,5
2024,바사9752,in_age_075,5
2024,바사9752,in_age_076,5
2024,바사9752,in_age_078,5
2024,바사9752,to_in_001,38
2024,바사9752,to_in_007,18
2024,바사9752,to_in_008,18
2024,바사9753,in_age_002,5
2024,바사9753,in_age_003,0
2024,바사9753,in_age_007,0
2024,바사9753,in_age_008,5
2024,바사9753,in_age_009,5
2024,바사9753,in_age_011,8
2024,바사9753,in_age_012,5
2024,바사9753,in_age_014,0
2024,바사9753,in_age_018,5
2024,바사9753,in_age_032,5
2024,바사9753,in_age_033,0
2024,바사9753,in_age_037,0
2024,바사9753,in_age_038,5
2024,바사9753,in_age_039,0
2024,바사9753,in_age_041,5
2024,바사9753,in_age_042,5
2024,바사9753,in_age_044,0
2024,바사9753,in_age_069,5
2024,바사9753,in_age_071,8
2024,바사9753,in_age_078,5
2024,바사9753,to_in_001,13
2024,바사9753,to_in_007,13
2024,바사9753,to_in_008,8
2024,바사9754,in_age_002,0
2024,바사9754,in_age_004,5
2024,바사9754,in_age_005,5
2024,바사9754,in_age_006,5
2024,바사9754,in_age_007,5
2024,바사9754,in_age_008,0
2024,바사9754,in_age_009,5
2024,바사9754,in_age_010,5
2024,바사9754,in_age_011,5
2024,바사9754,in_age_012,8
2024,바사9754,in_age_013,8
2024,바사9754,in_age_014,8
2024,바사9754,in_age_015,5
2024,바사9754,in_age_016,8
2024,바사9754,in_age_017,0
2024,바사9754,in_age_019,0
2024,바사9754,in_age_034,5
2024,바사9754,in_age_036,5
2024,바사9754,in_age_037,5
2024,바사9754,in_age_038,0
2024,바사9754,in_age_039,5
2024,바사9754,in_age_040,5
2024,바사9754,in_age_041,0
2024,바사9754,in_age_042,5
2024,바사9754,in_age_043,5
2024,바사9754,in_age_044,8
2024,바사9754,in_age_045,5
2024,바사9754,in_age_046,0
2024,바사9754,in_age_049,0
2024,바사9754,in_age_062,0
2024,바사9754,in_age_065,5
2024,바사9754,in_age_066,5
2024,바사9754,in_age_067,5
2024,바사9754,in_age_070,0
2024,바사9754,in_age_071,5
2024,바사9754,in_age_072,5
2024,바사9754,in_age_073,5
2024,바사9754,in_age_074,5
2024,바사9754,in_age_075,5
2024,바사9754,in_age_076,8
2024,바사9754,in_age_077,0
2024,바사9754,to_in_001,58
2024,바사9754,to_in_007,33
2024,바사9754,to_in_008,28
2024,바사9845,in_age_002,0
2024,바사9845,in_age_003,5
2024,바사9845,in_age_004,8
2024,바사9845,in_age_005,8
2024,바사9845,in_age_006,8
2024,바사9845,in_age_007,8
2024,바사9845,in_age_008,8
2024,바사9845,in_age_009,8
2024,바사9845,in_age_010,8
2024,바사9845,in_age_011,28
2024,바사9845,in_age_012,25
2024,바사9845,in_age_013,13
2024,바사9845,in_age_014,18
2024,바사9845,in_age_015,5
2024,바사9845,in_age_016,8
2024,바사9845,in_age_017,5
2024,바사9845,in_age_018,5
2024,바사9845,in_age_019,0
2024,바사9845,in_age_033,0
2024,바사9845,in_age_034,5
2024,바사9845,in_age_035,5
2024,바사9845,in_age_036,8
2024,바사9845,in_age_037,5
2024,바사9845,in_age_038,5
2024,바사9845,in_age_039,8
2024,바사9845,in_age_040,5
2024,바사9845,in_age_041,18
2024,바사9845,in_age_042,20
2024,바사9845,in_age_043,13
2024,바사9845,in_age_044,13
2024,바사9845,in_age_045,5
2024,바사9845,in_age_046,5
2024,바사9845,in_age_047,5
2024,바사9845,in_age_048,5
2024,바사9845,in_age_062,0
2024,바사9845,in_age_063,5
2024,바사9845,in_age_064,5
2024,바사9845,in_age_065,5
2024,바사9845,in_age_066,0
2024,바사9845,in_age_067,5
2024,바사9845,in_age_068,0
2024,바사9845,in_age_069,8
2024,바사9845,in_age_070,5
2024,바사9845,in_age_071,8
2024,바사9845,in_age_072,8
2024,바사9845,in_age_073,8
2024,바사9845,in_age_074,8
2024,바사9845,in_age_075,5
2024,바사9845,in_age_076,8
2024,바사9845,in_age_079,0
2024,바사9845,to_in_001,155
2024,바사9845,to_in_007,100
2024,바사9845,to_in_008,53
2024,바사9846,in_age_001,5
2024,바사9846,in_age_002,5
2024,바사9846,in_age_003,8
2024,바사9846,in_age_005,0
2024,바사9846,in_age_006,8
2024,바사9846,in_age_007,5
2024,바사9846,in_age_008,5
2024,바사9846,in_age_009,8
2024,바사9846,in_age_010,5
2024,바사9846,in_age_011,8
2024,바사9846,in_age_012,8
2024,바사9846,in_age_013,8
2024,바사9846,in_age_014,13
2024,바사9846,in_age_015,13
2024,바사9846,in_age_016,8
2024,바사9846,in_age_017,5
2024,바사9846,in_age_018,0
2024,바사9846,in_age_019,5
2024,바사9846,in_age_031,0
2024,바사9846,in_age_032,5
2024,바사9846,in_age_033,8
2024,바사9846,in_age_035,0
2024,바사9846,in_age_036,5
2024,바사9846,in_age_037,5
2024,바사9846,in_age_038,5
2024,바사9846,in_age_039,5
2024,바사9846,in_age_040,5
2024,바사9846,in_age_041,5
2024,바사9846,in_age_042,8
2024,바사9846,in_age_043,8
2024,바사9846,in_age_044,8
2024,바사9846,in_age_045,5
2024,바사9846,in_age_046,8
2024,바사9846,in_age_047,5
2024,바사9846,in_age_048,0
2024,바사9846,in_age_049,5
2024,바사9846,in_age_061,0
2024,바사9846,in_age_066,5
2024,바사9846,in_age_067,5
2024,바사9846,in_age_068,0
2024,바사9846,in_age_069,5
2024,바사9846,in_age_071,8
2024,바사9846,in_age_072,5
2024,바사9846,in_age_073,5
2024,바사9846,in_age_074,8
2024,바사9846,in_age_075,8
2024,바사9846,in_age_076,8
2024,바사9846,to_in_001,98
2024,바사9846,to_in_007,58
2024,바사9846,to_in_008,38
2024,바사9847,in_age_001,0
2024,바사9847,in_age_008,5
2024,바사9847,in_age_010,0
2024,바사9847,in_age_012,8
2024,바사9847,in_age_013,5
2024,바사9847,in_age_014,0
2024,바사9847,in_age_015,0
2024,바사9847,in_age_017,0
2024,바사9847,in_age_038,0
2024,바사9847,in_age_040,0
2024,바사9847,in_age_042,5
2024,바사9847,in_age_043,5
2024,바사9847,in_age_044,0
2024,바사9847,in_age_045,0
2024,바사9847,in_age_061,0
2024,바사9847,in_age_068,0
2024,바사9847,in_age_072,5
2024,바사9847,in_age_073,0
2024,바사9847,in_age_077,0
2024,바사9847,to_in_001,13
2024,바사9847,to_in_007,8
2024,바사9847,to_in_008,5
2024,바사9848,in_age_004,0
2024,바사9848,in_age_005,5
2024,바사9848,in_age_009,0
2024,바사9848,in_age_011,0
2024,바사9848,in_age_012,5
2024,바사9848,in_age_013,5
2024,바사9848,in_age_014,0
2024,바사9848,in_age_035,0
2024,바사9848,in_age_039,0
2024,바사9848,in_age_043,5
2024,바사9848,in_age_064,0
2024,바사9848,in_age_065,0
2024,바사9848,in_age_071,0
2024,바사9848,in_age_072,5
2024,바사9848,in_age_074,0
2024,바사9848,to_in_001,13
2024,바사9848,to_in_007,8
2024,바사9848,to_in_008,8
2024,바사9851,in_age_013,5
2024,바사9851,in_age_018,0
2024,바사9851,in_age_073,5
2024,바사9851,in_age_078,0
2024,바사9851,to_in_001,5
2024,바사9851,to_in_007,0
2024,바사9851,to_in_008,5
2024,바사9852,in_age_007,0
2024,바사9852,in_age_008,0
2024,바사9852,in_age_012,0
2024,바사9852,in_age_013,5
2024,바사9852,in_age_014,0
2024,바사9852,in_age_015,5
2024,바사9852,in_age_037,0
2024,바사9852,in_age_038,0
2024,바사9852,in_age_043,5
2024,바사9852,in_age_045,5
2024,바사9852,in_age_072,0
2024,바사9852,in_age_073,5
2024,바사9852,in_age_074,0
2024,바사9852,in_age_075,5
2024,바사9852,to_in_001,13
2024,바사9852,to_in_007,8
2024,바사9852,to_in_008,8
2024,바사9853,in_age_009,5
2024,바사9853,in_age_011,5
2024,바사9853,in_age_013,5
2024,바사9853,in_age_014,5
2024,바사9853,in_age_015,0
2024,바사9853,in_age_016,0
2024,바사9853,in_age_039,5
2024,바사9853,in_age_041,0
2024,바사9853,in_age_043,0
2024,바사9853,in_age_044,5
2024,바사9853,in_age_046,0
2024,바사9853,in_age_071,5
2024,바사9853,in_age_073,0
2024,바사9853,in_age_074,5
2024,바사9853,in_age_075,0
2024,바사9853,to_in_001,13
2024,바사9853,to_in_007,8
2024,바사9853,to_in_008,8
2024,바사9854,in_age_001,5
2024,바사9854,in_age_002,8
2024,바사9854,in_age_003,5
2024,바사9854,in_age_004,5
2024,바사9854,in_age_005,8
2024,바사9854,in_age_006,18
2024,바사9854,in_age_007,13
2024,바사9854,in_age_008,23
2024,바사9854,in_age_009,23
2024,바사9854,in_age_010,23
2024,바사9854,in_age_011,40
2024,바사9854,in_age_012,43
2024,바사9854,in_age_013,60
2024,바사9854,in_age_014,38
2024,바사9854,in_age_015,33
2024,바사9854,in_age_016,23
2024,바사9854,in_age_017,23
2024,바사9854,in_age_018,18
2024,바사9854,in_age_019,5
2024,바사9854,in_age_020,5
2024,바사9854,in_age_031,0
2024,바사9854,in_age_032,8
2024,바사9854,in_age_033,5
2024,바사9854,in_age_034,5
2024,바사9854,in_age_035,8
2024,바사9854,in_age_036,13
2024,바사9854,in_age_037,8
2024,바사9854,in_age_038,13
2024,바사9854,in_age_039,18
2024,바사9854,in_age_040,18
2024,바사9854,in_age_041,20
2024,바사9854,in_age_042,28
2024,바사9854,in_age_043,28
2024,바사9854,in_age_044,18
2024,바사9854,in_age_045,18
2024,바사9854,in_age_046,8
2024,바사9854,in_age_047,8
2024,바사9854,in_age_048,8
2024,바사9854,in_age_061,5
2024,바사9854,in_age_062,5
2024,바사9854,in_age_063,5
2024,바사9854,in_age_064,0
2024,바사9854,in_age_065,5
2024,바사9854,in_age_066,5
2024,바사9854,in_age_067,5
2024,바사9854,in_age_068,8
2024,바사9854,in_age_069,5
2024,바사9854,in_age_070,5
2024,바사9854,in_age_071,18
2024,바사9854,in_age_072,18
2024,바사9854,in_age_073,30
2024,바사9854,in_age_074,18
2024,바사9854,in_age_075,18
2024,바사9854,in_age_076,13
2024,바사9854,in_age_077,13
2024,바사9854,in_age_078,13
2024,바사9854,in_age_079,5
2024,바사9854,in_age_080,5
2024,바사9854,to_in_001,412
2024,바사9854,to_in_007,230
2024,바사9854,to_in_008,180
2024,바사9946,in_age_001,5
2024,바사9946,in_age_002,5
2024,바사9946,in_age_003,0
2024,바사9946,in_age_004,0
2024,바사9946,in_age_005,5
2024,바사9946,in_age_006,5
2024,바사9946,in_age_007,8
2024,바사9946,in_age_008,5
2024,바사9946,in_age_009,8
2024,바사9946,in_age_010,8
2024,바사9946,in_age_011,8
2024,바사9946,in_age_012,8
2024,바사9946,in_age_013,8
2024,바사9946,in_age_014,8
2024,바사9946,in_age_015,5
2024,바사9946,in_age_016,5
2024,바사9946,in_age_017,0
2024,바사9946,in_age_031,5
2024,바사9946,in_age_032,0
2024,바사9946,in_age_035,5
2024,바사9946,in_age_036,5
2024,바사9946,in_age_037,5
2024,바사9946,in_age_038,5
2024,바사9946,in_age_039,8
2024,바사9946,in_age_040,8
2024,바사9946,in_age_041,8
2024,바사9946,in_age_042,5
2024,바사9946,in_age_043,8
2024,바사9946,in_age_044,5
2024,바사9946,in_age_045,0
2024,바사9946,in_age_046,0
2024,바사9946,in_age_062,5
2024,바사9946,in_age_063,0
2024,바사9946,in_age_064,0
2024,바사9946,in_age_067,5
2024,바사9946,in_age_068,5
2024,바사9946,in_age_069,5
2024,바사9946,in_age_070,5
2024,바사9946,in_age_071,8
2024,바사9946,in_age_072,5
2024,바사9946,in_age_073,5
2024,바사9946,in_age_074,5
2024,바사9946,in_age_075,5
2024,바사9946,in_age_076,0
2024,바사9946,in_age_077,0
2024,바사9946,to_in_001,78
2024,바사9946,to_in_007,48
2024,바사9946,to_in_008,33
2024,바사9947,in_age_001,5
2024,바사9947,in_age_002,5
2024,바사9947,in_age_003,5
2024,바사9947,in_age_004,5
2024,바사9947,in_age_005,5
2024,바사9947,in_age_006,8
2024,바사9947,in_age_007,8
2024,바사9947,in_age_008,5
2024,바사9947,in_age_009,8
2024,바사9947,in_age_010,8
2024,바사9947,in_age_011,8
2024,바사9947,in_age_012,13
2024,바사9947,in_age_013,13
2024,바사9947,in_age_014,13
2024,바사9947,in_age_015,5
2024,바사9947,in_age_016,5
2024,바사9947,in_age_017,5
2024,바사9947,in_age_018,0
2024,바사9947,in_age_019,0
2024,바사9947,in_age_031,5
2024,바사9947,in_age_032,5
2024,바사9947,in_age_033,5
2024,바사9947,in_age_035,0
2024,바사9947,in_age_036,5
2024,바사9947,in_age_037,5
2024,바사9947,in_age_038,5
2024,바사9947,in_age_039,8
2024,바사9947,in_age_040,8
2024,바사9947,in_age_041,8
2024,바사9947,in_age_042,8
2024,바사9947,in_age_043,5
2024,바사9947,in_age_044,8
2024,바사9947,in_age_045,5
2024,바사9947,in_age_046,0
2024,바사9947,in_age_047,0
2024,바사9947,in_age_061,5
2024,바사9947,in_age_062,5
2024,바사9947,in_age_064,5
2024,바사9947,in_age_065,0
2024,바사9947,in_age_066,0
2024,바사9947,in_age_067,5
2024,바사9947,in_age_068,0
2024,바사9947,in_age_069,5
2024,바사9947,in_age_070,5
2024,바사9947,in_age_071,5
2024,바사9947,in_age_072,8
2024,바사9947,in_age_073,8
2024,바사9947,in_age_074,8
2024,바사9947,in_age_075,0
2024,바사9947,in_age_076,0
2024,바사9947,in_age_077,0
2024,바사9947,in_age_078,0
2024,바사9947,in_age_079,0
2024,바사9947,to_in_001,108
2024,바사9947,to_in_007,68
2024,바사9947,to_in_008,43
2024,바사9948,in_age_004,0
2024,바사9948,in_age_005,5
2024,바사9948,in_age_008,5
2024,바사9948,in_age_009,0
2024,바사9948,in_age_010,0
2024,바사9948,in_age_012,5
2024,바사9948,in_age_013,5
2024,바사9948,in_age_014,5
2024,바사9948,in_age_015,5
2024,바사9948,in_age_017,5
2024,바사9948,in_age_019,0
2024,바사9948,in_age_038,5
2024,바사9948,in_age_039,0
2024,바사9948,in_age_042,5
2024,바사9948,in_age_043,5
2024,바사9948,in_age_044,0
2024,바사9948,in_age_047,5
2024,바사9948,in_age_064,0
2024,바사9948,in_age_065,5
2024,바사9948,in_age_070,0
2024,바사9948,in_age_074,5
2024,바사9948,in_age_075,5
2024,바사9948,in_age_079,0
2024,바사9948,to_in_001,18
2024,바사9948,to_in_007,8
2024,바사9948,to_in_008,8
2024,바사9949,in_age_006,0
2024,바사9949,in_age_011,5
2024,바사9949,in_age_012,0
2024,바사9949,in_age_014,5
2024,바사9949,in_age_016,0
2024,바사9949,in_age_017,5
2024,바사9949,in_age_036,0
2024,바사9949,in_age_041,5
2024,바사9949,in_age_042,0
2024,바사9949,in_age_044,0
2024,바사9949,in_age_047,5
2024,바사9949,in_age_071,0
2024,바사9949,in_age_074,5
2024,바사9949,in_age_076,0
2024,바사9949,to_in_001,8
2024,바사9949,to_in_007,8
2024,바사9949,to_in_008,5
2024,바사9953,in_age_005,0
2024,바사9953,in_age_007,8
2024,바사9953,in_age_010,5
2024,바사9953,in_age_011,5
2024,바사9953,in_age_012,0
2024,바사9953,in_age_014,8
2024,바사9953,in_age_017,0
2024,바사9953,in_age_037,8
2024,바사9953,in_age_040,5
2024,바사9953,in_age_041,5
2024,바사9953,in_age_044,5
2024,바사9953,in_age_047,0
2024,바사9953,in_age_065,0
2024,바사9953,in_age_071,0
2024,바사9953,in_age_072,0
2024,바사9953,in_age_074,5
2024,바사9953,to_in_001,13
2024,바사9953,to_in_007,8
2024,바사9953,to_in_008,5
2024,바사9954,in_age_002,5
2024,바사9954,in_age_003,5
2024,바사9954,in_age_006,0
2024,바사9954,in_age_007,5
2024,바사9954,in_age_009,8
2024,바사9954,in_age_010,5
2024,바사9954,in_age_011,8
2024,바사9954,in_age_012,5
2024,바사9954,in_age_013,8
2024,바사9954,in_age_014,0
2024,바사9954,in_age_015,5
2024,바사9954,in_age_016,5
2024,바사9954,in_age_017,5
2024,바사9954,in_age_033,0
2024,바사9954,in_age_037,0
2024,바사9954,in_age_039,5
2024,바사9954,in_age_040,5
2024,바사9954,in_age_041,5
2024,바사9954,in_age_042,5
2024,바사9954,in_age_043,5
2024,바사9954,in_age_046,0
2024,바사9954,in_age_047,0
2024,바사9954,in_age_062,5
2024,바사9954,in_age_063,5
2024,바사9954,in_age_066,0
2024,바사9954,in_age_067,0
2024,바사9954,in_age_069,8
2024,바사9954,in_age_071,0
2024,바사9954,in_age_072,0
2024,바사9954,in_age_073,5
2024,바사9954,in_age_074,0
2024,바사9954,in_age_075,5
2024,바사9954,in_age_076,0
2024,바사9954,in_age_077,5
2024,바사9954,to_in_001,38
2024,바사9954,to_in_007,23
2024,바사9954,to_in_008,18
