2024,나마6392,in_age_002,0
2024,나마6392,in_age_004,8
2024,나마6392,in_age_005,5
2024,나마6392,in_age_006,8
2024,나마6392,in_age_007,18
2024,나마6392,in_age_008,8
2024,나마6392,in_age_009,8
2024,나마6392,in_age_010,8
2024,나마6392,in_age_011,17
2024,나마6392,in_age_012,18
2024,나마6392,in_age_013,18
2024,나마6392,in_age_014,23
2024,나마6392,in_age_015,13
2024,나마6392,in_age_016,13
2024,나마6392,in_age_017,8
2024,나마6392,in_age_018,5
2024,나마6392,in_age_032,0
2024,나마6392,in_age_034,8
2024,나마6392,in_age_035,5
2024,나마6392,in_age_036,8
2024,나마6392,in_age_037,13
2024,나마6392,in_age_038,5
2024,나마6392,in_age_039,8
2024,나마6392,in_age_040,8
2024,나마6392,in_age_041,14
2024,나마6392,in_age_042,8
2024,나마6392,in_age_043,8
2024,나마6392,in_age_044,13
2024,나마6392,in_age_045,8
2024,나마6392,in_age_046,5
2024,나마6392,in_age_047,5
2024,나마6392,in_age_048,0
2024,나마6392,in_age_064,0
2024,나마6392,in_age_065,5
2024,나마6392,in_age_066,5
2024,나마6392,in_age_067,5
2024,나마6392,in_age_068,0
2024,나마6392,in_age_069,5
2024,나마6392,in_age_070,8
2024,나마6392,in_age_071,5
2024,나마6392,in_age_072,8
2024,나마6392,in_age_073,8
2024,나마6392,in_age_074,13
2024,나마6392,in_age_075,5
2024,나마6392,in_age_076,8
2024,나마6392,in_age_077,5
2024,나마6392,in_age_078,5
2024,나마6392,to_in_001,177
2024,나마6392,to_in_007,102
2024,나마6392,to_in_008,73
2024,나마6506,in_age_002,0
2024,나마6506,in_age_005,8
2024,나마6506,in_age_007,8
2024,나마6506,in_age_008,0
2024,나마6506,in_age_009,8
2024,나마6506,in_age_010,5
2024,나마6506,in_age_011,5
2024,나마6506,in_age_012,0
2024,나마6506,in_age_013,8
2024,나마6506,in_age_014,8
2024,나마6506,in_age_015,8
2024,나마6506,in_age_016,5
2024,나마6506,in_age_017,0
2024,나마6506,in_age_018,0
2024,나마6506,in_age_035,8
2024,나마6506,in_age_037,8
2024,나마6506,in_age_038,0
2024,나마6506,in_age_039,5
2024,나마6506,in_age_040,5
2024,나마6506,in_age_041,5
2024,나마6506,in_age_042,0
2024,나마6506,in_age_043,5
2024,나마6506,in_age_044,5
2024,나마6506,in_age_045,5
2024,나마6506,in_age_046,5
2024,나마6506,in_age_062,0
2024,나마6506,in_age_069,5
2024,나마6506,in_age_071,0
2024,나마6506,in_age_073,5
2024,나마6506,in_age_074,5
2024,나마6506,in_age_075,5
2024,나마6506,in_age_076,0
2024,나마6506,in_age_077,0
2024,나마6506,in_age_078,0
2024,나마6506,to_in_001,43
2024,나마6506,to_in_007,28
2024,나마6506,to_in_008,13
2024,나마6606,in_age_002,5
2024,나마6606,in_age_003,5
2024,나마6606,in_age_005,5
2024,나마6606,in_age_007,5
2024,나마6606,in_age_008,8
2024,나마6606,in_age_009,8
2024,나마6606,in_age_010,8
2024,나마6606,in_age_011,8
2024,나마6606,in_age_012,5
2024,나마6606,in_age_013,5
2024,나마6606,in_age_014,8
2024,나마6606,in_age_015,5
2024,나마6606,in_age_016,8
2024,나마6606,in_age_017,5
2024,나마6606,in_age_018,0
2024,나마6606,in_age_032,0
2024,나마6606,in_age_033,5
2024,나마6606,in_age_035,5
2024,나마6606,in_age_037,5
2024,나마6606,in_age_038,5
2024,나마6606,in_age_039,8
2024,나마6606,in_age_040,8
2024,나마6606,in_age_041,8
2024,나마6606,in_age_042,0
2024,나마6606,in_age_043,5
2024,나마6606,in_age_044,8
2024,나마6606,in_age_045,5
2024,나마6606,in_age_046,5
2024,나마6606,in_age_047,5
2024,나마6606,in_age_062,0
2024,나마6606,in_age_065,0
2024,나마6606,in_age_068,5
2024,나마6606,in_age_069,5
2024,나마6606,in_age_070,5
2024,나마6606,in_age_071,0
2024,나마6606,in_age_072,5
2024,나마6606,in_age_073,5
2024,나마6606,in_age_074,8
2024,나마6606,in_age_075,5
2024,나마6606,in_age_076,8
2024,나마6606,in_age_077,5
2024,나마6606,in_age_078,0
2024,나마6606,to_in_001,78
2024,나마6606,to_in_007,48
2024,나마6606,to_in_008,28
2024,나마6809,in_age_010,0
2024,나마6809,in_age_011,5
2024,나마6809,in_age_012,0
2024,나마6809,in_age_013,0
2024,나마6809,in_age_014,5
2024,나마6809,in_age_040,0
2024,나마6809,in_age_041,5
2024,나마6809,in_age_042,0
2024,나마6809,in_age_043,0
2024,나마6809,in_age_044,0
2024,나마6809,in_age_074,5
2024,나마6809,to_in_001,8
2024,나마6809,to_in_007,5
2024,나마6809,to_in_008,5
2024,나마7341,in_age_007,0
2024,나마7341,in_age_011,0
2024,나마7341,in_age_013,0
2024,나마7341,in_age_037,0
2024,나마7341,in_age_041,0
2024,나마7341,in_age_043,0
2024,나마7341,to_in_001,5
2024,나마7341,to_in_007,5
2024,나마7341,to_in_008,0
2024,나마7439,in_age_009,0
2024,나마7439,in_age_011,0
2024,나마7439,in_age_012,0
2024,나마7439,in_age_013,0
2024,나마7439,in_age_014,8
2024,나마7439,in_age_015,0
2024,나마7439,in_age_017,0
2024,나마7439,in_age_039,0
2024,나마7439,in_age_041,0
2024,나마7439,in_age_043,0
2024,나마7439,in_age_044,8
2024,나마7439,in_age_045,0
2024,나마7439,in_age_072,0
2024,나마7439,in_age_077,0
2024,나마7439,to_in_001,13
2024,나마7439,to_in_007,8
2024,나마7439,to_in_008,5
2024,나마7441,in_age_005,0
2024,나마7441,in_age_006,0
2024,나마7441,in_age_007,5
2024,나마7441,in_age_008,5
2024,나마7441,in_age_009,0
2024,나마7441,in_age_011,0
2024,나마7441,in_age_012,5
2024,나마7441,in_age_013,5
2024,나마7441,in_age_014,5
2024,나마7441,in_age_015,5
2024,나마7441,in_age_016,0
2024,나마7441,in_age_017,0
2024,나마7441,in_age_019,0
2024,나마7441,in_age_036,0
2024,나마7441,in_age_037,5
2024,나마7441,in_age_038,5
2024,나마7441,in_age_039,0
2024,나마7441,in_age_041,0
2024,나마7441,in_age_042,5
2024,나마7441,in_age_043,5
2024,나마7441,in_age_044,5
2024,나마7441,in_age_045,5
2024,나마7441,in_age_046,0
2024,나마7441,in_age_065,0
2024,나마7441,in_age_072,0
2024,나마7441,in_age_073,5
2024,나마7441,in_age_074,0
2024,나마7441,in_age_077,0
2024,나마7441,in_age_079,0
2024,나마7441,to_in_001,33
2024,나마7441,to_in_007,23
2024,나마7441,to_in_008,8
2024,나마8631,in_age_010,5
2024,나마8631,in_age_012,0
2024,나마8631,in_age_015,0
2024,나마8631,in_age_040,5
2024,나마8631,in_age_042,0
2024,나마8631,in_age_045,0
2024,나마8631,to_in_001,5
2024,나마8631,to_in_007,5
2024,나마8631,to_in_008,0
2024,나마8731,in_age_005,5
2024,나마8731,in_age_006,5
2024,나마8731,in_age_007,0
2024,나마8731,in_age_008,5
2024,나마8731,in_age_009,5
2024,나마8731,in_age_010,8
2024,나마8731,in_age_011,8
2024,나마8731,in_age_012,5
2024,나마8731,in_age_013,0
2024,나마8731,in_age_014,5
2024,나마8731,in_age_015,13
2024,나마8731,in_age_016,8
2024,나마8731,in_age_017,5
2024,나마8731,in_age_018,8
2024,나마8731,in_age_019,5
2024,나마8731,in_age_035,5
2024,나마8731,in_age_036,5
2024,나마8731,in_age_037,0
2024,나마8731,in_age_038,5
2024,나마8731,in_age_039,5
2024,나마8731,in_age_040,5
2024,나마8731,in_age_041,5
2024,나마8731,in_age_044,5
2024,나마8731,in_age_045,5
2024,나마8731,in_age_046,5
2024,나마8731,in_age_047,5
2024,나마8731,in_age_049,5
2024,나마8731,in_age_065,0
2024,나마8731,in_age_070,5
2024,나마8731,in_age_071,5
2024,나마8731,in_age_072,5
2024,나마8731,in_age_073,0
2024,나마8731,in_age_074,5
2024,나마8731,in_age_075,8
2024,나마8731,in_age_076,5
2024,나마8731,in_age_077,5
2024,나마8731,in_age_078,8
2024,나마8731,to_in_001,58
2024,나마8731,to_in_007,28
2024,나마8731,to_in_008,33
2024,나마8732,in_age_003,5
2024,나마8732,in_age_004,0
2024,나마8732,in_age_006,5
2024,나마8732,in_age_007,0
2024,나마8732,in_age_009,5
2024,나마8732,in_age_010,5
2024,나마8732,in_age_011,5
2024,나마8732,in_age_012,8
2024,나마8732,in_age_013,5
2024,나마8732,in_age_014,8
2024,나마8732,in_age_015,8
2024,나마8732,in_age_016,5
2024,나마8732,in_age_017,5
2024,나마8732,in_age_020,0
2024,나마8732,in_age_034,0
2024,나마8732,in_age_036,0
2024,나마8732,in_age_039,5
2024,나마8732,in_age_040,0
2024,나마8732,in_age_041,5
2024,나마8732,in_age_042,5
2024,나마8732,in_age_043,5
2024,나마8732,in_age_044,0
2024,나마8732,in_age_045,5
2024,나마8732,in_age_046,5
2024,나마8732,in_age_047,0
2024,나마8732,in_age_063,5
2024,나마8732,in_age_066,5
2024,나마8732,in_age_067,0
2024,나마8732,in_age_069,5
2024,나마8732,in_age_070,0
2024,나마8732,in_age_072,5
2024,나마8732,in_age_073,5
2024,나마8732,in_age_074,5
2024,나마8732,in_age_075,0
2024,나마8732,in_age_077,5
2024,나마8732,in_age_080,0
2024,나마8732,to_in_001,43
2024,나마8732,to_in_007,18
2024,나마8732,to_in_008,23
2024,나마8733,in_age_004,0
2024,나마8733,in_age_007,0
2024,나마8733,in_age_009,0
2024,나마8733,in_age_011,0
2024,나마8733,in_age_012,5
2024,나마8733,in_age_013,0
2024,나마8733,in_age_014,0
2024,나마8733,in_age_015,0
2024,나마8733,in_age_016,5
2024,나마8733,in_age_037,0
2024,나마8733,in_age_041,0
2024,나마8733,in_age_042,0
2024,나마8733,in_age_043,0
2024,나마8733,in_age_044,0
2024,나마8733,in_age_046,0
2024,나마8733,in_age_064,0
2024,나마8733,in_age_069,0
2024,나마8733,in_age_072,0
2024,나마8733,in_age_075,0
2024,나마8733,in_age_076,0
2024,나마8733,to_in_001,13
2024,나마8733,to_in_007,8
2024,나마8733,to_in_008,8
2024,나마8831,in_age_002,5
2024,나마8831,in_age_003,5
2024,나마8831,in_age_005,8
2024,나마8831,in_age_006,5
2024,나마8831,in_age_007,5
2024,나마8831,in_age_008,5
2024,나마8831,in_age_009,5
2024,나마8831,in_age_010,0
2024,나마8831,in_age_011,5
2024,나마8831,in_age_012,8
2024,나마8831,in_age_013,8
2024,나마8831,in_age_014,19
2024,나마8831,in_age_015,19
2024,나마8831,in_age_016,8
2024,나마8831,in_age_017,8
2024,나마8831,in_age_018,8
2024,나마8831,in_age_019,5
2024,나마8831,in_age_032,0
2024,나마8831,in_age_033,5
2024,나마8831,in_age_035,5
2024,나마8831,in_age_036,5
2024,나마8831,in_age_037,5
2024,나마8831,in_age_038,0
2024,나마8831,in_age_039,5
2024,나마8831,in_age_040,0
2024,나마8831,in_age_041,0
2024,나마8831,in_age_042,8
2024,나마8831,in_age_043,5
2024,나마8831,in_age_044,8
2024,나마8831,in_age_045,11
2024,나마8831,in_age_046,8
2024,나마8831,in_age_047,8
2024,나마8831,in_age_048,5
2024,나마8831,in_age_062,0
2024,나마8831,in_age_063,0
2024,나마8831,in_age_065,5
2024,나마8831,in_age_066,0
2024,나마8831,in_age_067,0
2024,나마8831,in_age_068,5
2024,나마8831,in_age_069,0
2024,나마8831,in_age_071,0
2024,나마8831,in_age_072,0
2024,나마8831,in_age_073,5
2024,나마8831,in_age_074,11
2024,나마8831,in_age_075,8
2024,나마8831,in_age_076,8
2024,나마8831,in_age_077,8
2024,나마8831,in_age_078,5
2024,나마8831,in_age_079,5
2024,나마8831,to_in_001,100
2024,나마8831,to_in_007,49
2024,나마8831,to_in_008,49
2024,나마8832,in_age_009,0
2024,나마8832,in_age_013,0
2024,나마8832,in_age_014,5
2024,나마8832,in_age_039,0
2024,나마8832,in_age_044,5
2024,나마8832,in_age_073,0
2024,나마8832,to_in_001,5
2024,나마8832,to_in_007,5
2024,나마8832,to_in_008,0
2024,나마8833,in_age_002,0
2024,나마8833,in_age_003,0
2024,나마8833,in_age_005,0
2024,나마8833,in_age_009,0
2024,나마8833,in_age_010,5
2024,나마8833,in_age_011,13
2024,나마8833,in_age_012,5
2024,나마8833,in_age_013,5
2024,나마8833,in_age_014,8
2024,나마8833,in_age_015,8
2024,나마8833,in_age_016,5
2024,나마8833,in_age_017,0
2024,나마8833,in_age_018,0
2024,나마8833,in_age_019,0
2024,나마8833,in_age_032,0
2024,나마8833,in_age_039,0
2024,나마8833,in_age_041,13
2024,나마8833,in_age_042,5
2024,나마8833,in_age_044,5
2024,나마8833,in_age_045,5
2024,나마8833,in_age_046,0
2024,나마8833,in_age_047,0
2024,나마8833,in_age_063,0
2024,나마8833,in_age_065,0
2024,나마8833,in_age_070,5
2024,나마8833,in_age_071,0
2024,나마8833,in_age_072,0
2024,나마8833,in_age_073,5
2024,나마8833,in_age_074,0
2024,나마8833,in_age_075,5
2024,나마8833,in_age_076,0
2024,나마8833,in_age_078,0
2024,나마8833,in_age_079,0
2024,나마8833,to_in_001,43
2024,나마8833,to_in_007,28
2024,나마8833,to_in_008,18
2024,나마8932,in_age_001,0
2024,나마8932,in_age_006,0
2024,나마8932,in_age_008,0
2024,나마8932,in_age_010,0
2024,나마8932,in_age_011,0
2024,나마8932,in_age_012,5
2024,나마8932,in_age_013,5
2024,나마8932,in_age_014,0
2024,나마8932,in_age_015,5
2024,나마8932,in_age_016,8
2024,나마8932,in_age_017,8
2024,나마8932,in_age_031,0
2024,나마8932,in_age_036,0
2024,나마8932,in_age_040,0
2024,나마8932,in_age_041,0
2024,나마8932,in_age_042,0
2024,나마8932,in_age_043,5
2024,나마8932,in_age_045,0
2024,나마8932,in_age_046,5
2024,나마8932,in_age_047,0
2024,나마8932,in_age_068,0
2024,나마8932,in_age_072,5
2024,나마8932,in_age_073,0
2024,나마8932,in_age_074,0
2024,나마8932,in_age_075,5
2024,나마8932,in_age_076,5
2024,나마8932,in_age_077,8
2024,나마8932,to_in_001,23
2024,나마8932,to_in_007,13
2024,나마8932,to_in_008,8
2024,나마8933,in_age_006,0
2024,나마8933,in_age_014,0
2024,나마8933,in_age_015,5
2024,나마8933,in_age_036,0
2024,나마8933,in_age_045,5
2024,나마8933,in_age_074,0
2024,나마8933,to_in_001,5
2024,나마8933,to_in_007,5
2024,나마8933,to_in_008,0
2024,나마8935,in_age_011,0
2024,나마8935,in_age_012,0
2024,나마8935,in_age_013,0
2024,나마8935,in_age_015,5
2024,나마8935,in_age_016,5
2024,나마8935,in_age_018,0
2024,나마8935,in_age_042,0
2024,나마8935,in_age_045,0
2024,나마8935,in_age_046,5
2024,나마8935,in_age_071,0
2024,나마8935,in_age_073,0
2024,나마8935,in_age_075,5
2024,나마8935,in_age_076,0
2024,나마8935,in_age_078,0
2024,나마8935,to_in_001,13
2024,나마8935,to_in_007,5
2024,나마8935,to_in_008,8
2024,나마8937,in_age_009,0
2024,나마8937,in_age_014,0
2024,나마8937,in_age_015,0
2024,나마8937,in_age_017,5
2024,나마8937,in_age_019,5
2024,나마8937,in_age_045,0
2024,나마8937,in_age_047,0
2024,나마8937,in_age_069,0
2024,나마8937,in_age_074,0
2024,나마8937,in_age_077,0
2024,나마8937,in_age_079,5
2024,나마8937,to_in_001,8
2024,나마8937,to_in_007,5
2024,나마8937,to_in_008,5
2024,나마9033,in_age_003,0
2024,나마9033,in_age_004,5
2024,나마9033,in_age_005,5
2024,나마9033,in_age_006,5
2024,나마9033,in_age_007,8
2024,나마9033,in_age_008,5
2024,나마9033,in_age_009,5
2024,나마9033,in_age_010,5
2024,나마9033,in_age_011,13
2024,나마9033,in_age_012,13
2024,나마9033,in_age_013,8
2024,나마9033,in_age_014,18
2024,나마9033,in_age_015,18
2024,나마9033,in_age_016,23
2024,나마9033,in_age_017,13
2024,나마9033,in_age_018,8
2024,나마9033,in_age_019,5
2024,나마9033,in_age_020,0
2024,나마9033,in_age_033,0
2024,나마9033,in_age_034,0
2024,나마9033,in_age_035,0
2024,나마9033,in_age_036,5
2024,나마9033,in_age_037,5
2024,나마9033,in_age_038,0
2024,나마9033,in_age_039,5
2024,나마9033,in_age_040,5
2024,나마9033,in_age_041,8
2024,나마9033,in_age_042,8
2024,나마9033,in_age_043,5
2024,나마9033,in_age_044,8
2024,나마9033,in_age_045,8
2024,나마9033,in_age_046,13
2024,나마9033,in_age_047,5
2024,나마9033,in_age_048,8
2024,나마9033,in_age_064,5
2024,나마9033,in_age_065,5
2024,나마9033,in_age_066,0
2024,나마9033,in_age_067,5
2024,나마9033,in_age_068,5
2024,나마9033,in_age_070,5
2024,나마9033,in_age_071,8
2024,나마9033,in_age_072,5
2024,나마9033,in_age_073,5
2024,나마9033,in_age_074,13
2024,나마9033,in_age_075,13
2024,나마9033,in_age_076,8
2024,나마9033,in_age_077,8
2024,나마9033,in_age_078,5
2024,나마9033,in_age_079,5
2024,나마9033,in_age_080,0
2024,나마9033,to_in_001,138
2024,나마9033,to_in_007,68
2024,나마9033,to_in_008,68
2024,나마9034,in_age_001,5
2024,나마9034,in_age_002,8
2024,나마9034,in_age_003,8
2024,나마9034,in_age_004,5
2024,나마9034,in_age_005,8
2024,나마9034,in_age_006,8
2024,나마9034,in_age_007,8
2024,나마9034,in_age_008,8
2024,나마9034,in_age_009,8
2024,나마9034,in_age_010,13
2024,나마9034,in_age_011,23
2024,나마9034,in_age_012,18
2024,나마9034,in_age_013,8
2024,나마9034,in_age_014,13
2024,나마9034,in_age_015,23
2024,나마9034,in_age_016,18
2024,나마9034,in_age_017,13
2024,나마9034,in_age_018,13
2024,나마9034,in_age_019,5
2024,나마9034,in_age_020,0
2024,나마9034,in_age_031,0
2024,나마9034,in_age_032,5
2024,나마9034,in_age_033,5
2024,나마9034,in_age_034,5
2024,나마9034,in_age_035,8
2024,나마9034,in_age_036,8
2024,나마9034,in_age_037,5
2024,나마9034,in_age_038,5
2024,나마9034,in_age_039,8
2024,나마9034,in_age_040,8
2024,나마9034,in_age_041,13
2024,나마9034,in_age_042,13
2024,나마9034,in_age_043,5
2024,나마9034,in_age_044,8
2024,나마9034,in_age_045,13
2024,나마9034,in_age_046,8
2024,나마9034,in_age_047,8
2024,나마9034,in_age_048,8
2024,나마9034,in_age_061,5
2024,나마9034,in_age_062,5
2024,나마9034,in_age_063,5
2024,나마9034,in_age_064,0
2024,나마9034,in_age_065,5
2024,나마9034,in_age_066,5
2024,나마9034,in_age_067,0
2024,나마9034,in_age_068,5
2024,나마9034,in_age_069,5
2024,나마9034,in_age_070,8
2024,나마9034,in_age_071,8
2024,나마9034,in_age_072,5
2024,나마9034,in_age_073,5
2024,나마9034,in_age_074,5
2024,나마9034,in_age_075,13
2024,나마9034,in_age_076,8
2024,나마9034,in_age_077,8
2024,나마9034,in_age_078,8
2024,나마9034,in_age_079,5
2024,나마9034,in_age_080,0
2024,나마9034,to_in_001,198
2024,나마9034,to_in_007,108
2024,나마9034,to_in_008,88
2024,나마9035,in_age_001,0
2024,나마9035,in_age_002,0
2024,나마9035,in_age_006,8
2024,나마9035,in_age_007,0
2024,나마9035,in_age_008,5
2024,나마9035,in_age_009,5
2024,나마9035,in_age_010,8
2024,나마9035,in_age_011,8
2024,나마9035,in_age_012,13
2024,나마9035,in_age_013,18
2024,나마9035,in_age_014,13
2024,나마9035,in_age_015,18
2024,나마9035,in_age_016,8
2024,나마9035,in_age_017,18
2024,나마9035,in_age_018,8
2024,나마9035,in_age_019,8
2024,나마9035,in_age_031,0
2024,나마9035,in_age_036,8
2024,나마9035,in_age_037,0
2024,나마9035,in_age_038,5
2024,나마9035,in_age_039,5
2024,나마9035,in_age_040,8
2024,나마9035,in_age_041,8
2024,나마9035,in_age_042,5
2024,나마9035,in_age_043,8
2024,나마9035,in_age_044,8
2024,나마9035,in_age_045,8
2024,나마9035,in_age_046,5
2024,나마9035,in_age_047,8
2024,나마9035,in_age_048,5
2024,나마9035,in_age_049,8
2024,나마9035,in_age_062,0
2024,나마9035,in_age_070,5
2024,나마9035,in_age_071,0
2024,나마9035,in_age_072,8
2024,나마9035,in_age_073,8
2024,나마9035,in_age_074,8
2024,나마9035,in_age_075,8
2024,나마9035,in_age_076,8
2024,나마9035,in_age_077,8
2024,나마9035,in_age_078,5
2024,나마9035,in_age_079,5
2024,나마9035,to_in_001,123
2024,나마9035,to_in_007,68
2024,나마9035,to_in_008,53
2024,나마9036,in_age_011,0
2024,나마9036,in_age_012,0
2024,나마9036,in_age_013,5
2024,나마9036,in_age_014,0
2024,나마9036,in_age_043,5
2024,나마9036,in_age_044,0
2024,나마9036,in_age_071,0
2024,나마9036,in_age_072,0
2024,나마9036,to_in_001,5
2024,나마9036,to_in_007,5
2024,나마9036,to_in_008,5
2024,나마9037,in_age_005,5
2024,나마9037,in_age_006,5
2024,나마9037,in_age_007,16
2024,나마9037,in_age_008,14
2024,나마9037,in_age_009,8
2024,나마9037,in_age_011,8
2024,나마9037,in_age_012,5
2024,나마9037,in_age_013,8
2024,나마9037,in_age_014,8
2024,나마9037,in_age_015,8
2024,나마9037,in_age_016,8
2024,나마9037,in_age_017,0
2024,나마9037,in_age_018,5
2024,나마9037,in_age_035,5
2024,나마9037,in_age_036,5
2024,나마9037,in_age_037,16
2024,나마9037,in_age_038,14
2024,나마9037,in_age_039,5
2024,나마9037,in_age_041,5
2024,나마9037,in_age_042,5
2024,나마9037,in_age_043,5
2024,나마9037,in_age_044,8
2024,나마9037,in_age_045,5
2024,나마9037,in_age_046,5
2024,나마9037,in_age_066,0
2024,나마9037,in_age_067,0
2024,나마9037,in_age_069,5
2024,나마9037,in_age_071,5
2024,나마9037,in_age_072,0
2024,나마9037,in_age_073,5
2024,나마9037,in_age_074,5
2024,나마9037,in_age_075,8
2024,나마9037,in_age_076,5
2024,나마9037,in_age_077,0
2024,나마9037,in_age_078,5
2024,나마9037,to_in_001,82
2024,나마9037,to_in_007,57
2024,나마9037,to_in_008,23
2024,나마9135,in_age_005,5
2024,나마9135,in_age_009,5
2024,나마9135,in_age_010,5
2024,나마9135,in_age_011,5
2024,나마9135,in_age_012,5
2024,나마9135,in_age_013,5
2024,나마9135,in_age_014,5
2024,나마9135,in_age_017,0
2024,나마9135,in_age_018,0
2024,나마9135,in_age_035,0
2024,나마9135,in_age_039,5
2024,나마9135,in_age_040,5
2024,나마9135,in_age_041,5
2024,나마9135,in_age_043,5
2024,나마9135,in_age_044,5
2024,나마9135,in_age_065,0
2024,나마9135,in_age_072,5
2024,나마9135,in_age_077,0
2024,나마9135,in_age_078,0
2024,나마9135,to_in_001,18
2024,나마9135,to_in_007,13
2024,나마9135,to_in_008,8
2024,나마9136,in_age_002,0
2024,나마9136,in_age_003,5
2024,나마9136,in_age_004,5
2024,나마9136,in_age_006,5
2024,나마9136,in_age_007,5
2024,나마9136,in_age_008,5
2024,나마9136,in_age_009,8
2024,나마9136,in_age_010,5
2024,나마9136,in_age_011,13
2024,나마9136,in_age_012,14
2024,나마9136,in_age_013,13
2024,나마9136,in_age_014,8
2024,나마9136,in_age_015,11
2024,나마9136,in_age_016,0
2024,나마9136,in_age_017,8
2024,나마9136,in_age_018,5
2024,나마9136,in_age_019,5
2024,나마9136,in_age_032,0
2024,나마9136,in_age_033,5
2024,나마9136,in_age_034,5
2024,나마9136,in_age_036,5
2024,나마9136,in_age_037,5
2024,나마9136,in_age_038,5
2024,나마9136,in_age_039,5
2024,나마9136,in_age_040,5
2024,나마9136,in_age_041,8
2024,나마9136,in_age_042,11
2024,나마9136,in_age_043,8
2024,나마9136,in_age_044,8
2024,나마9136,in_age_045,6
2024,나마9136,in_age_046,0
2024,나마9136,in_age_047,0
2024,나마9136,in_age_048,0
2024,나마9136,in_age_066,5
2024,나마9136,in_age_068,0
2024,나마9136,in_age_069,5
2024,나마9136,in_age_070,0
2024,나마9136,in_age_071,5
2024,나마9136,in_age_072,5
2024,나마9136,in_age_073,5
2024,나마9136,in_age_074,5
2024,나마9136,in_age_075,0
2024,나마9136,in_age_077,5
2024,나마9136,in_age_078,0
2024,나마9136,in_age_079,5
2024,나마9136,to_in_001,90
2024,나마9136,to_in_007,60
2024,나마9136,to_in_008,28
2024,나마9362,in_age_005,5
2024,나마9362,in_age_006,5
2024,나마9362,in_age_007,5
2024,나마9362,in_age_008,5
2024,나마9362,in_age_009,5
2024,나마9362,in_age_010,0
2024,나마9362,in_age_011,5
2024,나마9362,in_age_012,8
2024,나마9362,in_age_013,13
2024,나마9362,in_age_014,8
2024,나마9362,in_age_015,5
2024,나마9362,in_age_016,8
2024,나마9362,in_age_017,0
2024,나마9362,in_age_035,5
2024,나마9362,in_age_037,5
2024,나마9362,in_age_038,5
2024,나마9362,in_age_039,5
2024,나마9362,in_age_040,0
2024,나마9362,in_age_041,0
2024,나마9362,in_age_042,5
2024,나마9362,in_age_043,5
2024,나마9362,in_age_044,8
2024,나마9362,in_age_045,0
2024,나마9362,in_age_046,5
2024,나마9362,in_age_066,5
2024,나마9362,in_age_071,0
2024,나마9362,in_age_072,5
2024,나마9362,in_age_073,8
2024,나마9362,in_age_074,5
2024,나마9362,in_age_075,5
2024,나마9362,in_age_076,5
2024,나마9362,in_age_077,0
2024,나마9362,to_in_001,53
2024,나마9362,to_in_007,33
2024,나마9362,to_in_008,18
2024,나마9562,in_age_001,0
2024,나마9562,in_age_005,5
2024,나마9562,in_age_006,5
2024,나마9562,in_age_007,5
2024,나마9562,in_age_008,5
2024,나마9562,in_age_009,5
2024,나마9562,in_age_010,5
2024,나마9562,in_age_011,0
2024,나마9562,in_age_012,5
2024,나마9562,in_age_013,5
2024,나마9562,in_age_015,0
2024,나마9562,in_age_031,0
2024,나마9562,in_age_035,5
2024,나마9562,in_age_036,0
2024,나마9562,in_age_037,5
2024,나마9562,in_age_038,5
2024,나마9562,in_age_039,5
2024,나마9562,in_age_040,5
2024,나마9562,in_age_042,0
2024,나마9562,in_age_043,0
2024,나마9562,in_age_045,0
2024,나마9562,in_age_065,0
2024,나마9562,in_age_066,0
2024,나마9562,in_age_068,0
2024,나마9562,in_age_071,0
2024,나마9562,in_age_072,0
2024,나마9562,in_age_073,0
2024,나마9562,to_in_001,23
2024,나마9562,to_in_007,18
2024,나마9562,to_in_008,8
2024,나마9662,in_age_006,5
2024,나마9662,in_age_007,5
2024,나마9662,in_age_008,5
2024,나마9662,in_age_009,0
2024,나마9662,in_age_010,5
2024,나마9662,in_age_011,5
2024,나마9662,in_age_012,8
2024,나마9662,in_age_013,8
2024,나마9662,in_age_014,5
2024,나마9662,in_age_015,5
2024,나마9662,in_age_017,0
2024,나마9662,in_age_036,5
2024,나마9662,in_age_037,5
2024,나마9662,in_age_038,5
2024,나마9662,in_age_039,0
2024,나마9662,in_age_040,5
2024,나마9662,in_age_042,5
2024,나마9662,in_age_043,5
2024,나마9662,in_age_044,5
2024,나마9662,in_age_045,5
2024,나마9662,in_age_067,0
2024,나마9662,in_age_070,0
2024,나마9662,in_age_071,5
2024,나마9662,in_age_072,5
2024,나마9662,in_age_073,5
2024,나마9662,in_age_074,0
2024,나마9662,in_age_075,0
2024,나마9662,in_age_077,0
2024,나마9662,to_in_001,38
2024,나마9662,to_in_007,28
2024,나마9662,to_in_008,13
2024,나마9701,in_age_007,5
2024,나마9701,in_age_037,5
2024,나마9701,to_in_001,5
2024,나마9701,to_in_007,5
2024,나마9701,to_in_008,0
2024,나마9702,in_age_005,0
2024,나마9702,in_age_006,5
2024,나마9702,in_age_009,0
2024,나마9702,in_age_010,5
2024,나마9702,in_age_011,5
2024,나마9702,in_age_012,5
2024,나마9702,in_age_013,5
2024,나마9702,in_age_014,8
2024,나마9702,in_age_018,0
2024,나마9702,in_age_035,0
2024,나마9702,in_age_036,5
2024,나마9702,in_age_041,5
2024,나마9702,in_age_042,5
2024,나마9702,in_age_043,5
2024,나마9702,in_age_044,5
2024,나마9702,in_age_069,0
2024,나마9702,in_age_070,5
2024,나마9702,in_age_071,5
2024,나마9702,in_age_072,0
2024,나마9702,in_age_073,0
2024,나마9702,in_age_074,5
2024,나마9702,in_age_078,0
2024,나마9702,to_in_001,23
2024,나마9702,to_in_007,13
2024,나마9702,to_in_008,8
2024,나마9758,in_age_002,0
2024,나마9758,in_age_003,0
2024,나마9758,in_age_004,5
2024,나마9758,in_age_005,5
2024,나마9758,in_age_006,5
2024,나마9758,in_age_007,5
2024,나마9758,in_age_008,5
2024,나마9758,in_age_009,0
2024,나마9758,in_age_010,8
2024,나마9758,in_age_011,5
2024,나마9758,in_age_012,8
2024,나마9758,in_age_013,8
2024,나마9758,in_age_014,8
2024,나마9758,in_age_015,5
2024,나마9758,in_age_016,5
2024,나마9758,in_age_017,5
2024,나마9758,in_age_018,5
2024,나마9758,in_age_019,0
2024,나마9758,in_age_032,0
2024,나마9758,in_age_035,5
2024,나마9758,in_age_036,5
2024,나마9758,in_age_037,5
2024,나마9758,in_age_038,5
2024,나마9758,in_age_039,0
2024,나마9758,in_age_040,5
2024,나마9758,in_age_041,5
2024,나마9758,in_age_042,5
2024,나마9758,in_age_043,5
2024,나마9758,in_age_044,5
2024,나마9758,in_age_045,5
2024,나마9758,in_age_046,0
2024,나마9758,in_age_047,5
2024,나마9758,in_age_063,0
2024,나마9758,in_age_064,5
2024,나마9758,in_age_068,0
2024,나마9758,in_age_070,5
2024,나마9758,in_age_071,5
2024,나마9758,in_age_072,5
2024,나마9758,in_age_073,8
2024,나마9758,in_age_074,5
2024,나마9758,in_age_075,0
2024,나마9758,in_age_076,5
2024,나마9758,in_age_077,0
2024,나마9758,in_age_078,5
2024,나마9758,in_age_079,0
2024,나마9758,to_in_001,73
2024,나마9758,to_in_007,43
2024,나마9758,to_in_008,28
2024,나마9761,in_age_009,0
2024,나마9761,in_age_014,0
2024,나마9761,in_age_039,0
2024,나마9761,in_age_044,0
2024,나마9761,to_in_001,5
2024,나마9761,to_in_007,5
2024,나마9761,to_in_008,0
2024,나마9762,in_age_009,5
2024,나마9762,in_age_012,0
2024,나마9762,in_age_013,0
2024,나마9762,in_age_014,0
2024,나마9762,in_age_015,5
2024,나마9762,in_age_016,5
2024,나마9762,in_age_017,0
2024,나마9762,in_age_039,5
2024,나마9762,in_age_043,0
2024,나마9762,in_age_044,0
2024,나마9762,in_age_045,5
2024,나마9762,in_age_046,0
2024,나마9762,in_age_047,0
2024,나마9762,in_age_072,0
2024,나마9762,in_age_076,0
2024,나마9762,to_in_001,8
2024,나마9762,to_in_007,8
2024,나마9762,to_in_008,5
2024,나마9800,in_age_002,0
2024,나마9800,in_age_003,0
2024,나마9800,in_age_005,0
2024,나마9800,in_age_006,0
2024,나마9800,in_age_008,5
2024,나마9800,in_age_009,0
2024,나마9800,in_age_010,5
2024,나마9800,in_age_011,5
2024,나마9800,in_age_012,5
2024,나마9800,in_age_013,8
2024,나마9800,in_age_014,5
2024,나마9800,in_age_015,5
2024,나마9800,in_age_016,8
2024,나마9800,in_age_017,0
2024,나마9800,in_age_019,0
2024,나마9800,in_age_035,0
2024,나마9800,in_age_036,0
2024,나마9800,in_age_039,0
2024,나마9800,in_age_040,5
2024,나마9800,in_age_043,5
2024,나마9800,in_age_044,5
2024,나마9800,in_age_045,5
2024,나마9800,in_age_047,0
2024,나마9800,in_age_062,0
2024,나마9800,in_age_063,0
2024,나마9800,in_age_068,5
2024,나마9800,in_age_071,5
2024,나마9800,in_age_072,5
2024,나마9800,in_age_073,5
2024,나마9800,in_age_074,5
2024,나마9800,in_age_075,5
2024,나마9800,in_age_076,8
2024,나마9800,in_age_079,0
2024,나마9800,to_in_001,33
2024,나마9800,to_in_007,13
2024,나마9800,to_in_008,18
2024,나마9801,in_age_006,0
2024,나마9801,in_age_009,5
2024,나마9801,in_age_010,0
2024,나마9801,in_age_011,5
2024,나마9801,in_age_012,5
2024,나마9801,in_age_013,5
2024,나마9801,in_age_014,5
2024,나마9801,in_age_015,8
2024,나마9801,in_age_016,8
2024,나마9801,in_age_017,5
2024,나마9801,in_age_018,5
2024,나마9801,in_age_036,0
2024,나마9801,in_age_039,5
2024,나마9801,in_age_040,0
2024,나마9801,in_age_041,5
2024,나마9801,in_age_042,5
2024,나마9801,in_age_043,0
2024,나마9801,in_age_044,0
2024,나마9801,in_age_045,5
2024,나마9801,in_age_046,5
2024,나마9801,in_age_071,0
2024,나마9801,in_age_072,5
2024,나마9801,in_age_073,0
2024,나마9801,in_age_074,5
2024,나마9801,in_age_075,5
2024,나마9801,in_age_076,5
2024,나마9801,in_age_077,5
2024,나마9801,in_age_078,5
2024,나마9801,to_in_001,38
2024,나마9801,to_in_007,18
2024,나마9801,to_in_008,18
2024,나마9802,in_age_004,5
2024,나마9802,in_age_006,5
2024,나마9802,in_age_007,5
2024,나마9802,in_age_008,8
2024,나마9802,in_age_009,0
2024,나마9802,in_age_010,5
2024,나마9802,in_age_011,5
2024,나마9802,in_age_012,5
2024,나마9802,in_age_013,8
2024,나마9802,in_age_014,8
2024,나마9802,in_age_015,5
2024,나마9802,in_age_016,5
2024,나마9802,in_age_017,8
2024,나마9802,in_age_018,5
2024,나마9802,in_age_019,5
2024,나마9802,in_age_034,5
2024,나마9802,in_age_036,5
2024,나마9802,in_age_038,5
2024,나마9802,in_age_039,0
2024,나마9802,in_age_040,5
2024,나마9802,in_age_041,5
2024,나마9802,in_age_042,5
2024,나마9802,in_age_043,5
2024,나마9802,in_age_044,5
2024,나마9802,in_age_045,5
2024,나마9802,in_age_046,0
2024,나마9802,in_age_047,5
2024,나마9802,in_age_048,5
2024,나마9802,in_age_067,5
2024,나마9802,in_age_068,5
2024,나마9802,in_age_073,5
2024,나마9802,in_age_074,5
2024,나마9802,in_age_075,5
2024,나마9802,in_age_076,5
2024,나마9802,in_age_077,5
2024,나마9802,in_age_079,5
2024,나마9802,to_in_001,38
2024,나마9802,to_in_007,23
2024,나마9802,to_in_008,18
2024,나마9803,in_age_001,5
2024,나마9803,in_age_002,0
2024,나마9803,in_age_003,5
2024,나마9803,in_age_004,5
2024,나마9803,in_age_006,5
2024,나마9803,in_age_007,0
2024,나마9803,in_age_008,0
2024,나마9803,in_age_010,8
2024,나마9803,in_age_011,5
2024,나마9803,in_age_012,5
2024,나마9803,in_age_013,8
2024,나마9803,in_age_014,5
2024,나마9803,in_age_015,5
2024,나마9803,in_age_016,0
2024,나마9803,in_age_017,5
2024,나마9803,in_age_018,0
2024,나마9803,in_age_019,0
2024,나마9803,in_age_031,5
2024,나마9803,in_age_033,0
2024,나마9803,in_age_034,0
2024,나마9803,in_age_037,0
2024,나마9803,in_age_038,0
2024,나마9803,in_age_040,5
2024,나마9803,in_age_041,5
2024,나마9803,in_age_042,5
2024,나마9803,in_age_043,8
2024,나마9803,in_age_044,5
2024,나마9803,in_age_045,5
2024,나마9803,in_age_046,0
2024,나마9803,in_age_047,0
2024,나마9803,in_age_049,0
2024,나마9803,in_age_062,0
2024,나마9803,in_age_063,5
2024,나마9803,in_age_064,5
2024,나마9803,in_age_066,5
2024,나마9803,in_age_070,5
2024,나마9803,in_age_071,5
2024,나마9803,in_age_072,5
2024,나마9803,in_age_073,5
2024,나마9803,in_age_074,5
2024,나마9803,in_age_075,5
2024,나마9803,in_age_077,5
2024,나마9803,in_age_078,0
2024,나마9803,to_in_001,48
2024,나마9803,to_in_007,23
2024,나마9803,to_in_008,23
2024,나마9804,in_age_001,5
2024,나마9804,in_age_005,0
2024,나마9804,in_age_006,0
2024,나마9804,in_age_007,5
2024,나마9804,in_age_008,5
2024,나마9804,in_age_009,5
2024,나마9804,in_age_010,0
2024,나마9804,in_age_011,5
2024,나마9804,in_age_012,5
2024,나마9804,in_age_013,8
2024,나마9804,in_age_014,5
2024,나마9804,in_age_015,5
2024,나마9804,in_age_016,5
2024,나마9804,in_age_018,0
2024,나마9804,in_age_035,0
2024,나마9804,in_age_037,0
2024,나마9804,in_age_038,5
2024,나마9804,in_age_039,5
2024,나마9804,in_age_040,0
2024,나마9804,in_age_041,5
2024,나마9804,in_age_043,8
2024,나마9804,in_age_044,5
2024,나마9804,in_age_045,5
2024,나마9804,in_age_061,5
2024,나마9804,in_age_066,0
2024,나마9804,in_age_067,0
2024,나마9804,in_age_068,5
2024,나마9804,in_age_072,5
2024,나마9804,in_age_073,8
2024,나마9804,in_age_074,5
2024,나마9804,in_age_075,0
2024,나마9804,in_age_076,5
2024,나마9804,in_age_078,0
2024,나마9804,to_in_001,33
2024,나마9804,to_in_007,18
2024,나마9804,to_in_008,18
2024,나마9805,in_age_005,0
2024,나마9805,in_age_007,0
2024,나마9805,in_age_010,5
2024,나마9805,in_age_011,0
2024,나마9805,in_age_012,8
2024,나마9805,in_age_013,0
2024,나마9805,in_age_014,0
2024,나마9805,in_age_016,8
2024,나마9805,in_age_037,0
2024,나마9805,in_age_040,0
2024,나마9805,in_age_041,0
2024,나마9805,in_age_042,8
2024,나마9805,in_age_043,0
2024,나마9805,in_age_044,0
2024,나마9805,in_age_065,0
2024,나마9805,in_age_070,0
2024,나마9805,in_age_072,5
2024,나마9805,in_age_076,8
2024,나마9805,to_in_001,13
2024,나마9805,to_in_007,8
2024,나마9805,to_in_008,8
2024,나마9806,in_age_003,0
2024,나마9806,in_age_008,0
2024,나마9806,in_age_010,0
2024,나마9806,in_age_011,0
2024,나마9806,in_age_012,5
2024,나마9806,in_age_013,0
2024,나마9806,in_age_014,0
2024,나마9806,in_age_033,0
2024,나마9806,in_age_038,0
2024,나마9806,in_age_042,5
2024,나마9806,in_age_044,0
2024,나마9806,in_age_070,0
2024,나마9806,in_age_071,0
2024,나마9806,in_age_073,0
2024,나마9806,to_in_001,8
2024,나마9806,to_in_007,5
2024,나마9806,to_in_008,5
2024,나마9858,in_age_010,0
2024,나마9858,in_age_011,5
2024,나마9858,in_age_012,0
2024,나마9858,in_age_013,0
2024,나마9858,in_age_016,0
2024,나마9858,in_age_042,0
2024,나마9858,in_age_046,0
2024,나마9858,in_age_070,0
2024,나마9858,in_age_071,5
2024,나마9858,in_age_073,0
2024,나마9858,to_in_001,8
2024,나마9858,to_in_007,5
2024,나마9858,to_in_008,5
2024,나마9861,in_age_004,5
2024,나마9861,in_age_009,0
2024,나마9861,in_age_012,0
2024,나마9861,in_age_013,0
2024,나마9861,in_age_015,0
2024,나마9861,in_age_016,0
2024,나마9861,in_age_018,0
2024,나마9861,in_age_039,0
2024,나마9861,in_age_042,0
2024,나마9861,in_age_046,0
2024,나마9861,in_age_048,0
2024,나마9861,in_age_064,5
2024,나마9861,in_age_073,0
2024,나마9861,in_age_075,0
2024,나마9861,to_in_001,8
2024,나마9861,to_in_007,5
2024,나마9861,to_in_008,5
2024,나마9862,in_age_003,5
2024,나마9862,in_age_004,5
2024,나마9862,in_age_005,5
2024,나마9862,in_age_006,5
2024,나마9862,in_age_007,0
2024,나마9862,in_age_008,5
2024,나마9862,in_age_010,8
2024,나마9862,in_age_011,8
2024,나마9862,in_age_012,5
2024,나마9862,in_age_013,5
2024,나마9862,in_age_014,5
2024,나마9862,in_age_015,5
2024,나마9862,in_age_016,5
2024,나마9862,in_age_017,5
2024,나마9862,in_age_019,0
2024,나마9862,in_age_035,0
2024,나마9862,in_age_036,5
2024,나마9862,in_age_037,0
2024,나마9862,in_age_038,0
2024,나마9862,in_age_040,5
2024,나마9862,in_age_041,5
2024,나마9862,in_age_042,5
2024,나마9862,in_age_043,5
2024,나마9862,in_age_044,5
2024,나마9862,in_age_045,5
2024,나마9862,in_age_046,5
2024,나마9862,in_age_049,0
2024,나마9862,in_age_063,5
2024,나마9862,in_age_064,5
2024,나마9862,in_age_065,0
2024,나마9862,in_age_068,0
2024,나마9862,in_age_070,5
2024,나마9862,in_age_071,5
2024,나마9862,in_age_073,5
2024,나마9862,in_age_074,5
2024,나마9862,in_age_075,0
2024,나마9862,in_age_076,5
2024,나마9862,in_age_077,5
2024,나마9862,to_in_001,48
2024,나마9862,to_in_007,28
2024,나마9862,to_in_008,23
2024,나마9900,in_age_001,0
2024,나마9900,in_age_002,5
2024,나마9900,in_age_003,5
2024,나마9900,in_age_004,5
2024,나마9900,in_age_005,5
2024,나마9900,in_age_006,5
2024,나마9900,in_age_007,5
2024,나마9900,in_age_008,5
2024,나마9900,in_age_009,5
2024,나마9900,in_age_010,5
2024,나마9900,in_age_011,8
2024,나마9900,in_age_012,8
2024,나마9900,in_age_013,5
2024,나마9900,in_age_014,8
2024,나마9900,in_age_015,13
2024,나마9900,in_age_016,5
2024,나마9900,in_age_017,13
2024,나마9900,in_age_018,8
2024,나마9900,in_age_033,0
2024,나마9900,in_age_035,5
2024,나마9900,in_age_036,5
2024,나마9900,in_age_037,0
2024,나마9900,in_age_039,5
2024,나마9900,in_age_040,0
2024,나마9900,in_age_041,8
2024,나마9900,in_age_042,5
2024,나마9900,in_age_043,5
2024,나마9900,in_age_044,8
2024,나마9900,in_age_045,8
2024,나마9900,in_age_046,5
2024,나마9900,in_age_047,5
2024,나마9900,in_age_048,5
2024,나마9900,in_age_061,0
2024,나마9900,in_age_062,5
2024,나마9900,in_age_063,5
2024,나마9900,in_age_064,5
2024,나마9900,in_age_065,0
2024,나마9900,in_age_066,0
2024,나마9900,in_age_067,5
2024,나마9900,in_age_068,5
2024,나마9900,in_age_069,0
2024,나마9900,in_age_070,5
2024,나마9900,in_age_071,0
2024,나마9900,in_age_072,5
2024,나마9900,in_age_073,5
2024,나마9900,in_age_074,5
2024,나마9900,in_age_075,8
2024,나마9900,in_age_076,0
2024,나마9900,in_age_077,8
2024,나마9900,in_age_078,5
2024,나마9900,to_in_001,93
2024,나마9900,to_in_007,43
2024,나마9900,to_in_008,48
2024,나마9901,in_age_003,0
2024,나마9901,in_age_004,5
2024,나마9901,in_age_007,5
2024,나마9901,in_age_011,5
2024,나마9901,in_age_012,0
2024,나마9901,in_age_013,5
2024,나마9901,in_age_014,0
2024,나마9901,in_age_016,0
2024,나마9901,in_age_017,5
2024,나마9901,in_age_034,0
2024,나마9901,in_age_037,5
2024,나마9901,in_age_042,0
2024,나마9901,in_age_043,5
2024,나마9901,in_age_044,0
2024,나마9901,in_age_047,0
2024,나마9901,in_age_063,0
2024,나마9901,in_age_064,5
2024,나마9901,in_age_071,5
2024,나마9901,in_age_073,5
2024,나마9901,in_age_076,0
2024,나마9901,in_age_077,5
2024,나마9901,to_in_001,18
2024,나마9901,to_in_007,8
2024,나마9901,to_in_008,8
2024,나마9904,in_age_007,5
2024,나마9904,in_age_009,5
2024,나마9904,in_age_011,8
2024,나마9904,in_age_012,5
2024,나마9904,in_age_013,5
2024,나마9904,in_age_014,5
2024,나마9904,in_age_015,5
2024,나마9904,in_age_016,5
2024,나마9904,in_age_017,0
2024,나마9904,in_age_039,5
2024,나마9904,in_age_041,5
2024,나마9904,in_age_043,0
2024,나마9904,in_age_044,5
2024,나마9904,in_age_045,0
2024,나마9904,in_age_046,5
2024,나마9904,in_age_067,5
2024,나마9904,in_age_071,5
2024,나마9904,in_age_072,5
2024,나마9904,in_age_073,5
2024,나마9904,in_age_074,5
2024,나마9904,in_age_075,5
2024,나마9904,in_age_077,0
2024,나마9904,to_in_001,23
2024,나마9904,to_in_007,8
2024,나마9904,to_in_008,13
2024,나마9905,in_age_005,5
2024,나마9905,in_age_006,0
2024,나마9905,in_age_007,5
2024,나마9905,in_age_009,0
2024,나마9905,in_age_011,0
2024,나마9905,in_age_012,5
2024,나마9905,in_age_013,5
2024,나마9905,in_age_014,5
2024,나마9905,in_age_015,5
2024,나마9905,in_age_016,5
2024,나마9905,in_age_017,5
2024,나마9905,in_age_018,0
2024,나마9905,in_age_019,0
2024,나마9905,in_age_036,0
2024,나마9905,in_age_037,0
2024,나마9905,in_age_042,0
2024,나마9905,in_age_044,5
2024,나마9905,in_age_045,5
2024,나마9905,in_age_046,0
2024,나마9905,in_age_047,0
2024,나마9905,in_age_048,0
2024,나마9905,in_age_049,0
2024,나마9905,in_age_065,5
2024,나마9905,in_age_067,0
2024,나마9905,in_age_069,0
2024,나마9905,in_age_071,0
2024,나마9905,in_age_072,0
2024,나마9905,in_age_073,5
2024,나마9905,in_age_074,5
2024,나마9905,in_age_076,5
2024,나마9905,in_age_077,0
2024,나마9905,to_in_001,23
2024,나마9905,to_in_007,8
2024,나마9905,to_in_008,13
2024,나마9906,in_age_004,5
2024,나마9906,in_age_005,5
2024,나마9906,in_age_006,5
2024,나마9906,in_age_007,5
2024,나마9906,in_age_008,5
2024,나마9906,in_age_010,5
2024,나마9906,in_age_011,5
2024,나마9906,in_age_012,8
2024,나마9906,in_age_013,8
2024,나마9906,in_age_014,8
2024,나마9906,in_age_015,8
2024,나마9906,in_age_016,5
2024,나마9906,in_age_017,8
2024,나마9906,in_age_018,8
2024,나마9906,in_age_019,5
2024,나마9906,in_age_034,5
2024,나마9906,in_age_035,5
2024,나마9906,in_age_036,5
2024,나마9906,in_age_037,5
2024,나마9906,in_age_040,5
2024,나마9906,in_age_041,5
2024,나마9906,in_age_042,5
2024,나마9906,in_age_043,5
2024,나마9906,in_age_044,5
2024,나마9906,in_age_045,8
2024,나마9906,in_age_046,5
2024,나마9906,in_age_047,5
2024,나마9906,in_age_048,0
2024,나마9906,in_age_049,0
2024,나마9906,in_age_066,0
2024,나마9906,in_age_067,0
2024,나마9906,in_age_068,5
2024,나마9906,in_age_070,0
2024,나마9906,in_age_071,0
2024,나마9906,in_age_072,8
2024,나마9906,in_age_073,8
2024,나마9906,in_age_074,5
2024,나마9906,in_age_075,8
2024,나마9906,in_age_076,0
2024,나마9906,in_age_077,5
2024,나마9906,in_age_078,8
2024,나마9906,in_age_079,0
2024,나마9906,to_in_001,68
2024,나마9906,to_in_007,33
2024,나마9906,to_in_008,33
2024,나마9907,in_age_014,5
2024,나마9907,in_age_044,0
2024,나마9907,in_age_074,0
2024,나마9907,to_in_001,5
2024,나마9907,to_in_007,0
2024,나마9907,to_in_008,0
