2024,가사4799,in_age_006,5
2024,가사4799,in_age_066,5
2024,가사4799,to_in_001,5
2024,가사4799,to_in_007,0
2024,가사4799,to_in_008,5
2024,가사4897,in_age_006,0
2024,가사4897,in_age_011,0
2024,가사4897,in_age_012,5
2024,가사4897,in_age_013,5
2024,가사4897,in_age_014,0
2024,가사4897,in_age_016,0
2024,가사4897,in_age_019,0
2024,가사4897,in_age_036,0
2024,가사4897,in_age_042,5
2024,가사4897,in_age_043,5
2024,가사4897,in_age_044,0
2024,가사4897,in_age_046,0
2024,가사4897,in_age_071,0
2024,가사4897,in_age_072,0
2024,가사4897,in_age_079,0
2024,가사4897,to_in_001,8
2024,가사4897,to_in_007,8
2024,가사4897,to_in_008,5
2024,가사4898,in_age_001,8
2024,가사4898,in_age_002,5
2024,가사4898,in_age_003,8
2024,가사4898,in_age_004,8
2024,가사4898,in_age_005,8
2024,가사4898,in_age_006,22
2024,가사4898,in_age_007,13
2024,가사4898,in_age_008,13
2024,가사4898,in_age_009,8
2024,가사4898,in_age_010,18
2024,가사4898,in_age_011,8
2024,가사4898,in_age_012,8
2024,가사4898,in_age_013,13
2024,가사4898,in_age_014,13
2024,가사4898,in_age_015,8
2024,가사4898,in_age_016,8
2024,가사4898,in_age_017,5
2024,가사4898,in_age_018,5
2024,가사4898,in_age_019,5
2024,가사4898,in_age_031,5
2024,가사4898,in_age_032,0
2024,가사4898,in_age_033,0
2024,가사4898,in_age_034,5
2024,가사4898,in_age_035,5
2024,가사4898,in_age_036,19
2024,가사4898,in_age_037,8
2024,가사4898,in_age_038,5
2024,가사4898,in_age_039,5
2024,가사4898,in_age_040,15
2024,가사4898,in_age_041,8
2024,가사4898,in_age_042,5
2024,가사4898,in_age_043,8
2024,가사4898,in_age_044,8
2024,가사4898,in_age_045,8
2024,가사4898,in_age_046,5
2024,가사4898,in_age_047,5
2024,가사4898,in_age_048,5
2024,가사4898,in_age_061,5
2024,가사4898,in_age_062,0
2024,가사4898,in_age_063,5
2024,가사4898,in_age_064,5
2024,가사4898,in_age_065,5
2024,가사4898,in_age_066,8
2024,가사4898,in_age_067,5
2024,가사4898,in_age_068,8
2024,가사4898,in_age_069,5
2024,가사4898,in_age_070,5
2024,가사4898,in_age_072,8
2024,가사4898,in_age_073,8
2024,가사4898,in_age_074,8
2024,가사4898,in_age_075,5
2024,가사4898,in_age_076,8
2024,가사4898,in_age_077,5
2024,가사4898,in_age_078,5
2024,가사4898,in_age_079,5
2024,가사4898,to_in_001,170
2024,가사4898,to_in_007,100
2024,가사4898,to_in_008,68
2024,가사4995,in_age_003,0
2024,가사4995,in_age_004,5
2024,가사4995,in_age_005,8
2024,가사4995,in_age_006,5
2024,가사4995,in_age_007,0
2024,가사4995,in_age_008,0
2024,가사4995,in_age_010,5
2024,가사4995,in_age_011,8
2024,가사4995,in_age_012,8
2024,가사4995,in_age_013,8
2024,가사4995,in_age_014,8
2024,가사4995,in_age_015,5
2024,가사4995,in_age_016,5
2024,가사4995,in_age_017,8
2024,가사4995,in_age_018,5
2024,가사4995,in_age_019,8
2024,가사4995,in_age_035,8
2024,가사4995,in_age_036,5
2024,가사4995,in_age_037,0
2024,가사4995,in_age_038,0
2024,가사4995,in_age_040,5
2024,가사4995,in_age_041,8
2024,가사4995,in_age_042,5
2024,가사4995,in_age_043,5
2024,가사4995,in_age_044,5
2024,가사4995,in_age_045,0
2024,가사4995,in_age_046,0
2024,가사4995,in_age_047,5
2024,가사4995,in_age_048,5
2024,가사4995,in_age_049,5
2024,가사4995,in_age_063,0
2024,가사4995,in_age_064,5
2024,가사4995,in_age_070,5
2024,가사4995,in_age_071,5
2024,가사4995,in_age_072,5
2024,가사4995,in_age_073,5
2024,가사4995,in_age_074,5
2024,가사4995,in_age_075,0
2024,가사4995,in_age_076,5
2024,가사4995,in_age_077,5
2024,가사4995,in_age_078,0
2024,가사4995,in_age_079,5
2024,가사4995,to_in_001,73
2024,가사4995,to_in_007,43
2024,가사4995,to_in_008,33
2024,가사4997,in_age_006,0
2024,가사4997,in_age_013,0
2024,가사4997,in_age_036,0
2024,가사4997,in_age_043,0
2024,가사4997,to_in_001,5
2024,가사4997,to_in_007,5
2024,가사4997,to_in_008,0
2024,가사4998,in_age_002,0
2024,가사4998,in_age_003,5
2024,가사4998,in_age_005,0
2024,가사4998,in_age_006,5
2024,가사4998,in_age_007,0
2024,가사4998,in_age_008,5
2024,가사4998,in_age_009,5
2024,가사4998,in_age_010,8
2024,가사4998,in_age_011,8
2024,가사4998,in_age_012,5
2024,가사4998,in_age_013,13
2024,가사4998,in_age_014,13
2024,가사4998,in_age_015,8
2024,가사4998,in_age_016,8
2024,가사4998,in_age_017,5
2024,가사4998,in_age_018,5
2024,가사4998,in_age_019,8
2024,가사4998,in_age_032,0
2024,가사4998,in_age_033,5
2024,가사4998,in_age_035,0
2024,가사4998,in_age_036,5
2024,가사4998,in_age_037,0
2024,가사4998,in_age_038,5
2024,가사4998,in_age_039,0
2024,가사4998,in_age_040,5
2024,가사4998,in_age_041,5
2024,가사4998,in_age_042,0
2024,가사4998,in_age_043,8
2024,가사4998,in_age_044,8
2024,가사4998,in_age_045,5
2024,가사4998,in_age_046,5
2024,가사4998,in_age_047,5
2024,가사4998,in_age_049,5
2024,가사4998,in_age_063,5
2024,가사4998,in_age_066,5
2024,가사4998,in_age_069,0
2024,가사4998,in_age_070,8
2024,가사4998,in_age_071,5
2024,가사4998,in_age_072,0
2024,가사4998,in_age_073,5
2024,가사4998,in_age_074,5
2024,가사4998,in_age_075,5
2024,가사4998,in_age_076,5
2024,가사4998,in_age_077,0
2024,가사4998,in_age_078,5
2024,가사4998,in_age_079,5
2024,가사4998,to_in_001,78
2024,가사4998,to_in_007,48
2024,가사4998,to_in_008,33
2024,가사4999,in_age_004,5
2024,가사4999,in_age_005,5
2024,가사4999,in_age_006,5
2024,가사4999,in_age_009,0
2024,가사4999,in_age_010,5
2024,가사4999,in_age_011,0
2024,가사4999,in_age_012,5
2024,가사4999,in_age_013,8
2024,가사4999,in_age_014,8
2024,가사4999,in_age_015,5
2024,가사4999,in_age_016,8
2024,가사4999,in_age_017,8
2024,가사4999,in_age_018,5
2024,가사4999,in_age_019,5
2024,가사4999,in_age_020,0
2024,가사4999,in_age_034,5
2024,가사4999,in_age_035,0
2024,가사4999,in_age_036,5
2024,가사4999,in_age_039,0
2024,가사4999,in_age_041,0
2024,가사4999,in_age_042,5
2024,가사4999,in_age_043,5
2024,가사4999,in_age_044,5
2024,가사4999,in_age_045,0
2024,가사4999,in_age_046,5
2024,가사4999,in_age_047,5
2024,가사4999,in_age_065,0
2024,가사4999,in_age_066,0
2024,가사4999,in_age_070,5
2024,가사4999,in_age_073,8
2024,가사4999,in_age_074,5
2024,가사4999,in_age_075,5
2024,가사4999,in_age_076,8
2024,가사4999,in_age_077,5
2024,가사4999,in_age_078,5
2024,가사4999,in_age_079,5
2024,가사4999,in_age_080,0
2024,가사4999,to_in_001,43
2024,가사4999,to_in_007,23
2024,가사4999,to_in_008,23
2024,가사5095,in_age_003,5
2024,가사5095,in_age_005,5
2024,가사5095,in_age_006,5
2024,가사5095,in_age_007,0
2024,가사5095,in_age_009,5
2024,가사5095,in_age_010,5
2024,가사5095,in_age_011,5
2024,가사5095,in_age_012,0
2024,가사5095,in_age_013,0
2024,가사5095,in_age_015,0
2024,가사5095,in_age_016,0
2024,가사5095,in_age_017,8
2024,가사5095,in_age_019,0
2024,가사5095,in_age_033,5
2024,가사5095,in_age_035,5
2024,가사5095,in_age_036,0
2024,가사5095,in_age_037,0
2024,가사5095,in_age_041,5
2024,가사5095,in_age_046,0
2024,가사5095,in_age_047,5
2024,가사5095,in_age_066,0
2024,가사5095,in_age_069,5
2024,가사5095,in_age_070,5
2024,가사5095,in_age_071,0
2024,가사5095,in_age_072,0
2024,가사5095,in_age_073,0
2024,가사5095,in_age_075,0
2024,가사5095,in_age_077,5
2024,가사5095,in_age_079,0
2024,가사5095,to_in_001,23
2024,가사5095,to_in_007,8
2024,가사5095,to_in_008,13
2024,가사5098,in_age_001,5
2024,가사5098,in_age_002,5
2024,가사5098,in_age_004,0
2024,가사5098,in_age_005,5
2024,가사5098,in_age_006,5
2024,가사5098,in_age_007,5
2024,가사5098,in_age_008,5
2024,가사5098,in_age_009,5
2024,가사5098,in_age_010,8
2024,가사5098,in_age_011,8
2024,가사5098,in_age_012,8
2024,가사5098,in_age_013,5
2024,가사5098,in_age_014,8
2024,가사5098,in_age_015,8
2024,가사5098,in_age_016,8
2024,가사5098,in_age_017,5
2024,가사5098,in_age_018,0
2024,가사5098,in_age_019,5
2024,가사5098,in_age_031,5
2024,가사5098,in_age_032,5
2024,가사5098,in_age_035,5
2024,가사5098,in_age_036,5
2024,가사5098,in_age_037,5
2024,가사5098,in_age_038,5
2024,가사5098,in_age_039,0
2024,가사5098,in_age_040,5
2024,가사5098,in_age_041,5
2024,가사5098,in_age_042,5
2024,가사5098,in_age_043,5
2024,가사5098,in_age_044,5
2024,가사5098,in_age_045,5
2024,가사5098,in_age_046,0
2024,가사5098,in_age_047,5
2024,가사5098,in_age_048,0
2024,가사5098,in_age_049,0
2024,가사5098,in_age_061,0
2024,가사5098,in_age_064,0
2024,가사5098,in_age_065,0
2024,가사5098,in_age_066,5
2024,가사5098,in_age_068,0
2024,가사5098,in_age_069,5
2024,가사5098,in_age_070,5
2024,가사5098,in_age_071,5
2024,가사5098,in_age_072,5
2024,가사5098,in_age_073,0
2024,가사5098,in_age_074,5
2024,가사5098,in_age_075,5
2024,가사5098,in_age_076,8
2024,가사5098,in_age_077,0
2024,가사5098,in_age_079,5
2024,가사5098,to_in_001,73
2024,가사5098,to_in_007,43
2024,가사5098,to_in_008,33
2024,가사5099,in_age_001,5
2024,가사5099,in_age_002,0
2024,가사5099,in_age_003,13
2024,가사5099,in_age_004,18
2024,가사5099,in_age_005,18
2024,가사5099,in_age_006,33
2024,가사5099,in_age_007,18
2024,가사5099,in_age_008,13
2024,가사5099,in_age_009,13
2024,가사5099,in_age_010,23
2024,가사5099,in_age_011,23
2024,가사5099,in_age_012,38
2024,가사5099,in_age_013,53
2024,가사5099,in_age_014,59
2024,가사5099,in_age_015,28
2024,가사5099,in_age_016,18
2024,가사5099,in_age_017,13
2024,가사5099,in_age_018,13
2024,가사5099,in_age_019,5
2024,가사5099,in_age_020,5
2024,가사5099,in_age_031,0
2024,가사5099,in_age_033,8
2024,가사5099,in_age_034,8
2024,가사5099,in_age_035,13
2024,가사5099,in_age_036,23
2024,가사5099,in_age_037,13
2024,가사5099,in_age_038,8
2024,가사5099,in_age_039,8
2024,가사5099,in_age_040,13
2024,가사5099,in_age_041,13
2024,가사5099,in_age_042,18
2024,가사5099,in_age_043,28
2024,가사5099,in_age_044,33
2024,가사5099,in_age_045,13
2024,가사5099,in_age_046,8
2024,가사5099,in_age_047,8
2024,가사5099,in_age_048,5
2024,가사5099,in_age_049,0
2024,가사5099,in_age_061,5
2024,가사5099,in_age_062,0
2024,가사5099,in_age_063,8
2024,가사5099,in_age_064,8
2024,가사5099,in_age_065,8
2024,가사5099,in_age_066,8
2024,가사5099,in_age_067,8
2024,가사5099,in_age_068,8
2024,가사5099,in_age_069,8
2024,가사5099,in_age_070,8
2024,가사5099,in_age_071,8
2024,가사5099,in_age_072,23
2024,가사5099,in_age_073,28
2024,가사5099,in_age_074,29
2024,가사5099,in_age_075,13
2024,가사5099,in_age_076,8
2024,가사5099,in_age_077,8
2024,가사5099,in_age_078,13
2024,가사5099,in_age_079,5
2024,가사5099,in_age_080,5
2024,가사5099,to_in_001,404
2024,가사5099,to_in_007,218
2024,가사5099,to_in_008,189
2024,가사5195,in_age_001,5
2024,가사5195,in_age_003,5
2024,가사5195,in_age_004,8
2024,가사5195,in_age_005,8
2024,가사5195,in_age_006,13
2024,가사5195,in_age_007,8
2024,가사5195,in_age_008,5
2024,가사5195,in_age_009,8
2024,가사5195,in_age_010,8
2024,가사5195,in_age_011,13
2024,가사5195,in_age_012,18
2024,가사5195,in_age_013,13
2024,가사5195,in_age_014,13
2024,가사5195,in_age_015,8
2024,가사5195,in_age_016,13
2024,가사5195,in_age_017,13
2024,가사5195,in_age_018,5
2024,가사5195,in_age_019,8
2024,가사5195,in_age_021,5
2024,가사5195,in_age_033,0
2024,가사5195,in_age_034,8
2024,가사5195,in_age_035,8
2024,가사5195,in_age_036,8
2024,가사5195,in_age_037,8
2024,가사5195,in_age_038,5
2024,가사5195,in_age_039,8
2024,가사5195,in_age_040,8
2024,가사5195,in_age_041,8
2024,가사5195,in_age_042,13
2024,가사5195,in_age_043,8
2024,가사5195,in_age_044,8
2024,가사5195,in_age_045,8
2024,가사5195,in_age_046,8
2024,가사5195,in_age_047,5
2024,가사5195,in_age_048,0
2024,가사5195,in_age_049,0
2024,가사5195,in_age_061,5
2024,가사5195,in_age_063,5
2024,가사5195,in_age_064,5
2024,가사5195,in_age_065,5
2024,가사5195,in_age_066,5
2024,가사5195,in_age_067,5
2024,가사5195,in_age_068,0
2024,가사5195,in_age_069,5
2024,가사5195,in_age_071,8
2024,가사5195,in_age_072,8
2024,가사5195,in_age_073,8
2024,가사5195,in_age_074,5
2024,가사5195,in_age_075,5
2024,가사5195,in_age_076,8
2024,가사5195,in_age_077,8
2024,가사5195,in_age_078,5
2024,가사5195,in_age_079,8
2024,가사5195,in_age_081,5
2024,가사5195,to_in_001,168
2024,가사5195,to_in_007,93
2024,가사5195,to_in_008,73
2024,가사5196,in_age_003,5
2024,가사5196,in_age_004,5
2024,가사5196,in_age_006,0
2024,가사5196,in_age_008,0
2024,가사5196,in_age_009,5
2024,가사5196,in_age_010,5
2024,가사5196,in_age_011,0
2024,가사5196,in_age_012,5
2024,가사5196,in_age_013,0
2024,가사5196,in_age_014,5
2024,가사5196,in_age_015,0
2024,가사5196,in_age_016,8
2024,가사5196,in_age_017,0
2024,가사5196,in_age_018,5
2024,가사5196,in_age_036,0
2024,가사5196,in_age_039,5
2024,가사5196,in_age_040,5
2024,가사5196,in_age_041,0
2024,가사5196,in_age_042,5
2024,가사5196,in_age_043,0
2024,가사5196,in_age_044,0
2024,가사5196,in_age_045,0
2024,가사5196,in_age_046,5
2024,가사5196,in_age_048,0
2024,가사5196,in_age_063,5
2024,가사5196,in_age_064,5
2024,가사5196,in_age_068,0
2024,가사5196,in_age_070,0
2024,가사5196,in_age_072,0
2024,가사5196,in_age_074,5
2024,가사5196,in_age_076,5
2024,가사5196,in_age_077,0
2024,가사5196,in_age_078,0
2024,가사5196,to_in_001,28
2024,가사5196,to_in_007,13
2024,가사5196,to_in_008,13
2024,가사5199,in_age_001,43
2024,가사5199,in_age_002,42
2024,가사5199,in_age_003,32
2024,가사5199,in_age_004,28
2024,가사5199,in_age_005,111
2024,가사5199,in_age_006,106
2024,가사5199,in_age_007,97
2024,가사5199,in_age_008,62
2024,가사5199,in_age_009,47
2024,가사5199,in_age_010,60
2024,가사5199,in_age_011,27
2024,가사5199,in_age_012,13
2024,가사5199,in_age_013,18
2024,가사5199,in_age_014,8
2024,가사5199,in_age_015,8
2024,가사5199,in_age_016,5
2024,가사5199,in_age_017,5
2024,가사5199,in_age_018,5
2024,가사5199,in_age_031,26
2024,가사5199,in_age_032,28
2024,가사5199,in_age_033,15
2024,가사5199,in_age_034,13
2024,가사5199,in_age_035,85
2024,가사5199,in_age_036,73
2024,가사5199,in_age_037,60
2024,가사5199,in_age_038,32
2024,가사5199,in_age_039,32
2024,가사5199,in_age_040,50
2024,가사5199,in_age_041,17
2024,가사5199,in_age_042,8
2024,가사5199,in_age_043,8
2024,가사5199,in_age_044,5
2024,가사5199,in_age_045,8
2024,가사5199,in_age_046,5
2024,가사5199,in_age_048,0
2024,가사5199,in_age_061,20
2024,가사5199,in_age_062,17
2024,가사5199,in_age_063,15
2024,가사5199,in_age_064,13
2024,가사5199,in_age_065,24
2024,가사5199,in_age_066,36
2024,가사5199,in_age_067,35
2024,가사5199,in_age_068,28
2024,가사5199,in_age_069,18
2024,가사5199,in_age_070,13
2024,가사5199,in_age_071,8
2024,가사5199,in_age_072,8
2024,가사5199,in_age_073,8
2024,가사5199,in_age_074,5
2024,가사5199,in_age_075,5
2024,가사5199,in_age_077,5
2024,가사5199,in_age_078,5
2024,가사5199,to_in_001,705
2024,가사5199,to_in_007,451
2024,가사5199,to_in_008,252
2024,가사5282,in_age_001,0
2024,가사5282,in_age_005,8
2024,가사5282,in_age_006,0
2024,가사5282,in_age_007,5
2024,가사5282,in_age_011,5
2024,가사5282,in_age_012,5
2024,가사5282,in_age_013,8
2024,가사5282,in_age_014,8
2024,가사5282,in_age_015,5
2024,가사5282,in_age_016,0
2024,가사5282,in_age_017,0
2024,가사5282,in_age_018,0
2024,가사5282,in_age_031,0
2024,가사5282,in_age_035,5
2024,가사5282,in_age_036,0
2024,가사5282,in_age_037,5
2024,가사5282,in_age_041,0
2024,가사5282,in_age_042,5
2024,가사5282,in_age_043,5
2024,가사5282,in_age_044,5
2024,가사5282,in_age_045,0
2024,가사5282,in_age_065,5
2024,가사5282,in_age_067,0
2024,가사5282,in_age_071,5
2024,가사5282,in_age_073,5
2024,가사5282,in_age_074,5
2024,가사5282,in_age_075,5
2024,가사5282,in_age_076,0
2024,가사5282,in_age_077,0
2024,가사5282,in_age_078,0
2024,가사5282,to_in_001,28
2024,가사5282,to_in_007,18
2024,가사5282,to_in_008,13
2024,가사5283,in_age_005,5
2024,가사5283,in_age_006,5
2024,가사5283,in_age_007,5
2024,가사5283,in_age_009,5
2024,가사5283,in_age_010,5
2024,가사5283,in_age_012,5
2024,가사5283,in_age_013,8
2024,가사5283,in_age_014,8
2024,가사5283,in_age_015,5
2024,가사5283,in_age_016,8
2024,가사5283,in_age_017,8
2024,가사5283,in_age_018,5
2024,가사5283,in_age_035,5
2024,가사5283,in_age_036,5
2024,가사5283,in_age_037,0
2024,가사5283,in_age_039,5
2024,가사5283,in_age_040,5
2024,가사5283,in_age_042,0
2024,가사5283,in_age_043,5
2024,가사5283,in_age_044,5
2024,가사5283,in_age_045,0
2024,가사5283,in_age_046,8
2024,가사5283,in_age_047,5
2024,가사5283,in_age_048,0
2024,가사5283,in_age_065,0
2024,가사5283,in_age_067,5
2024,가사5283,in_age_072,0
2024,가사5283,in_age_073,5
2024,가사5283,in_age_074,8
2024,가사5283,in_age_075,5
2024,가사5283,in_age_076,5
2024,가사5283,in_age_077,5
2024,가사5283,in_age_078,5
2024,가사5283,to_in_001,58
2024,가사5283,to_in_007,33
2024,가사5283,to_in_008,23
2024,가사5284,in_age_015,0
2024,가사5284,in_age_016,5
2024,가사5284,in_age_017,0
2024,가사5284,in_age_046,0
2024,가사5284,in_age_047,0
2024,가사5284,in_age_075,0
2024,가사5284,in_age_076,0
2024,가사5284,to_in_001,5
2024,가사5284,to_in_007,5
2024,가사5284,to_in_008,5
2024,가사5296,in_age_001,0
2024,가사5296,in_age_002,5
2024,가사5296,in_age_003,0
2024,가사5296,in_age_004,5
2024,가사5296,in_age_005,8
2024,가사5296,in_age_006,8
2024,가사5296,in_age_007,0
2024,가사5296,in_age_008,8
2024,가사5296,in_age_009,5
2024,가사5296,in_age_010,8
2024,가사5296,in_age_011,13
2024,가사5296,in_age_012,13
2024,가사5296,in_age_013,23
2024,가사5296,in_age_014,23
2024,가사5296,in_age_015,13
2024,가사5296,in_age_016,13
2024,가사5296,in_age_017,8
2024,가사5296,in_age_018,13
2024,가사5296,in_age_019,8
2024,가사5296,in_age_020,8
2024,가사5296,in_age_031,0
2024,가사5296,in_age_032,0
2024,가사5296,in_age_034,0
2024,가사5296,in_age_035,5
2024,가사5296,in_age_036,8
2024,가사5296,in_age_037,0
2024,가사5296,in_age_038,5
2024,가사5296,in_age_039,5
2024,가사5296,in_age_041,8
2024,가사5296,in_age_042,8
2024,가사5296,in_age_043,8
2024,가사5296,in_age_044,13
2024,가사5296,in_age_045,8
2024,가사5296,in_age_046,8
2024,가사5296,in_age_047,5
2024,가사5296,in_age_048,5
2024,가사5296,in_age_049,5
2024,가사5296,in_age_050,0
2024,가사5296,in_age_062,5
2024,가사5296,in_age_063,0
2024,가사5296,in_age_064,5
2024,가사5296,in_age_065,5
2024,가사5296,in_age_066,0
2024,가사5296,in_age_068,5
2024,가사5296,in_age_070,8
2024,가사5296,in_age_071,8
2024,가사5296,in_age_072,8
2024,가사5296,in_age_073,13
2024,가사5296,in_age_074,13
2024,가사5296,in_age_075,8
2024,가사5296,in_age_076,8
2024,가사5296,in_age_077,8
2024,가사5296,in_age_078,8
2024,가사5296,in_age_079,8
2024,가사5296,in_age_080,8
2024,가사5296,to_in_001,163
2024,가사5296,to_in_007,78
2024,가사5296,to_in_008,83
2024,가사5297,in_age_005,0
2024,가사5297,in_age_008,0
2024,가사5297,in_age_010,0
2024,가사5297,in_age_011,5
2024,가사5297,in_age_012,0
2024,가사5297,in_age_013,5
2024,가사5297,in_age_015,0
2024,가사5297,in_age_035,0
2024,가사5297,in_age_038,0
2024,가사5297,in_age_040,0
2024,가사5297,in_age_041,5
2024,가사5297,in_age_042,0
2024,가사5297,in_age_043,0
2024,가사5297,in_age_045,0
2024,가사5297,in_age_073,0
2024,가사5297,to_in_001,8
2024,가사5297,to_in_007,8
2024,가사5297,to_in_008,0
2024,가사5299,in_age_005,0
2024,가사5299,in_age_006,5
2024,가사5299,in_age_008,5
2024,가사5299,in_age_009,0
2024,가사5299,in_age_011,5
2024,가사5299,in_age_012,5
2024,가사5299,in_age_013,8
2024,가사5299,in_age_014,13
2024,가사5299,in_age_015,8
2024,가사5299,in_age_016,5
2024,가사5299,in_age_017,5
2024,가사5299,in_age_035,0
2024,가사5299,in_age_038,5
2024,가사5299,in_age_039,0
2024,가사5299,in_age_041,5
2024,가사5299,in_age_042,0
2024,가사5299,in_age_043,5
2024,가사5299,in_age_044,8
2024,가사5299,in_age_045,8
2024,가사5299,in_age_066,5
2024,가사5299,in_age_071,5
2024,가사5299,in_age_072,5
2024,가사5299,in_age_073,5
2024,가사5299,in_age_074,8
2024,가사5299,in_age_075,0
2024,가사5299,in_age_076,5
2024,가사5299,in_age_077,5
2024,가사5299,to_in_001,43
2024,가사5299,to_in_007,18
2024,가사5299,to_in_008,23
2024,가사5384,in_age_001,5
2024,가사5384,in_age_002,5
2024,가사5384,in_age_003,8
2024,가사5384,in_age_004,8
2024,가사5384,in_age_005,13
2024,가사5384,in_age_006,8
2024,가사5384,in_age_007,8
2024,가사5384,in_age_008,8
2024,가사5384,in_age_009,8
2024,가사5384,in_age_010,8
2024,가사5384,in_age_011,8
2024,가사5384,in_age_012,8
2024,가사5384,in_age_013,18
2024,가사5384,in_age_014,8
2024,가사5384,in_age_015,8
2024,가사5384,in_age_016,8
2024,가사5384,in_age_017,13
2024,가사5384,in_age_018,5
2024,가사5384,in_age_019,5
2024,가사5384,in_age_031,5
2024,가사5384,in_age_032,5
2024,가사5384,in_age_033,5
2024,가사5384,in_age_034,8
2024,가사5384,in_age_035,8
2024,가사5384,in_age_036,8
2024,가사5384,in_age_037,8
2024,가사5384,in_age_038,8
2024,가사5384,in_age_039,5
2024,가사5384,in_age_040,5
2024,가사5384,in_age_041,8
2024,가사5384,in_age_042,5
2024,가사5384,in_age_043,8
2024,가사5384,in_age_044,8
2024,가사5384,in_age_045,5
2024,가사5384,in_age_046,5
2024,가사5384,in_age_047,5
2024,가사5384,in_age_049,0
2024,가사5384,in_age_061,0
2024,가사5384,in_age_062,0
2024,가사5384,in_age_063,5
2024,가사5384,in_age_064,5
2024,가사5384,in_age_065,8
2024,가사5384,in_age_066,0
2024,가사5384,in_age_067,0
2024,가사5384,in_age_068,5
2024,가사5384,in_age_069,5
2024,가사5384,in_age_070,5
2024,가사5384,in_age_071,5
2024,가사5384,in_age_072,5
2024,가사5384,in_age_073,8
2024,가사5384,in_age_074,5
2024,가사5384,in_age_075,5
2024,가사5384,in_age_076,5
2024,가사5384,in_age_077,8
2024,가사5384,in_age_078,5
2024,가사5384,in_age_079,5
2024,가사5384,to_in_001,148
2024,가사5384,to_in_007,78
2024,가사5384,to_in_008,68
2024,가사5385,in_age_001,8
2024,가사5385,in_age_002,5
2024,가사5385,in_age_003,8
2024,가사5385,in_age_004,8
2024,가사5385,in_age_005,22
2024,가사5385,in_age_006,33
2024,가사5385,in_age_007,18
2024,가사5385,in_age_008,18
2024,가사5385,in_age_009,18
2024,가사5385,in_age_010,18
2024,가사5385,in_age_011,18
2024,가사5385,in_age_012,28
2024,가사5385,in_age_013,38
2024,가사5385,in_age_014,23
2024,가사5385,in_age_015,18
2024,가사5385,in_age_016,8
2024,가사5385,in_age_017,18
2024,가사5385,in_age_018,8
2024,가사5385,in_age_019,5
2024,가사5385,in_age_021,0
2024,가사5385,in_age_031,5
2024,가사5385,in_age_032,0
2024,가사5385,in_age_033,8
2024,가사5385,in_age_034,8
2024,가사5385,in_age_035,17
2024,가사5385,in_age_036,23
2024,가사5385,in_age_037,13
2024,가사5385,in_age_038,8
2024,가사5385,in_age_039,13
2024,가사5385,in_age_040,13
2024,가사5385,in_age_041,13
2024,가사5385,in_age_042,18
2024,가사5385,in_age_043,23
2024,가사5385,in_age_044,13
2024,가사5385,in_age_045,8
2024,가사5385,in_age_046,5
2024,가사5385,in_age_047,8
2024,가사5385,in_age_048,5
2024,가사5385,in_age_049,0
2024,가사5385,in_age_061,5
2024,가사5385,in_age_062,0
2024,가사5385,in_age_063,0
2024,가사5385,in_age_064,0
2024,가사5385,in_age_065,8
2024,가사5385,in_age_066,8
2024,가사5385,in_age_067,5
2024,가사5385,in_age_068,8
2024,가사5385,in_age_069,5
2024,가사5385,in_age_070,8
2024,가사5385,in_age_071,5
2024,가사5385,in_age_072,13
2024,가사5385,in_age_073,13
2024,가사5385,in_age_074,8
2024,가사5385,in_age_075,8
2024,가사5385,in_age_076,8
2024,가사5385,in_age_077,8
2024,가사5385,in_age_078,5
2024,가사5385,in_age_079,5
2024,가사5385,in_age_081,0
2024,가사5385,to_in_001,307
2024,가사5385,to_in_007,187
2024,가사5385,to_in_008,118
2024,가사5395,in_age_001,0
2024,가사5395,in_age_007,5
2024,가사5395,in_age_012,5
2024,가사5395,in_age_013,5
2024,가사5395,in_age_014,5
2024,가사5395,in_age_015,0
2024,가사5395,in_age_031,0
2024,가사5395,in_age_037,0
2024,가사5395,in_age_042,5
2024,가사5395,in_age_045,0
2024,가사5395,in_age_067,0
2024,가사5395,in_age_073,5
2024,가사5395,in_age_074,5
2024,가사5395,to_in_001,8
2024,가사5395,to_in_007,5
2024,가사5395,to_in_008,8
2024,가사5396,in_age_002,0
2024,가사5396,in_age_005,0
2024,가사5396,in_age_006,5
2024,가사5396,in_age_009,0
2024,가사5396,in_age_032,0
2024,가사5396,in_age_035,0
2024,가사5396,in_age_036,0
2024,가사5396,in_age_039,0
2024,가사5396,in_age_066,0
2024,가사5396,to_in_001,5
2024,가사5396,to_in_007,5
2024,가사5396,to_in_008,0
2024,가사5483,in_age_002,8
2024,가사5483,in_age_003,0
2024,가사5483,in_age_004,0
2024,가사5483,in_age_005,5
2024,가사5483,in_age_006,5
2024,가사5483,in_age_007,8
2024,가사5483,in_age_008,5
2024,가사5483,in_age_009,5
2024,가사5483,in_age_011,8
2024,가사5483,in_age_012,5
2024,가사5483,in_age_013,13
2024,가사5483,in_age_014,13
2024,가사5483,in_age_015,8
2024,가사5483,in_age_016,5
2024,가사5483,in_age_018,5
2024,가사5483,in_age_032,5
2024,가사5483,in_age_033,0
2024,가사5483,in_age_035,5
2024,가사5483,in_age_036,5
2024,가사5483,in_age_037,5
2024,가사5483,in_age_039,5
2024,가사5483,in_age_041,5
2024,가사5483,in_age_042,5
2024,가사5483,in_age_043,5
2024,가사5483,in_age_044,8
2024,가사5483,in_age_045,5
2024,가사5483,in_age_046,5
2024,가사5483,in_age_048,5
2024,가사5483,in_age_062,5
2024,가사5483,in_age_064,0
2024,가사5483,in_age_065,0
2024,가사5483,in_age_066,5
2024,가사5483,in_age_067,5
2024,가사5483,in_age_068,5
2024,가사5483,in_age_069,0
2024,가사5483,in_age_071,5
2024,가사5483,in_age_072,5
2024,가사5483,in_age_073,8
2024,가사5483,in_age_074,5
2024,가사5483,in_age_075,8
2024,가사5483,in_age_076,0
2024,가사5483,in_age_078,0
2024,가사5483,to_in_001,73
2024,가사5483,to_in_007,38
2024,가사5483,to_in_008,38
2024,가사5484,in_age_001,5
2024,가사5484,in_age_002,8
2024,가사5484,in_age_003,0
2024,가사5484,in_age_004,5
2024,가사5484,in_age_005,20
2024,가사5484,in_age_006,37
2024,가사5484,in_age_007,25
2024,가사5484,in_age_008,13
2024,가사5484,in_age_009,25
2024,가사5484,in_age_010,13
2024,가사5484,in_age_011,23
2024,가사5484,in_age_012,35
2024,가사5484,in_age_013,34
2024,가사5484,in_age_014,29
2024,가사5484,in_age_015,23
2024,가사5484,in_age_016,28
2024,가사5484,in_age_017,28
2024,가사5484,in_age_018,8
2024,가사5484,in_age_019,5
2024,가사5484,in_age_031,0
2024,가사5484,in_age_032,5
2024,가사5484,in_age_033,0
2024,가사5484,in_age_034,5
2024,가사5484,in_age_035,20
2024,가사5484,in_age_036,37
2024,가사5484,in_age_037,20
2024,가사5484,in_age_038,8
2024,가사5484,in_age_039,20
2024,가사5484,in_age_040,8
2024,가사5484,in_age_041,18
2024,가사5484,in_age_042,25
2024,가사5484,in_age_043,24
2024,가사5484,in_age_044,14
2024,가사5484,in_age_045,8
2024,가사5484,in_age_046,8
2024,가사5484,in_age_047,13
2024,가사5484,in_age_048,5
2024,가사5484,in_age_049,5
2024,가사5484,in_age_061,5
2024,가사5484,in_age_062,5
2024,가사5484,in_age_065,5
2024,가사5484,in_age_066,0
2024,가사5484,in_age_067,5
2024,가사5484,in_age_068,5
2024,가사5484,in_age_069,8
2024,가사5484,in_age_070,8
2024,가사5484,in_age_071,8
2024,가사5484,in_age_072,13
2024,가사5484,in_age_073,13
2024,가사5484,in_age_074,18
2024,가사5484,in_age_075,13
2024,가사5484,in_age_076,18
2024,가사5484,in_age_077,13
2024,가사5484,in_age_078,5
2024,가사5484,in_age_079,0
2024,가사5484,to_in_001,342
2024,가사5484,to_in_007,227
2024,가사5484,to_in_008,113
2024,가사5485,in_age_001,5
2024,가사5485,in_age_002,0
2024,가사5485,in_age_003,5
2024,가사5485,in_age_005,8
2024,가사5485,in_age_006,5
2024,가사5485,in_age_007,5
2024,가사5485,in_age_008,5
2024,가사5485,in_age_009,5
2024,가사5485,in_age_010,5
2024,가사5485,in_age_011,5
2024,가사5485,in_age_012,5
2024,가사5485,in_age_013,5
2024,가사5485,in_age_014,5
2024,가사5485,in_age_015,5
2024,가사5485,in_age_016,0
2024,가사5485,in_age_017,5
2024,가사5485,in_age_018,0
2024,가사5485,in_age_031,0
2024,가사5485,in_age_032,0
2024,가사5485,in_age_033,0
2024,가사5485,in_age_035,8
2024,가사5485,in_age_036,5
2024,가사5485,in_age_037,5
2024,가사5485,in_age_038,0
2024,가사5485,in_age_039,0
2024,가사5485,in_age_040,5
2024,가사5485,in_age_041,5
2024,가사5485,in_age_042,5
2024,가사5485,in_age_043,5
2024,가사5485,in_age_044,5
2024,가사5485,in_age_045,5
2024,가사5485,in_age_046,0
2024,가사5485,in_age_047,0
2024,가사5485,in_age_061,0
2024,가사5485,in_age_063,0
2024,가사5485,in_age_065,0
2024,가사5485,in_age_066,0
2024,가사5485,in_age_068,0
2024,가사5485,in_age_069,5
2024,가사5485,in_age_072,5
2024,가사5485,in_age_073,5
2024,가사5485,in_age_074,0
2024,가사5485,in_age_075,5
2024,가사5485,in_age_077,0
2024,가사5485,in_age_078,0
2024,가사5485,to_in_001,53
2024,가사5485,to_in_007,38
2024,가사5485,to_in_008,18
2024,가사5486,in_age_001,5
2024,가사5486,in_age_002,0
2024,가사5486,in_age_003,5
2024,가사5486,in_age_004,5
2024,가사5486,in_age_005,13
2024,가사5486,in_age_006,23
2024,가사5486,in_age_007,13
2024,가사5486,in_age_008,13
2024,가사5486,in_age_009,13
2024,가사5486,in_age_010,8
2024,가사5486,in_age_011,19
2024,가사5486,in_age_012,13
2024,가사5486,in_age_013,28
2024,가사5486,in_age_014,28
2024,가사5486,in_age_015,23
2024,가사5486,in_age_016,13
2024,가사5486,in_age_017,8
2024,가사5486,in_age_018,5
2024,가사5486,in_age_019,0
2024,가사5486,in_age_032,0
2024,가사5486,in_age_034,5
2024,가사5486,in_age_035,13
2024,가사5486,in_age_036,18
2024,가사5486,in_age_037,13
2024,가사5486,in_age_038,13
2024,가사5486,in_age_039,8
2024,가사5486,in_age_040,5
2024,가사5486,in_age_041,14
2024,가사5486,in_age_042,8
2024,가사5486,in_age_043,13
2024,가사5486,in_age_044,18
2024,가사5486,in_age_045,13
2024,가사5486,in_age_046,8
2024,가사5486,in_age_047,5
2024,가사5486,in_age_048,5
2024,가사5486,in_age_061,5
2024,가사5486,in_age_063,5
2024,가사5486,in_age_064,0
2024,가사5486,in_age_065,0
2024,가사5486,in_age_066,5
2024,가사5486,in_age_067,0
2024,가사5486,in_age_068,5
2024,가사5486,in_age_069,5
2024,가사5486,in_age_070,5
2024,가사5486,in_age_071,8
2024,가사5486,in_age_072,5
2024,가사5486,in_age_073,18
2024,가사5486,in_age_074,8
2024,가사5486,in_age_075,8
2024,가사5486,in_age_076,8
2024,가사5486,in_age_077,5
2024,가사5486,in_age_078,5
2024,가사5486,in_age_079,0
2024,가사5486,to_in_001,224
2024,가사5486,to_in_007,144
2024,가사5486,to_in_008,78
2024,가사5497,in_age_006,5
2024,가사5497,in_age_009,0
2024,가사5497,in_age_036,5
2024,가사5497,in_age_039,0
2024,가사5497,to_in_001,5
2024,가사5497,to_in_007,5
2024,가사5497,to_in_008,0
2024,가사5499,in_age_006,0
2024,가사5499,in_age_011,0
2024,가사5499,in_age_015,0
2024,가사5499,in_age_017,5
2024,가사5499,in_age_018,5
2024,가사5499,in_age_019,5
2024,가사5499,in_age_020,5
2024,가사5499,in_age_036,0
2024,가사5499,in_age_041,0
2024,가사5499,in_age_047,0
2024,가사5499,in_age_048,5
2024,가사5499,in_age_049,0
2024,가사5499,in_age_075,0
2024,가사5499,in_age_077,0
2024,가사5499,in_age_078,0
2024,가사5499,in_age_079,5
2024,가사5499,in_age_080,5
2024,가사5499,to_in_001,13
2024,가사5499,to_in_007,5
2024,가사5499,to_in_008,8
2024,가사5577,in_age_010,0
2024,가사5577,in_age_011,0
2024,가사5577,in_age_040,0
2024,가사5577,in_age_041,0
2024,가사5577,to_in_001,5
2024,가사5577,to_in_007,5
2024,가사5577,to_in_008,0
2024,가사5584,in_age_014,0
2024,가사5584,in_age_074,0
2024,가사5584,to_in_001,0
2024,가사5584,to_in_007,0
2024,가사5584,to_in_008,0
2024,가사5598,in_age_001,5
2024,가사5598,in_age_002,0
2024,가사5598,in_age_003,5
2024,가사5598,in_age_004,5
2024,가사5598,in_age_005,18
2024,가사5598,in_age_006,28
2024,가사5598,in_age_007,13
2024,가사5598,in_age_008,13
2024,가사5598,in_age_009,13
2024,가사5598,in_age_010,13
2024,가사5598,in_age_011,13
2024,가사5598,in_age_012,28
2024,가사5598,in_age_013,38
2024,가사5598,in_age_014,38
2024,가사5598,in_age_015,28
2024,가사5598,in_age_016,23
2024,가사5598,in_age_017,13
2024,가사5598,in_age_018,5
2024,가사5598,in_age_019,5
2024,가사5598,in_age_020,5
2024,가사5598,in_age_032,0
2024,가사5598,in_age_034,5
2024,가사5598,in_age_035,13
2024,가사5598,in_age_036,23
2024,가사5598,in_age_037,8
2024,가사5598,in_age_038,8
2024,가사5598,in_age_039,8
2024,가사5598,in_age_040,13
2024,가사5598,in_age_041,8
2024,가사5598,in_age_042,8
2024,가사5598,in_age_043,28
2024,가사5598,in_age_044,18
2024,가사5598,in_age_045,13
2024,가사5598,in_age_046,13
2024,가사5598,in_age_047,8
2024,가사5598,in_age_049,0
2024,가사5598,in_age_050,5
2024,가사5598,in_age_061,5
2024,가사5598,in_age_063,5
2024,가사5598,in_age_064,5
2024,가사5598,in_age_065,5
2024,가사5598,in_age_066,5
2024,가사5598,in_age_067,8
2024,가사5598,in_age_068,5
2024,가사5598,in_age_069,5
2024,가사5598,in_age_070,5
2024,가사5598,in_age_071,5
2024,가사5598,in_age_072,18
2024,가사5598,in_age_073,13
2024,가사5598,in_age_074,18
2024,가사5598,in_age_075,13
2024,가사5598,in_age_076,13
2024,가사5598,in_age_077,8
2024,가사5598,in_age_078,5
2024,가사5598,in_age_079,0
2024,가사5598,to_in_001,298
2024,가사5598,to_in_007,173
2024,가사5598,to_in_008,123
2024,가사5599,in_age_001,5
2024,가사5599,in_age_005,5
2024,가사5599,in_age_007,5
2024,가사5599,in_age_010,0
2024,가사5599,in_age_011,0
2024,가사5599,in_age_012,0
2024,가사5599,in_age_013,5
2024,가사5599,in_age_031,5
2024,가사5599,in_age_035,5
2024,가사5599,in_age_037,0
2024,가사5599,in_age_040,0
2024,가사5599,in_age_041,0
2024,가사5599,in_age_042,0
2024,가사5599,in_age_043,5
2024,가사5599,in_age_067,0
2024,가사5599,in_age_073,0
2024,가사5599,to_in_001,8
2024,가사5599,to_in_007,8
2024,가사5599,to_in_008,5
2024,가사5677,in_age_005,5
2024,가사5677,in_age_006,5
2024,가사5677,in_age_007,5
2024,가사5677,in_age_010,0
2024,가사5677,in_age_011,5
2024,가사5677,in_age_013,5
2024,가사5677,in_age_014,8
2024,가사5677,in_age_015,8
2024,가사5677,in_age_016,8
2024,가사5677,in_age_017,0
2024,가사5677,in_age_018,0
2024,가사5677,in_age_019,5
2024,가사5677,in_age_035,5
2024,가사5677,in_age_036,5
2024,가사5677,in_age_037,5
2024,가사5677,in_age_040,0
2024,가사5677,in_age_041,5
2024,가사5677,in_age_043,5
2024,가사5677,in_age_044,8
2024,가사5677,in_age_045,8
2024,가사5677,in_age_046,0
2024,가사5677,in_age_066,0
2024,가사5677,in_age_071,0
2024,가사5677,in_age_073,0
2024,가사5677,in_age_074,5
2024,가사5677,in_age_075,5
2024,가사5677,in_age_076,5
2024,가사5677,in_age_077,0
2024,가사5677,in_age_078,0
2024,가사5677,in_age_079,5
2024,가사5677,to_in_001,38
2024,가사5677,to_in_007,23
2024,가사5677,to_in_008,13
2024,가사5678,in_age_012,5
2024,가사5678,in_age_042,0
2024,가사5678,in_age_072,0
2024,가사5678,to_in_001,5
2024,가사5678,to_in_007,0
2024,가사5678,to_in_008,0
2024,가사5698,in_age_001,0
2024,가사5698,in_age_002,5
2024,가사5698,in_age_003,5
2024,가사5698,in_age_004,5
2024,가사5698,in_age_005,8
2024,가사5698,in_age_006,13
2024,가사5698,in_age_007,5
2024,가사5698,in_age_008,8
2024,가사5698,in_age_009,5
2024,가사5698,in_age_010,5
2024,가사5698,in_age_011,8
2024,가사5698,in_age_012,13
2024,가사5698,in_age_013,8
2024,가사5698,in_age_014,8
2024,가사5698,in_age_015,5
2024,가사5698,in_age_016,8
2024,가사5698,in_age_017,8
2024,가사5698,in_age_018,5
2024,가사5698,in_age_032,0
2024,가사5698,in_age_033,0
2024,가사5698,in_age_034,5
2024,가사5698,in_age_035,8
2024,가사5698,in_age_036,8
2024,가사5698,in_age_037,5
2024,가사5698,in_age_038,5
2024,가사5698,in_age_039,5
2024,가사5698,in_age_040,5
2024,가사5698,in_age_041,5
2024,가사5698,in_age_042,13
2024,가사5698,in_age_043,5
2024,가사5698,in_age_044,5
2024,가사5698,in_age_045,5
2024,가사5698,in_age_046,0
2024,가사5698,in_age_047,5
2024,가사5698,in_age_061,0
2024,가사5698,in_age_062,5
2024,가사5698,in_age_063,5
2024,가사5698,in_age_065,0
2024,가사5698,in_age_066,5
2024,가사5698,in_age_067,5
2024,가사5698,in_age_068,5
2024,가사5698,in_age_070,5
2024,가사5698,in_age_071,8
2024,가사5698,in_age_072,5
2024,가사5698,in_age_073,5
2024,가사5698,in_age_074,5
2024,가사5698,in_age_075,0
2024,가사5698,in_age_076,8
2024,가사5698,in_age_077,5
2024,가사5698,in_age_078,5
2024,가사5698,to_in_001,108
2024,가사5698,to_in_007,68
2024,가사5698,to_in_008,38
2024,가사5699,in_age_005,0
2024,가사5699,in_age_006,0
2024,가사5699,in_age_008,0
2024,가사5699,in_age_012,0
2024,가사5699,in_age_013,0
2024,가사5699,in_age_014,5
2024,가사5699,in_age_035,0
2024,가사5699,in_age_036,0
2024,가사5699,in_age_038,0
2024,가사5699,in_age_043,0
2024,가사5699,in_age_044,5
2024,가사5699,in_age_072,0
2024,가사5699,to_in_001,8
2024,가사5699,to_in_007,8
2024,가사5699,to_in_008,0
2024,가사5778,in_age_001,0
2024,가사5778,in_age_002,0
2024,가사5778,in_age_004,0
2024,가사5778,in_age_005,8
2024,가사5778,in_age_006,8
2024,가사5778,in_age_007,5
2024,가사5778,in_age_008,5
2024,가사5778,in_age_009,8
2024,가사5778,in_age_010,5
2024,가사5778,in_age_011,8
2024,가사5778,in_age_012,13
2024,가사5778,in_age_013,13
2024,가사5778,in_age_014,13
2024,가사5778,in_age_015,8
2024,가사5778,in_age_016,18
2024,가사5778,in_age_017,8
2024,가사5778,in_age_019,0
2024,가사5778,in_age_034,0
2024,가사5778,in_age_035,8
2024,가사5778,in_age_036,8
2024,가사5778,in_age_037,0
2024,가사5778,in_age_038,5
2024,가사5778,in_age_039,5
2024,가사5778,in_age_040,0
2024,가사5778,in_age_041,8
2024,가사5778,in_age_042,8
2024,가사5778,in_age_043,8
2024,가사5778,in_age_044,8
2024,가사5778,in_age_045,5
2024,가사5778,in_age_046,8
2024,가사5778,in_age_047,5
2024,가사5778,in_age_061,0
2024,가사5778,in_age_062,0
2024,가사5778,in_age_065,5
2024,가사5778,in_age_066,0
2024,가사5778,in_age_067,5
2024,가사5778,in_age_068,0
2024,가사5778,in_age_069,5
2024,가사5778,in_age_070,0
2024,가사5778,in_age_071,5
2024,가사5778,in_age_072,5
2024,가사5778,in_age_073,5
2024,가사5778,in_age_074,8
2024,가사5778,in_age_075,8
2024,가사5778,in_age_076,8
2024,가사5778,in_age_077,8
2024,가사5778,in_age_079,0
2024,가사5778,to_in_001,113
2024,가사5778,to_in_007,68
2024,가사5778,to_in_008,48
2024,가사5798,in_age_005,8
2024,가사5798,in_age_006,0
2024,가사5798,in_age_007,8
2024,가사5798,in_age_008,5
2024,가사5798,in_age_009,0
2024,가사5798,in_age_010,5
2024,가사5798,in_age_012,0
2024,가사5798,in_age_035,5
2024,가사5798,in_age_036,0
2024,가사5798,in_age_037,5
2024,가사5798,in_age_038,5
2024,가사5798,in_age_039,0
2024,가사5798,in_age_040,5
2024,가사5798,in_age_042,0
2024,가사5798,in_age_065,5
2024,가사5798,in_age_067,5
2024,가사5798,to_in_001,23
2024,가사5798,to_in_007,18
2024,가사5798,to_in_008,8
2024,가사5878,in_age_001,0
2024,가사5878,in_age_005,8
2024,가사5878,in_age_006,0
2024,가사5878,in_age_007,5
2024,가사5878,in_age_008,5
2024,가사5878,in_age_009,0
2024,가사5878,in_age_012,5
2024,가사5878,in_age_013,8
2024,가사5878,in_age_014,8
2024,가사5878,in_age_015,5
2024,가사5878,in_age_016,5
2024,가사5878,in_age_017,8
2024,가사5878,in_age_018,0
2024,가사5878,in_age_031,0
2024,가사5878,in_age_035,5
2024,가사5878,in_age_036,0
2024,가사5878,in_age_037,0
2024,가사5878,in_age_038,5
2024,가사5878,in_age_039,0
2024,가사5878,in_age_042,0
2024,가사5878,in_age_043,8
2024,가사5878,in_age_044,5
2024,가사5878,in_age_045,0
2024,가사5878,in_age_047,5
2024,가사5878,in_age_065,0
2024,가사5878,in_age_067,0
2024,가사5878,in_age_072,0
2024,가사5878,in_age_073,5
2024,가사5878,in_age_074,5
2024,가사5878,in_age_075,5
2024,가사5878,in_age_076,5
2024,가사5878,in_age_077,5
2024,가사5878,in_age_078,0
2024,가사5878,to_in_001,43
2024,가사5878,to_in_007,23
2024,가사5878,to_in_008,18
