2024,사사0047,in_age_001,5
2024,사사0047,in_age_002,8
2024,사사0047,in_age_003,13
2024,사사0047,in_age_004,8
2024,사사0047,in_age_005,13
2024,사사0047,in_age_006,19
2024,사사0047,in_age_007,13
2024,사사0047,in_age_008,13
2024,사사0047,in_age_009,18
2024,사사0047,in_age_010,23
2024,사사0047,in_age_011,34
2024,사사0047,in_age_012,23
2024,사사0047,in_age_013,18
2024,사사0047,in_age_014,29
2024,사사0047,in_age_015,18
2024,사사0047,in_age_016,13
2024,사사0047,in_age_017,13
2024,사사0047,in_age_018,8
2024,사사0047,in_age_019,0
2024,사사0047,in_age_031,0
2024,사사0047,in_age_032,0
2024,사사0047,in_age_033,8
2024,사사0047,in_age_034,0
2024,사사0047,in_age_035,8
2024,사사0047,in_age_036,19
2024,사사0047,in_age_037,13
2024,사사0047,in_age_038,8
2024,사사0047,in_age_039,13
2024,사사0047,in_age_040,13
2024,사사0047,in_age_041,24
2024,사사0047,in_age_042,18
2024,사사0047,in_age_043,13
2024,사사0047,in_age_044,19
2024,사사0047,in_age_045,8
2024,사사0047,in_age_046,8
2024,사사0047,in_age_047,5
2024,사사0047,in_age_048,5
2024,사사0047,in_age_049,0
2024,사사0047,in_age_061,0
2024,사사0047,in_age_062,8
2024,사사0047,in_age_063,5
2024,사사0047,in_age_064,8
2024,사사0047,in_age_065,5
2024,사사0047,in_age_066,0
2024,사사0047,in_age_067,5
2024,사사0047,in_age_068,0
2024,사사0047,in_age_069,5
2024,사사0047,in_age_070,8
2024,사사0047,in_age_071,8
2024,사사0047,in_age_072,8
2024,사사0047,in_age_073,8
2024,사사0047,in_age_074,13
2024,사사0047,in_age_075,8
2024,사사0047,in_age_076,8
2024,사사0047,in_age_077,8
2024,사사0047,in_age_078,5
2024,사사0047,to_in_001,271
2024,사사0047,to_in_007,181
2024,사사0047,to_in_008,88
2024,사사0048,in_age_001,18
2024,사사0048,in_age_002,34
2024,사사0048,in_age_003,48
2024,사사0048,in_age_004,33
2024,사사0048,in_age_005,23
2024,사사0048,in_age_006,77
2024,사사0048,in_age_007,70
2024,사사0048,in_age_008,73
2024,사사0048,in_age_009,89
2024,사사0048,in_age_010,97
2024,사사0048,in_age_011,110
2024,사사0048,in_age_012,136
2024,사사0048,in_age_013,136
2024,사사0048,in_age_014,86
2024,사사0048,in_age_015,70
2024,사사0048,in_age_016,55
2024,사사0048,in_age_017,38
2024,사사0048,in_age_018,19
2024,사사0048,in_age_019,5
2024,사사0048,in_age_031,5
2024,사사0048,in_age_032,19
2024,사사0048,in_age_033,23
2024,사사0048,in_age_034,18
2024,사사0048,in_age_035,13
2024,사사0048,in_age_036,52
2024,사사0048,in_age_037,45
2024,사사0048,in_age_038,42
2024,사사0048,in_age_039,48
2024,사사0048,in_age_040,57
2024,사사0048,in_age_041,63
2024,사사0048,in_age_042,70
2024,사사0048,in_age_043,78
2024,사사0048,in_age_044,43
2024,사사0048,in_age_045,33
2024,사사0048,in_age_046,25
2024,사사0048,in_age_047,13
2024,사사0048,in_age_048,8
2024,사사0048,in_age_061,13
2024,사사0048,in_age_062,18
2024,사사0048,in_age_063,23
2024,사사0048,in_age_064,18
2024,사사0048,in_age_065,8
2024,사사0048,in_age_066,28
2024,사사0048,in_age_067,28
2024,사사0048,in_age_068,29
2024,사사0048,in_age_069,44
2024,사사0048,in_age_070,43
2024,사사0048,in_age_071,45
2024,사사0048,in_age_072,64
2024,사사0048,in_age_073,56
2024,사사0048,in_age_074,41
2024,사사0048,in_age_075,35
2024,사사0048,in_age_076,28
2024,사사0048,in_age_077,23
2024,사사0048,in_age_078,14
2024,사사0048,in_age_079,5
2024,사사0048,to_in_001,1211
2024,사사0048,to_in_007,652
2024,사사0048,to_in_008,557
2024,사사0049,in_age_001,8
2024,사사0049,in_age_002,15
2024,사사0049,in_age_003,8
2024,사사0049,in_age_004,13
2024,사사0049,in_age_005,13
2024,사사0049,in_age_006,20
2024,사사0049,in_age_007,23
2024,사사0049,in_age_008,25
2024,사사0049,in_age_009,19
2024,사사0049,in_age_010,23
2024,사사0049,in_age_011,34
2024,사사0049,in_age_012,33
2024,사사0049,in_age_013,46
2024,사사0049,in_age_014,33
2024,사사0049,in_age_015,28
2024,사사0049,in_age_016,23
2024,사사0049,in_age_017,13
2024,사사0049,in_age_018,8
2024,사사0049,in_age_019,5
2024,사사0049,in_age_031,8
2024,사사0049,in_age_032,7
2024,사사0049,in_age_033,8
2024,사사0049,in_age_034,5
2024,사사0049,in_age_035,8
2024,사사0049,in_age_036,15
2024,사사0049,in_age_037,13
2024,사사0049,in_age_038,15
2024,사사0049,in_age_039,14
2024,사사0049,in_age_040,18
2024,사사0049,in_age_041,24
2024,사사0049,in_age_042,13
2024,사사0049,in_age_043,23
2024,사사0049,in_age_044,23
2024,사사0049,in_age_045,13
2024,사사0049,in_age_046,13
2024,사사0049,in_age_047,5
2024,사사0049,in_age_048,5
2024,사사0049,in_age_061,5
2024,사사0049,in_age_062,5
2024,사사0049,in_age_063,0
2024,사사0049,in_age_064,8
2024,사사0049,in_age_065,5
2024,사사0049,in_age_066,8
2024,사사0049,in_age_067,15
2024,사사0049,in_age_068,8
2024,사사0049,in_age_069,8
2024,사사0049,in_age_070,8
2024,사사0049,in_age_071,13
2024,사사0049,in_age_072,18
2024,사사0049,in_age_073,26
2024,사사0049,in_age_074,13
2024,사사0049,in_age_075,13
2024,사사0049,in_age_076,8
2024,사사0049,in_age_077,8
2024,사사0049,in_age_078,5
2024,사사0049,in_age_079,5
2024,사사0049,to_in_001,389
2024,사사0049,to_in_007,221
2024,사사0049,to_in_008,166
2024,사사0050,in_age_001,5
2024,사사0050,in_age_006,0
2024,사사0050,in_age_007,5
2024,사사0050,in_age_010,0
2024,사사0050,in_age_011,5
2024,사사0050,in_age_012,0
2024,사사0050,in_age_013,8
2024,사사0050,in_age_014,0
2024,사사0050,in_age_016,8
2024,사사0050,in_age_036,0
2024,사사0050,in_age_037,5
2024,사사0050,in_age_040,0
2024,사사0050,in_age_041,5
2024,사사0050,in_age_043,5
2024,사사0050,in_age_044,0
2024,사사0050,in_age_046,8
2024,사사0050,in_age_061,5
2024,사사0050,in_age_067,0
2024,사사0050,in_age_071,0
2024,사사0050,in_age_072,0
2024,사사0050,in_age_073,5
2024,사사0050,in_age_076,5
2024,사사0050,to_in_001,18
2024,사사0050,to_in_007,8
2024,사사0050,to_in_008,8
2024,사사0052,in_age_009,5
2024,사사0052,in_age_010,0
2024,사사0052,in_age_013,5
2024,사사0052,in_age_014,0
2024,사사0052,in_age_039,5
2024,사사0052,in_age_043,0
2024,사사0052,in_age_044,0
2024,사사0052,in_age_070,0
2024,사사0052,in_age_073,0
2024,사사0052,to_in_001,5
2024,사사0052,to_in_007,5
2024,사사0052,to_in_008,5
2024,사사0053,in_age_001,0
2024,사사0053,in_age_006,5
2024,사사0053,in_age_009,0
2024,사사0053,in_age_010,5
2024,사사0053,in_age_011,5
2024,사사0053,in_age_012,0
2024,사사0053,in_age_013,5
2024,사사0053,in_age_014,5
2024,사사0053,in_age_015,5
2024,사사0053,in_age_016,5
2024,사사0053,in_age_019,5
2024,사사0053,in_age_036,5
2024,사사0053,in_age_041,0
2024,사사0053,in_age_043,5
2024,사사0053,in_age_044,5
2024,사사0053,in_age_045,5
2024,사사0053,in_age_046,0
2024,사사0053,in_age_061,0
2024,사사0053,in_age_066,0
2024,사사0053,in_age_069,0
2024,사사0053,in_age_070,5
2024,사사0053,in_age_071,5
2024,사사0053,in_age_072,0
2024,사사0053,in_age_073,0
2024,사사0053,in_age_074,5
2024,사사0053,in_age_076,0
2024,사사0053,in_age_079,5
2024,사사0053,to_in_001,23
2024,사사0053,to_in_007,13
2024,사사0053,to_in_008,13
2024,사사0054,in_age_003,0
2024,사사0054,in_age_004,0
2024,사사0054,in_age_006,0
2024,사사0054,in_age_009,0
2024,사사0054,in_age_010,0
2024,사사0054,in_age_011,0
2024,사사0054,in_age_012,8
2024,사사0054,in_age_013,5
2024,사사0054,in_age_014,8
2024,사사0054,in_age_015,5
2024,사사0054,in_age_017,5
2024,사사0054,in_age_018,8
2024,사사0054,in_age_033,0
2024,사사0054,in_age_036,0
2024,사사0054,in_age_039,0
2024,사사0054,in_age_040,0
2024,사사0054,in_age_042,5
2024,사사0054,in_age_043,0
2024,사사0054,in_age_044,8
2024,사사0054,in_age_045,5
2024,사사0054,in_age_048,8
2024,사사0054,in_age_064,0
2024,사사0054,in_age_071,0
2024,사사0054,in_age_072,5
2024,사사0054,in_age_073,0
2024,사사0054,in_age_074,5
2024,사사0054,in_age_077,5
2024,사사0054,to_in_001,23
2024,사사0054,to_in_007,13
2024,사사0054,to_in_008,8
2024,사사0055,in_age_006,5
2024,사사0055,in_age_009,5
2024,사사0055,in_age_011,0
2024,사사0055,in_age_013,0
2024,사사0055,in_age_014,5
2024,사사0055,in_age_039,0
2024,사사0055,in_age_041,0
2024,사사0055,in_age_044,0
2024,사사0055,in_age_066,5
2024,사사0055,in_age_069,5
2024,사사0055,in_age_073,0
2024,사사0055,in_age_074,0
2024,사사0055,to_in_001,8
2024,사사0055,to_in_007,5
2024,사사0055,to_in_008,8
2024,사사0147,in_age_012,5
2024,사사0147,in_age_042,0
2024,사사0147,in_age_072,0
2024,사사0147,to_in_001,5
2024,사사0147,to_in_007,0
2024,사사0147,to_in_008,0
2024,사사0148,in_age_001,23
2024,사사0148,in_age_002,18
2024,사사0148,in_age_003,33
2024,사사0148,in_age_004,28
2024,사사0148,in_age_005,33
2024,사사0148,in_age_006,75
2024,사사0148,in_age_007,67
2024,사사0148,in_age_008,68
2024,사사0148,in_age_009,87
2024,사사0148,in_age_010,98
2024,사사0148,in_age_011,125
2024,사사0148,in_age_012,130
2024,사사0148,in_age_013,123
2024,사사0148,in_age_014,152
2024,사사0148,in_age_015,95
2024,사사0148,in_age_016,66
2024,사사0148,in_age_017,49
2024,사사0148,in_age_018,23
2024,사사0148,in_age_019,8
2024,사사0148,in_age_031,18
2024,사사0148,in_age_032,13
2024,사사0148,in_age_033,18
2024,사사0148,in_age_034,13
2024,사사0148,in_age_035,23
2024,사사0148,in_age_036,50
2024,사사0148,in_age_037,42
2024,사사0148,in_age_038,47
2024,사사0148,in_age_039,57
2024,사사0148,in_age_040,62
2024,사사0148,in_age_041,82
2024,사사0148,in_age_042,74
2024,사사0148,in_age_043,56
2024,사사0148,in_age_044,71
2024,사사0148,in_age_045,41
2024,사사0148,in_age_046,28
2024,사사0148,in_age_047,18
2024,사사0148,in_age_048,8
2024,사사0148,in_age_049,5
2024,사사0148,in_age_061,8
2024,사사0148,in_age_062,8
2024,사사0148,in_age_063,13
2024,사사0148,in_age_064,13
2024,사사0148,in_age_065,13
2024,사사0148,in_age_066,23
2024,사사0148,in_age_067,28
2024,사사0148,in_age_068,24
2024,사사0148,in_age_069,33
2024,사사0148,in_age_070,34
2024,사사0148,in_age_071,41
2024,사사0148,in_age_072,54
2024,사사0148,in_age_073,65
2024,사사0148,in_age_074,79
2024,사사0148,in_age_075,52
2024,사사0148,in_age_076,36
2024,사사0148,in_age_077,29
2024,사사0148,in_age_078,13
2024,사사0148,in_age_079,8
2024,사사0148,to_in_001,1297
2024,사사0148,to_in_007,720
2024,사사0148,to_in_008,575
2024,사사0149,in_age_001,33
2024,사사0149,in_age_002,38
2024,사사0149,in_age_003,63
2024,사사0149,in_age_004,48
2024,사사0149,in_age_005,48
2024,사사0149,in_age_006,106
2024,사사0149,in_age_007,116
2024,사사0149,in_age_008,116
2024,사사0149,in_age_009,157
2024,사사0149,in_age_010,143
2024,사사0149,in_age_011,239
2024,사사0149,in_age_012,210
2024,사사0149,in_age_013,234
2024,사사0149,in_age_014,189
2024,사사0149,in_age_015,140
2024,사사0149,in_age_016,97
2024,사사0149,in_age_017,58
2024,사사0149,in_age_018,28
2024,사사0149,in_age_019,8
2024,사사0149,in_age_020,8
2024,사사0149,in_age_031,13
2024,사사0149,in_age_032,18
2024,사사0149,in_age_033,28
2024,사사0149,in_age_034,18
2024,사사0149,in_age_035,33
2024,사사0149,in_age_036,75
2024,사사0149,in_age_037,86
2024,사사0149,in_age_038,75
2024,사사0149,in_age_039,100
2024,사사0149,in_age_040,91
2024,사사0149,in_age_041,151
2024,사사0149,in_age_042,128
2024,사사0149,in_age_043,126
2024,사사0149,in_age_044,95
2024,사사0149,in_age_045,77
2024,사사0149,in_age_046,44
2024,사사0149,in_age_047,18
2024,사사0149,in_age_048,13
2024,사사0149,in_age_049,5
2024,사사0149,in_age_050,8
2024,사사0149,in_age_061,18
2024,사사0149,in_age_062,18
2024,사사0149,in_age_063,38
2024,사사0149,in_age_064,33
2024,사사0149,in_age_065,13
2024,사사0149,in_age_066,29
2024,사사0149,in_age_067,33
2024,사사0149,in_age_068,44
2024,사사0149,in_age_069,55
2024,사사0149,in_age_070,55
2024,사사0149,in_age_071,91
2024,사사0149,in_age_072,80
2024,사사0149,in_age_073,106
2024,사사0149,in_age_074,97
2024,사사0149,in_age_075,66
2024,사사0149,in_age_076,51
2024,사사0149,in_age_077,43
2024,사사0149,in_age_078,13
2024,사사0149,in_age_079,5
2024,사사0149,in_age_080,0
2024,사사0149,to_in_001,2067
2024,사사0149,to_in_007,1188
2024,사사0149,to_in_008,882
2024,사사0150,in_age_001,5
2024,사사0150,in_age_002,0
2024,사사0150,in_age_003,5
2024,사사0150,in_age_004,5
2024,사사0150,in_age_005,5
2024,사사0150,in_age_006,13
2024,사사0150,in_age_007,8
2024,사사0150,in_age_008,5
2024,사사0150,in_age_009,5
2024,사사0150,in_age_010,8
2024,사사0150,in_age_011,13
2024,사사0150,in_age_012,28
2024,사사0150,in_age_013,33
2024,사사0150,in_age_014,18
2024,사사0150,in_age_015,13
2024,사사0150,in_age_016,18
2024,사사0150,in_age_017,8
2024,사사0150,in_age_018,5
2024,사사0150,in_age_019,0
2024,사사0150,in_age_032,0
2024,사사0150,in_age_033,0
2024,사사0150,in_age_034,5
2024,사사0150,in_age_035,5
2024,사사0150,in_age_036,8
2024,사사0150,in_age_037,8
2024,사사0150,in_age_038,5
2024,사사0150,in_age_039,5
2024,사사0150,in_age_040,8
2024,사사0150,in_age_041,8
2024,사사0150,in_age_042,13
2024,사사0150,in_age_043,18
2024,사사0150,in_age_044,13
2024,사사0150,in_age_045,5
2024,사사0150,in_age_046,8
2024,사사0150,in_age_047,5
2024,사사0150,in_age_048,0
2024,사사0150,in_age_061,5
2024,사사0150,in_age_063,5
2024,사사0150,in_age_064,0
2024,사사0150,in_age_065,0
2024,사사0150,in_age_066,5
2024,사사0150,in_age_067,5
2024,사사0150,in_age_068,0
2024,사사0150,in_age_070,5
2024,사사0150,in_age_071,8
2024,사사0150,in_age_072,13
2024,사사0150,in_age_073,13
2024,사사0150,in_age_074,8
2024,사사0150,in_age_075,8
2024,사사0150,in_age_076,8
2024,사사0150,in_age_077,5
2024,사사0150,in_age_078,5
2024,사사0150,in_age_079,0
2024,사사0150,to_in_001,183
2024,사사0150,to_in_007,103
2024,사사0150,to_in_008,83
2024,사사0151,in_age_013,0
2024,사사0151,in_age_073,0
2024,사사0151,to_in_001,0
2024,사사0151,to_in_007,0
2024,사사0151,to_in_008,0
2024,사사0153,in_age_007,0
2024,사사0153,in_age_009,0
2024,사사0153,in_age_011,0
2024,사사0153,in_age_014,0
2024,사사0153,in_age_039,0
2024,사사0153,in_age_041,0
2024,사사0153,in_age_044,0
2024,사사0153,in_age_067,0
2024,사사0153,to_in_001,5
2024,사사0153,to_in_007,5
2024,사사0153,to_in_008,0
2024,사사0154,in_age_003,0
2024,사사0154,in_age_007,0
2024,사사0154,in_age_008,0
2024,사사0154,in_age_009,0
2024,사사0154,in_age_010,0
2024,사사0154,in_age_011,0
2024,사사0154,in_age_012,5
2024,사사0154,in_age_014,0
2024,사사0154,in_age_016,5
2024,사사0154,in_age_017,0
2024,사사0154,in_age_033,0
2024,사사0154,in_age_037,0
2024,사사0154,in_age_038,0
2024,사사0154,in_age_039,0
2024,사사0154,in_age_040,0
2024,사사0154,in_age_042,0
2024,사사0154,in_age_044,0
2024,사사0154,in_age_047,0
2024,사사0154,in_age_071,0
2024,사사0154,in_age_072,5
2024,사사0154,in_age_076,5
2024,사사0154,to_in_001,13
2024,사사0154,to_in_007,8
2024,사사0154,to_in_008,5
2024,사사0248,in_age_010,8
2024,사사0248,in_age_011,5
2024,사사0248,in_age_012,0
2024,사사0248,in_age_040,5
2024,사사0248,in_age_041,5
2024,사사0248,in_age_042,0
2024,사사0248,in_age_070,5
2024,사사0248,to_in_001,8
2024,사사0248,to_in_007,8
2024,사사0248,to_in_008,5
2024,사사0353,in_age_012,0
2024,사사0353,in_age_042,0
2024,사사0353,to_in_001,0
2024,사사0353,to_in_007,0
2024,사사0353,to_in_008,0
2024,사사8724,in_age_007,0
2024,사사8724,in_age_010,0
2024,사사8724,in_age_011,0
2024,사사8724,in_age_012,0
2024,사사8724,in_age_018,0
2024,사사8724,in_age_037,0
2024,사사8724,in_age_040,0
2024,사사8724,in_age_041,0
2024,사사8724,in_age_042,0
2024,사사8724,in_age_078,0
2024,사사8724,to_in_001,8
2024,사사8724,to_in_007,8
2024,사사8724,to_in_008,0
